Section,"Section ID","Section Order ID","Field Name","Field Id","Field Order Id","Custom field","Custom field type","Custom field (Options)","Custom field validation","Field Enabled/Disabled","Applicable to (1-All, 2- User assignments, 3 - company","Applicable to (Country & Company) - Companies","Applicable to - User assignments tagged","Unique Identifier","Public profile","Critical field","Employee addition Mandatory","Employee addition Mandatory - Applicable Employee Types","Employee activation Mandatory ","Employee activation Mandatory - Applicable Employee Types","Local Aliases ","Local Aliases - Country & Alias","Local Aliases - User Assignments","Permissions - View","Permissions - Create & view","Permissions - Edit & view","Permissions - Delete","Permissions - Download","Profile view section- Approvers","Profile view section - Additional Recipients","profile view section - No action before completion ","profile view section - Archival of task ","profile view section - Archive tasks in number of days from trigger","Candidate Profile","Candidate Profile Mandatory","Enabled for Recruitment","Default Job Application Settings - Careers View","Default Job Application Settings - Careers Mandatory","Default Job Application Settings - IJP View","Default Job Application Settings - IJP Mandatory","Default Job Application Settings - Refer View","Default Job Application Settings - Refer Mandatory","Default Job Application Settings - PreOffer View","Default Job Application Settings - PreOffer Mandatory","Default Job Application Settings - View Permission","Default Job Application Settings - Edit Permission","PreOffer View Permission- View","PreOffer Permission- Edit","Candidate Profile View Permission- View","Candidate Profile View Permission- Edit",Masking,"Masking Type","Number Separator","Allow Decimals"
"Common Profile",common,1,"Profile Picture",profile_pic,1,No,,,,Enabled,ALL,,,Disabled,Enabled,Disabled,Disabled,,Disabled,,Disabled,,,,,,,,,,Disabled,Disabled,,Disabled,Disabled,Disabled,Disabled,Disabled,Disabled,Disabled,Disabled,Disabled,Disabled,Disabled,,,,,,,Disabled,,NA,Disabled
"Common Profile",common,1,"First Name",firstname,2,No,,,,Enabled,ALL,,,Disabled,Enabled,Disabled,Disabled,,Disabled,,Disabled,,,,,,,,,,Disabled,Disabled,,Disabled,Disabled,Disabled,Disabled,Disabled,Disabled,Disabled,Disabled,Disabled,Disabled,Disabled,,,,,,,Disabled,,NA,Disabled
"Common Profile",common,1,"Last Name",lastname,3,No,,,,Enabled,ALL,,,Disabled,Enabled,Disabled,Disabled,,Disabled,,Disabled,,,,,,,,,,Disabled,Disabled,,Disabled,Disabled,Disabled,Disabled,Disabled,Disabled,Disabled,Disabled,Disabled,Disabled,Disabled,,,,,,,Disabled,,NA,Disabled
"Common Profile",common,1,"Middle Name",middlename,4,No,,,,Disabled,ALL,,,Disabled,Enabled,Disabled,Disabled,,Disabled,,Disabled,,,,,,,,,,Disabled,Disabled,,Disabled,Disabled,Disabled,Disabled,Disabled,Disabled,Disabled,Disabled,Disabled,Disabled,Disabled,,,,,,,Disabled,,NA,Disabled
"Common Profile",common,1,"Local First Name",local_first_name,5,No,,,,Disabled,ALL,,,Disabled,Enabled,Disabled,Disabled,,Disabled,,Disabled,,,,,,,,,,Disabled,Disabled,,Disabled,Disabled,Disabled,Disabled,Disabled,Disabled,Disabled,Disabled,Disabled,Disabled,Disabled,,,,,,,Disabled,,NA,Disabled
"Common Profile",common,1,"Local Middle Name",local_middle_name,6,No,,,,Disabled,ALL,,,Disabled,Enabled,Disabled,Disabled,,Disabled,,Disabled,,,,,,,,,,Disabled,Disabled,,Disabled,Disabled,Disabled,Disabled,Disabled,Disabled,Disabled,Disabled,Disabled,Disabled,Disabled,,,,,,,Disabled,,NA,Disabled
"Common Profile",common,1,"Local Last Name",local_last_name,7,No,,,,Disabled,ALL,,,Disabled,Enabled,Disabled,Disabled,,Disabled,,Disabled,,,,,,,,,,Disabled,Disabled,,Disabled,Disabled,Disabled,Disabled,Disabled,Disabled,Disabled,Disabled,Disabled,Disabled,Disabled,,,,,,,Disabled,,NA,Disabled
"Common Profile",common,1,"Local Full Name",local_full_name,8,No,,,,Disabled,ALL,,,Disabled,Enabled,Disabled,Disabled,,Disabled,,Disabled,,,,,,,,,,Disabled,Disabled,,Disabled,Disabled,Disabled,Disabled,Disabled,Disabled,Disabled,Disabled,Disabled,Disabled,Disabled,,,,,,,Disabled,,NA,Disabled
"Common Profile",common,1,"Employee ID",employee_id,9,No,,,,Enabled,ALL,,,Disabled,Enabled,Disabled,Disabled,,Disabled,,Disabled,,,"Admin|HRBP|Accounts - Payroll|HR Team",,,,,,,Disabled,Disabled,,Disabled,Disabled,Disabled,Disabled,Disabled,Disabled,Disabled,Disabled,Disabled,Disabled,Disabled,,,,,,,Disabled,,NA,Disabled
"Common Profile",common,1,"Email ID",email_id,10,No,,,,Enabled,ALL,,,Disabled,Enabled,Disabled,Disabled,,Disabled,,Disabled,,,,,,,,,,Disabled,Disabled,,Disabled,Disabled,Disabled,Disabled,Disabled,Disabled,Disabled,Disabled,Disabled,Disabled,Disabled,,,,,,,Disabled,,NA,Disabled
"Common Profile",common,1,"Current Designation",designation,11,No,,,,Enabled,ALL,,,Disabled,Enabled,Disabled,Disabled,,Disabled,,Disabled,,,,,,,,,,Disabled,Disabled,,Disabled,Disabled,Disabled,Disabled,Disabled,Disabled,Disabled,Disabled,Disabled,Disabled,Disabled,,,,,,,Disabled,,NA,Disabled
"Common Profile",common,1,Department,department,12,No,,,,Enabled,ALL,,,Disabled,Enabled,Disabled,Disabled,,Disabled,,Disabled,,,,,,,,,,Disabled,Disabled,,Disabled,Disabled,Disabled,Disabled,Disabled,Disabled,Disabled,Disabled,Disabled,Disabled,Disabled,,,,,,,Disabled,,NA,Disabled
"Common Profile",common,1,"Current location",current_location,13,No,,,,Enabled,ALL,,,Disabled,Enabled,Disabled,Disabled,,Disabled,,Disabled,,,,,,,,,,Disabled,Disabled,,Disabled,Disabled,Disabled,Disabled,Disabled,Disabled,Disabled,Disabled,Disabled,Disabled,Disabled,,,,,,,Disabled,,NA,Disabled
"Common Profile",common,1,"Office Location Head",current_location_head,14,No,,,,Disabled,ALL,,,Disabled,Enabled,Disabled,Disabled,,Disabled,,Disabled,,,,,,,,,,Disabled,Disabled,,Disabled,Disabled,Disabled,Disabled,Disabled,Disabled,Disabled,Disabled,Disabled,Disabled,Disabled,,,,,,,Disabled,,NA,Disabled
"Common Profile",common,1,"Current Country",current_country,15,No,,,,Disabled,ALL,,,Disabled,Enabled,Disabled,Disabled,,Disabled,,Disabled,,,,,,,,,,Disabled,Disabled,,Disabled,Disabled,Disabled,Disabled,Disabled,Disabled,Disabled,Disabled,Disabled,Disabled,Disabled,,,,,,,Disabled,,NA,Disabled
"Common Profile",common,1,"Office Mobile Number",office_mobile_no,16,No,,,,Enabled,ALL,,,Disabled,Enabled,Disabled,Disabled,,Disabled,,Disabled,,,,,,,,,,Disabled,Disabled,,Disabled,Disabled,Disabled,Disabled,Disabled,Disabled,Disabled,Disabled,Disabled,Disabled,Disabled,,,,,,,Disabled,,NA,Disabled
"Common Profile",common,1,"Emergency Contact Name",emergency_contact_name,17,No,,,,Disabled,ALL,,,Disabled,Enabled,Disabled,Disabled,,Disabled,,Disabled,,,,,,,,,,Disabled,Disabled,,Disabled,Disabled,Disabled,Disabled,Disabled,Disabled,Disabled,Disabled,Disabled,Disabled,Disabled,,,,,,,Disabled,,NA,Disabled
"Common Profile",common,1,"Emergency Contact Number",emergency_contact_number,18,No,,,,Disabled,ALL,,,Disabled,Enabled,Disabled,Disabled,,Disabled,,Disabled,,,,,,,,,,Disabled,Disabled,,Disabled,Disabled,Disabled,Disabled,Disabled,Disabled,Disabled,Disabled,Disabled,Disabled,Disabled,,,,,,,Disabled,,NA,Disabled
"Common Profile",common,1,"Reactivated by",reactivated_by,19,No,,,,Disabled,ALL,,,Disabled,Enabled,Disabled,Disabled,,Disabled,,Disabled,,,,,,,,,,Disabled,Disabled,,Disabled,Disabled,Disabled,Disabled,Disabled,Disabled,Disabled,Disabled,Disabled,Disabled,Disabled,,,,,,,Disabled,,NA,Disabled
"Common Profile",common,1,"Reactivated on",reactivated_on,20,No,,,,Disabled,ALL,,,Disabled,Enabled,Disabled,Disabled,,Disabled,,Disabled,,,,,,,,,,Disabled,Disabled,,Disabled,Disabled,Disabled,Disabled,Disabled,Disabled,Disabled,Disabled,Disabled,Disabled,Disabled,,,,,,,Disabled,,NA,Disabled
"Common Profile",common,1,"Date of resignation",notice_period_start_date,21,No,,,,Disabled,ALL,,,Disabled,Enabled,Disabled,Disabled,,Disabled,,Disabled,,,,,,,,,,Disabled,Disabled,,Disabled,Disabled,Disabled,Disabled,Disabled,Disabled,Disabled,Disabled,Disabled,Disabled,Disabled,,,,,,,Disabled,,NA,Disabled
"Common Profile",common,1,"Date of Separation",deactivate_date,22,No,,,,Enabled,ALL,,,Disabled,Enabled,Disabled,Disabled,,Disabled,,Disabled,,,Admin,,,,,,,Disabled,Disabled,,Disabled,Disabled,Disabled,Disabled,Disabled,Disabled,Disabled,Disabled,Disabled,Disabled,Disabled,,,,,,,Disabled,,NA,Disabled
"Common Profile",common,1,"Deactivation reason",deactivate_reason,23,No,,,,Disabled,ALL,,,Disabled,Enabled,Disabled,Disabled,,Disabled,,Disabled,,,,,,,,,,Disabled,Disabled,,Disabled,Disabled,Disabled,Disabled,Disabled,Disabled,Disabled,Disabled,Disabled,Disabled,Disabled,,,,,,,Disabled,,NA,Disabled
"Common Profile",common,1,"Reactivated reason",reactivation_reason,24,No,,,,Disabled,ALL,,,Disabled,Enabled,Disabled,Disabled,,Disabled,,Disabled,,,,,,,,,,Disabled,Disabled,,Disabled,Disabled,Disabled,Disabled,Disabled,Disabled,Disabled,Disabled,Disabled,Disabled,Disabled,,,,,,,Disabled,,NA,Disabled
"Common Profile",common,1,"Designation Code",designation_code,25,No,,,,Disabled,ALL,,,Disabled,Enabled,Disabled,Disabled,,Disabled,,Disabled,,,,,,,,,,Disabled,Disabled,,Disabled,Disabled,Disabled,Disabled,Disabled,Disabled,Disabled,Disabled,Disabled,Disabled,Disabled,,,,,,,Disabled,,NA,Disabled
"Common Profile",common,1,"Department Code",department_code,26,No,,,,Disabled,ALL,,,Disabled,Enabled,Disabled,Disabled,,Disabled,,Disabled,,,,,,,,,,Disabled,Disabled,,Disabled,Disabled,Disabled,Disabled,Disabled,Disabled,Disabled,Disabled,Disabled,Disabled,Disabled,,,,,,,Disabled,,NA,Disabled
"Common Profile",common,1,"Location Code",work_area_code,27,No,,,,Disabled,ALL,,,Disabled,Enabled,Disabled,Disabled,,Disabled,,Disabled,,,,,,,,,,Disabled,Disabled,,Disabled,Disabled,Disabled,Disabled,Disabled,Disabled,Disabled,Disabled,Disabled,Disabled,Disabled,,,,,,,Disabled,,NA,Disabled
"Common Profile",common,1,"Location Area",work_location_area,28,No,,,,Disabled,ALL,,,Disabled,Enabled,Disabled,Disabled,,Disabled,,Disabled,,,,,,,,,,Disabled,Disabled,,Disabled,Disabled,Disabled,Disabled,Disabled,Disabled,Disabled,Disabled,Disabled,Disabled,Disabled,,,,,,,Disabled,,NA,Disabled
"Common Profile",common,1,HOD,hod,29,No,,,,Disabled,ALL,,,Disabled,Enabled,Disabled,Disabled,,Disabled,,Disabled,,,Admin|Manager|,,,,,,,Disabled,Disabled,,Disabled,Disabled,Disabled,Disabled,Disabled,Disabled,Disabled,Disabled,Disabled,Disabled,Disabled,,,,,,,Disabled,,NA,Disabled
"Common Profile",common,1,Band,band,30,No,,,,Disabled,ALL,,,Disabled,Enabled,Disabled,Disabled,,Disabled,,Disabled,,,,,,,,,,Disabled,Disabled,,Disabled,Disabled,Disabled,Disabled,Disabled,Disabled,Disabled,Disabled,Disabled,Disabled,Disabled,,,,,,,Disabled,,NA,Disabled
"Common Profile",common,1,"Band Code",band_code,31,No,,,,Disabled,ALL,,,Disabled,Enabled,Disabled,Disabled,,Disabled,,Disabled,,,,,,,,,,Disabled,Disabled,,Disabled,Disabled,Disabled,Disabled,Disabled,Disabled,Disabled,Disabled,Disabled,Disabled,Disabled,,,,,,,Disabled,,NA,Disabled
"Common Profile",common,1,Grade,grade,32,No,,,,Disabled,ALL,,,Disabled,Enabled,Disabled,Disabled,,Disabled,,Disabled,,,,,,,,,,Disabled,Disabled,,Disabled,Disabled,Disabled,Disabled,Disabled,Disabled,Disabled,Disabled,Disabled,Disabled,Disabled,,,,,,,Disabled,,NA,Disabled
"Common Profile",common,1,"Grade Code",grade_code,33,No,,,,Disabled,ALL,,,Disabled,Enabled,Disabled,Disabled,,Disabled,,Disabled,,,,,,,,,,Disabled,Disabled,,Disabled,Disabled,Disabled,Disabled,Disabled,Disabled,Disabled,Disabled,Disabled,Disabled,Disabled,,,,,,,Disabled,,NA,Disabled
"Common Profile",common,1,"Date of Joining",date_of_joining,34,No,,,,Enabled,ALL,,,Disabled,Enabled,Disabled,Disabled,,Disabled,,Disabled,,,"Accounts - Payroll",,,,,,,Disabled,Disabled,,Disabled,Disabled,Disabled,Disabled,Disabled,Disabled,Disabled,Disabled,Disabled,Disabled,Disabled,,,,,,,Disabled,,NA,Disabled
"Common Profile",common,1,"Date of Confirmation",date_of_confirmation,35,No,,,,Disabled,ALL,,,Disabled,Enabled,Disabled,Disabled,,Disabled,,Disabled,,,,,,,,,,Disabled,Disabled,,Disabled,Disabled,Disabled,Disabled,Disabled,Disabled,Disabled,Disabled,Disabled,Disabled,Disabled,,,,,,,Disabled,,NA,Disabled
"Common Profile",common,1,"Blood group",blood_group,36,No,,,,Enabled,ALL,,,Disabled,Enabled,Disabled,Disabled,,Disabled,,Disabled,,,,,,,,,,Disabled,Disabled,,Disabled,Disabled,Disabled,Disabled,Disabled,Disabled,Disabled,Disabled,Disabled,Disabled,Disabled,,,,,,,Disabled,,NA,Disabled
"Common Profile",common,1,Company,company,37,No,,,,Disabled,ALL,,,Disabled,Enabled,Disabled,Disabled,,Disabled,,Disabled,,,,,,,,,,Disabled,Disabled,,Disabled,Disabled,Disabled,Disabled,Disabled,Disabled,Disabled,Disabled,Disabled,Disabled,Disabled,,,,,,,Disabled,,NA,Disabled
"Common Profile",common,1,"Division Code",division_code,38,No,,,,Disabled,ALL,,,Disabled,Enabled,Disabled,Disabled,,Disabled,,Disabled,,,Admin|Self,,,,,,,Disabled,Disabled,,Disabled,Disabled,Disabled,Disabled,Disabled,Disabled,Disabled,Disabled,Disabled,Disabled,Disabled,,,,,,,Disabled,,NA,Disabled
"Common Profile",common,1,"Division Name",division_name,39,No,,,,Disabled,ALL,,,Disabled,Enabled,Disabled,Disabled,,Disabled,,Disabled,,,Admin|Self,,,,,,,Disabled,Disabled,,Disabled,Disabled,Disabled,Disabled,Disabled,Disabled,Disabled,Disabled,Disabled,Disabled,Disabled,,,,,,,Disabled,,NA,Disabled
"Common Profile",common,1,"Business Unit",business_unit,40,No,,,,Disabled,ALL,,,Disabled,Enabled,Disabled,Disabled,,Disabled,,Disabled,,,,,,,,,,Disabled,Disabled,,Disabled,Disabled,Disabled,Disabled,Disabled,Disabled,Disabled,Disabled,Disabled,Disabled,Disabled,,,,,,,Disabled,,NA,Disabled
"Common Profile",common,1,"Job level",job_level,41,No,,,,Disabled,ALL,,,Disabled,Enabled,Disabled,Disabled,,Disabled,,Disabled,,,,,,,,,,Disabled,Disabled,,Disabled,Disabled,Disabled,Disabled,Disabled,Disabled,Disabled,Disabled,Disabled,Disabled,Disabled,,,,,,,Disabled,,NA,Disabled
"Common Profile",common,1,"Employee type",employee_type,42,No,,,,Disabled,ALL,,,Disabled,Enabled,Disabled,Disabled,,Disabled,,Disabled,,,,,,,,,,Disabled,Disabled,,Disabled,Disabled,Disabled,Disabled,Disabled,Disabled,Disabled,Disabled,Disabled,Disabled,Disabled,,,,,,,Disabled,,NA,Disabled
"Common Profile",common,1,"Employee Sub Type",employee_sub_type,43,No,,,,Disabled,ALL,,,Disabled,Enabled,Disabled,Disabled,,Disabled,,Disabled,,,,,,,,,,Disabled,Disabled,,Disabled,Disabled,Disabled,Disabled,Disabled,Disabled,Disabled,Disabled,Disabled,Disabled,Disabled,,,,,,,Disabled,,NA,Disabled
"Common Profile",common,1,"Dotted line manager",dotted_line_manager,44,No,,,,Enabled,ALL,,,Disabled,Enabled,Disabled,Disabled,,Disabled,,Disabled,,,,,,,,,,Disabled,Disabled,,Disabled,Disabled,Disabled,Disabled,Disabled,Disabled,Disabled,Disabled,Disabled,Disabled,Disabled,,,,,,,Disabled,,NA,Disabled
"Common Profile",common,1,"Cost Centre Name",cost_center,45,No,,,,Disabled,ALL,,,Disabled,Enabled,Disabled,Disabled,,Disabled,,Disabled,,,,,,,,,,Disabled,Disabled,,Disabled,Disabled,Disabled,Disabled,Disabled,Disabled,Disabled,Disabled,Disabled,Disabled,Disabled,,,,,,,Disabled,,NA,Disabled
"Common Profile",common,1,"Assigned Permission",permission_name,46,No,,,,Disabled,ALL,,,Disabled,Enabled,Disabled,Disabled,,Disabled,,Disabled,,,,,,,,,,Disabled,Disabled,,Disabled,Disabled,Disabled,Disabled,Disabled,Disabled,Disabled,Disabled,Disabled,Disabled,Disabled,,,,,,,Disabled,,NA,Disabled
"Common Profile",common,1,"Performance designation & department",pms_designation,47,No,,,,Disabled,ALL,,,Disabled,Enabled,Disabled,Disabled,,Disabled,,Disabled,,,,,,,,,,Disabled,Disabled,,Disabled,Disabled,Disabled,Disabled,Disabled,Disabled,Disabled,Disabled,Disabled,Disabled,Disabled,,,,,,,Disabled,,NA,Disabled
"Common Profile",common,1,"HRBP Role",hrbp_role,48,No,,,,Enabled,ALL,,,Disabled,Enabled,Disabled,Disabled,,Disabled,,Disabled,,,"Admin|Self|HRBP|Manager|Core Admin|Deepta Mathur Employee Data View|Chaithra Palladka & Rina Patel|Shreshta Alawandi Employee Data and Confirmation||Jennifer Employee Data View & Onboarding",,,,,,,Disabled,Disabled,,Disabled,Disabled,Disabled,Disabled,Disabled,Disabled,Disabled,Disabled,Disabled,Disabled,Disabled,,,,,,,Disabled,,NA,Disabled
"Common Profile",common,1,"Cost Centre ID",cost_center_id,49,No,,,,Disabled,ALL,,,Disabled,Enabled,Disabled,Disabled,,Disabled,,Disabled,,,,,,,,,,Disabled,Disabled,,Disabled,Disabled,Disabled,Disabled,Disabled,Disabled,Disabled,Disabled,Disabled,Disabled,Disabled,,,,,,,Disabled,,NA,Disabled
"Common Profile",common,1,"Department Cost Center Name",department_cost_center_name,50,No,,,,Disabled,ALL,,,Disabled,Enabled,Disabled,Disabled,,Disabled,,Disabled,,,,,,,,,,Disabled,Disabled,,Disabled,Disabled,Disabled,Disabled,Disabled,Disabled,Disabled,Disabled,Disabled,Disabled,Disabled,,,,,,,Disabled,,NA,Disabled
"Common Profile",common,1,"Department Cost Center ID",department_cost_center_id,51,No,,,,Disabled,ALL,,,Disabled,Enabled,Disabled,Disabled,,Disabled,,Disabled,,,,,,,,,,Disabled,Disabled,,Disabled,Disabled,Disabled,Disabled,Disabled,Disabled,Disabled,Disabled,Disabled,Disabled,Disabled,,,,,,,Disabled,,NA,Disabled
"Common Profile",common,1,"Business Unit Cost Center Name",business_unit_cost_center_name,52,No,,,,Disabled,ALL,,,Disabled,Enabled,Disabled,Disabled,,Disabled,,Disabled,,,,,,,,,,Disabled,Disabled,,Disabled,Disabled,Disabled,Disabled,Disabled,Disabled,Disabled,Disabled,Disabled,Disabled,Disabled,,,,,,,Disabled,,NA,Disabled
"Common Profile",common,1,"Business Unit Cost Center ID",business_unit_cost_center_id,53,No,,,,Disabled,ALL,,,Disabled,Enabled,Disabled,Disabled,,Disabled,,Disabled,,,,,,,,,,Disabled,Disabled,,Disabled,Disabled,Disabled,Disabled,Disabled,Disabled,Disabled,Disabled,Disabled,Disabled,Disabled,,,,,,,Disabled,,NA,Disabled
"Common Profile",common,1,"Division Cost Center Name",division_cost_center_name,54,No,,,,Disabled,ALL,,,Disabled,Enabled,Disabled,Disabled,,Disabled,,Disabled,,,,,,,,,,Disabled,Disabled,,Disabled,Disabled,Disabled,Disabled,Disabled,Disabled,Disabled,Disabled,Disabled,Disabled,Disabled,,,,,,,Disabled,,NA,Disabled
"Common Profile",common,1,"Division Cost Center ID",division_cost_center_id,55,No,,,,Disabled,ALL,,,Disabled,Enabled,Disabled,Disabled,,Disabled,,Disabled,,,,,,,,,,Disabled,Disabled,,Disabled,Disabled,Disabled,Disabled,Disabled,Disabled,Disabled,Disabled,Disabled,Disabled,Disabled,,,,,,,Disabled,,NA,Disabled
"Common Profile",common,1,"Office Location Cost Center Name",office_location_cost_center_name,56,No,,,,Disabled,ALL,,,Disabled,Enabled,Disabled,Disabled,,Disabled,,Disabled,,,,,,,,,,Disabled,Disabled,,Disabled,Disabled,Disabled,Disabled,Disabled,Disabled,Disabled,Disabled,Disabled,Disabled,Disabled,,,,,,,Disabled,,NA,Disabled
"Common Profile",common,1,"Office Location Cost Center ID",office_location_cost_center_id,57,No,,,,Disabled,ALL,,,Disabled,Enabled,Disabled,Disabled,,Disabled,,Disabled,,,,,,,,,,Disabled,Disabled,,Disabled,Disabled,Disabled,Disabled,Disabled,Disabled,Disabled,Disabled,Disabled,Disabled,Disabled,,,,,,,Disabled,,NA,Disabled
"Common Profile",common,1,"Functional Area Cost Center Name",functional_area_cost_center_name,58,No,,,,Disabled,ALL,,,Disabled,Enabled,Disabled,Disabled,,Disabled,,Disabled,,,,,,,,,,Disabled,Disabled,,Disabled,Disabled,Disabled,Disabled,Disabled,Disabled,Disabled,Disabled,Disabled,Disabled,Disabled,,,,,,,Disabled,,NA,Disabled
"Common Profile",common,1,"Functional Area Cost Center ID",functional_area_cost_center_id,59,No,,,,Disabled,ALL,,,Disabled,Enabled,Disabled,Disabled,,Disabled,,Disabled,,,,,,,,,,Disabled,Disabled,,Disabled,Disabled,Disabled,Disabled,Disabled,Disabled,Disabled,Disabled,Disabled,Disabled,Disabled,,,,,,,Disabled,,NA,Disabled
"Common Profile",common,1,"Rehired Reason",rehire_reason,60,No,,,,Disabled,ALL,,,Disabled,Enabled,Disabled,Disabled,,Disabled,,Disabled,,,Admin|Self,,,,,,,Disabled,Disabled,,Disabled,Disabled,Disabled,Disabled,Disabled,Disabled,Disabled,Disabled,Disabled,Disabled,Disabled,,,,,,,Disabled,,NA,Disabled
"Common Profile",common,1,"Old Profile",past_user_id,61,No,,,,Enabled,ALL,,,Disabled,Enabled,Disabled,Disabled,,Disabled,,Disabled,,,Admin|Manager,,,,,,,Disabled,Disabled,,Disabled,Disabled,Disabled,Disabled,Disabled,Disabled,Disabled,Disabled,Disabled,Disabled,Disabled,,,,,,,Disabled,,NA,Disabled
"Common Profile",common,1,"Rehired By",rehire_by,62,No,,,,Disabled,ALL,,,Disabled,Enabled,Disabled,Disabled,,Disabled,,Disabled,,,Admin|Self,,,,,,,Disabled,Disabled,,Disabled,Disabled,Disabled,Disabled,Disabled,Disabled,Disabled,Disabled,Disabled,Disabled,Disabled,,,,,,,Disabled,,NA,Disabled
"Common Profile",common,1,"Rehired On",rehire_on,63,No,,,,Disabled,ALL,,,Disabled,Enabled,Disabled,Disabled,,Disabled,,Disabled,,,Admin|Manager,,,,,,,Disabled,Disabled,,Disabled,Disabled,Disabled,Disabled,Disabled,Disabled,Disabled,Disabled,Disabled,Disabled,Disabled,,,,,,,Disabled,,NA,Disabled
"Common Profile",common,1,"Functional Area",functional_area,64,No,,,,Disabled,ALL,,,Disabled,Enabled,Disabled,Disabled,,Disabled,,Disabled,,,Admin|Self,,,,,,,Disabled,Disabled,,Disabled,Disabled,Disabled,Disabled,Disabled,Disabled,Disabled,Disabled,Disabled,Disabled,Disabled,,,,,,,Disabled,,NA,Disabled
"Common Profile",common,1,"Functional Area Code",functional_area_code,65,No,,,,Disabled,ALL,,,Disabled,Enabled,Disabled,Disabled,,Disabled,,Disabled,,,Admin|Self,,,,,,,Disabled,Disabled,,Disabled,Disabled,Disabled,Disabled,Disabled,Disabled,Disabled,Disabled,Disabled,Disabled,Disabled,,,,,,,Disabled,,NA,Disabled
"Common Profile",common,1,"Business Unit Heads",business_unit_heads,66,No,,,,Disabled,ALL,,,Disabled,Enabled,Disabled,Disabled,,Disabled,,Disabled,,,Admin|Self,,,,,,,Disabled,Disabled,,Disabled,Disabled,Disabled,Disabled,Disabled,Disabled,Disabled,Disabled,Disabled,Disabled,Disabled,,,,,,,Disabled,,NA,Disabled
"Common Profile",common,1,"Candidate ID",candidate_id,67,No,,,,Disabled,ALL,,,Disabled,Enabled,Disabled,Disabled,,Disabled,,Disabled,,,Admin|Self,,,,,,,Disabled,Disabled,,Disabled,Disabled,Disabled,Disabled,Disabled,Disabled,Disabled,Disabled,Disabled,Disabled,Disabled,,,,,,,Disabled,,NA,Disabled
"Common Profile",common,1,"Past Work Experience",past_work_exp,68,No,,,,Enabled,ALL,,,Disabled,Enabled,Disabled,Disabled,,Disabled,,Disabled,,,"Admin|HOD|Self|HRBP|Manager|Vice President|Deepta Mathur Employee Data View|Yogesh Employee Data View|Jennifer Employee Data View & Onboarding",,,,,,,Disabled,Disabled,,Disabled,Disabled,Disabled,Disabled,Disabled,Disabled,Disabled,Disabled,Disabled,Disabled,Disabled,,,,,,,Disabled,,NA,Disabled
"Common Profile",common,1,"Experience in current role",cur_role_exp,69,No,,,,Disabled,ALL,,,Disabled,Enabled,Disabled,Disabled,,Disabled,,Disabled,,,"Admin|Self|Deepta Mathur Employee Data View|Jennifer Employee Data View & Onboarding",,,,,,,Disabled,Disabled,,Disabled,Disabled,Disabled,Disabled,Disabled,Disabled,Disabled,Disabled,Disabled,Disabled,Disabled,,,,,,,Disabled,,NA,Disabled
"Common Profile",common,1,"Current Experience from DOJ",cur_work_exp,70,No,,,,Enabled,ALL,,,Disabled,Enabled,Disabled,Disabled,,Disabled,,Disabled,,,"Admin|HOD|Self|HRBP|Manager|Vice President|Deepta Mathur Employee Data View|Yogesh Employee Data View|Jennifer Employee Data View & Onboarding",,,,,,,Disabled,Disabled,,Disabled,Disabled,Disabled,Disabled,Disabled,Disabled,Disabled,Disabled,Disabled,Disabled,Disabled,,,,,,,Disabled,,NA,Disabled
"Common Profile",common,1,"Total experience",total_work_exp,71,No,,,,Enabled,ALL,,,Disabled,Enabled,Disabled,Disabled,,Disabled,,Disabled,,,"Admin|HOD|Self|HRBP|Manager|Vice President|HR Team|Deepta Mathur Employee Data View|Yogesh Employee Data View|Jennifer Employee Data View & Onboarding",,,,,,,Disabled,Disabled,,Disabled,Disabled,Disabled,Disabled,Disabled,Disabled,Disabled,Disabled,Disabled,Disabled,Disabled,,,,,,,Disabled,,NA,Disabled
"Common Profile",common,1,"Total experience from GDOJ",total_work_exp_gdoj,72,No,,,,Enabled,ALL,,,Disabled,Enabled,Disabled,Disabled,,Disabled,,Disabled,,,"Admin|Self|HRBP|HR Team|Deepta Mathur Employee Data View|Deepta IC & Associate View",,,,,,,Disabled,Disabled,,Disabled,Disabled,Disabled,Disabled,Disabled,Disabled,Disabled,Disabled,Disabled,Disabled,Disabled,,,,,,,Disabled,,NA,Disabled
"Common Profile",common,1,"Performance Manager",pms_manager,73,No,,,,Enabled,ALL,,,Disabled,Enabled,Disabled,Disabled,,Disabled,,Disabled,,,Admin|Self,,,,,,,Disabled,Disabled,,Disabled,Disabled,Disabled,Disabled,Disabled,Disabled,Disabled,Disabled,Disabled,Disabled,Disabled,,,,,,,Disabled,,NA,Disabled
"Common Profile",common,1,"Job Description",job_description,74,No,,,,Disabled,ALL,,,Disabled,Enabled,Disabled,Disabled,,Disabled,,Disabled,,,Admin|Self,,,,,,,Disabled,Disabled,,Disabled,Disabled,Disabled,Disabled,Disabled,Disabled,Disabled,Disabled,Disabled,Disabled,Disabled,,,,,,,Disabled,,NA,Disabled
"Common Profile",common,1,"Functional Head",functional_head,75,No,,,,Disabled,ALL,,,Disabled,Enabled,Disabled,Disabled,,Disabled,,Disabled,,,Admin|Self,,,,,,,Disabled,Disabled,,Disabled,Disabled,Disabled,Disabled,Disabled,Disabled,Disabled,Disabled,Disabled,Disabled,Disabled,,,,,,,Disabled,,NA,Disabled
"Common Profile",common,1,"Top Department",top_department,76,No,,,,Disabled,ALL,,,Disabled,Enabled,Disabled,Disabled,,Disabled,,Disabled,,,Admin|Self,,,,,,,Disabled,Disabled,,Disabled,Disabled,Disabled,Disabled,Disabled,Disabled,Disabled,Disabled,Disabled,Disabled,Disabled,,,,,,,Disabled,,NA,Disabled
"Common Profile",common,1,"Top Department Code",top_department_code,77,No,,,,Disabled,ALL,,,Disabled,Enabled,Disabled,Disabled,,Disabled,,Disabled,,,Admin|Self,,,,,,,Disabled,Disabled,,Disabled,Disabled,Disabled,Disabled,Disabled,Disabled,Disabled,Disabled,Disabled,Disabled,Disabled,,,,,,,Disabled,,NA,Disabled
"Common Profile",common,1,"Job Level Code",job_level_code,78,No,,,,Disabled,ALL,,,Disabled,Enabled,Disabled,Disabled,,Disabled,,Disabled,,,,,,,,,,Disabled,Disabled,,Disabled,Disabled,Disabled,Disabled,Disabled,Disabled,Disabled,Disabled,Disabled,Disabled,Disabled,,,,,,,Disabled,,NA,Disabled
"Common Profile",common,1,"Performance HOD",performance_hod,79,No,,,,Disabled,ALL,,,Disabled,Enabled,Disabled,Disabled,,Disabled,,Disabled,,,,,,,,,,Disabled,Disabled,,Disabled,Disabled,Disabled,Disabled,Disabled,Disabled,Disabled,Disabled,Disabled,Disabled,Disabled,,,,,,,Disabled,,NA,Disabled
"Common Profile",common,1,Introduction/Bio,introduction_bio,80,No,,,,Disabled,ALL,,,Disabled,Enabled,Disabled,Disabled,,Disabled,,Disabled,,,,,,,,,,Disabled,Disabled,,Disabled,Disabled,Disabled,Disabled,Disabled,Disabled,Disabled,Disabled,Disabled,Disabled,Disabled,,,,,,,Disabled,,NA,Disabled
"Common Profile",common,1,"Current Experience from GDOJ",cur_work_exp_based_on_gdoj,81,No,,,,Disabled,ALL,,,Disabled,Enabled,Disabled,Disabled,,Disabled,,Disabled,,,Admin|Self,,,,,,,Disabled,Disabled,,Disabled,Disabled,Disabled,Disabled,Disabled,Disabled,Disabled,Disabled,Disabled,Disabled,Disabled,,,,,,,Disabled,,NA,Disabled
"Common Profile",common,1,Manager,manager,82,No,,,,Enabled,ALL,,,Disabled,Enabled,Disabled,Disabled,,Disabled,,Disabled,,,,,,,,,,Disabled,Disabled,,Disabled,Disabled,Disabled,Disabled,Disabled,Disabled,Disabled,Disabled,Disabled,Disabled,Disabled,,,,,,,Disabled,,NA,Disabled
"Common Profile",common,1,"Standard Role1",standard_role1,83,No,,,,Disabled,ALL,,,Disabled,Enabled,Disabled,Disabled,,Disabled,,Disabled,,,,,,,,,,Disabled,Disabled,,Disabled,Disabled,Disabled,Disabled,Disabled,Disabled,Disabled,Disabled,Disabled,Disabled,Disabled,,,,,,,Disabled,,NA,Disabled
"Common Profile",common,1,"Standard Role2",standard_role2,84,No,,,,Disabled,ALL,,,Disabled,Enabled,Disabled,Disabled,,Disabled,,Disabled,,,,,,,,,,Disabled,Disabled,,Disabled,Disabled,Disabled,Disabled,Disabled,Disabled,Disabled,Disabled,Disabled,Disabled,Disabled,,,,,,,Disabled,,NA,Disabled
"Common Profile",common,1,"Standard Role3",standard_role3,85,No,,,,Disabled,ALL,,,Disabled,Enabled,Disabled,Disabled,,Disabled,,Disabled,,,,,,,,,,Disabled,Disabled,,Disabled,Disabled,Disabled,Disabled,Disabled,Disabled,Disabled,Disabled,Disabled,Disabled,Disabled,,,,,,,Disabled,,NA,Disabled
"Common Profile",common,1,Age,employee_age,86,No,,,,Disabled,ALL,,,Disabled,Enabled,Disabled,Disabled,,Disabled,,Disabled,,,,,,,,,,Disabled,Disabled,,Disabled,Disabled,Disabled,Disabled,Disabled,Disabled,Disabled,Disabled,Disabled,Disabled,Disabled,,,,,,,Disabled,,NA,Disabled
"Common Profile",common,1,"Business Unit Hrs",business_unit_hrs,87,No,,,,Disabled,ALL,,,Disabled,Enabled,Disabled,Disabled,,Disabled,,Disabled,,,Admin|Self,,,,,,,Disabled,Disabled,,Disabled,Disabled,Disabled,Disabled,Disabled,Disabled,Disabled,Disabled,Disabled,Disabled,Disabled,,,,,,,Disabled,,NA,Disabled
"Common Profile",common,1,"Centre Type",centre_type,88,No,,,,Disabled,ALL,,,Disabled,Enabled,Disabled,Disabled,,Disabled,,Disabled,,,,,,,,,,Disabled,Disabled,,Disabled,Disabled,Disabled,Disabled,Disabled,Disabled,Disabled,Disabled,Disabled,Disabled,Disabled,,,,,,,Disabled,,NA,Disabled
"Common Profile",common,1,"Location Type",location_type,89,No,,,,Disabled,ALL,,,Disabled,Enabled,Disabled,Disabled,,Disabled,,Disabled,,,,,,,,,,Disabled,Disabled,,Disabled,Disabled,Disabled,Disabled,Disabled,Disabled,Disabled,Disabled,Disabled,Disabled,Disabled,,,,,,,Disabled,,NA,Disabled
"Common Profile",common,1,"City Type",city_type,90,No,,,,Disabled,ALL,,,Disabled,Enabled,Disabled,Disabled,,Disabled,,Disabled,,,,,,,,,,Disabled,Disabled,,Disabled,Disabled,Disabled,Disabled,Disabled,Disabled,Disabled,Disabled,Disabled,Disabled,Disabled,,,,,,,Disabled,,NA,Disabled
"Common Profile",common,1,"L2 Manager",l2_manager,91,No,,,,Disabled,ALL,,,Disabled,Enabled,Disabled,Disabled,,Disabled,,Disabled,,,,,,,,,,Disabled,Disabled,,Disabled,Disabled,Disabled,Disabled,Disabled,Disabled,Disabled,Disabled,Disabled,Disabled,Disabled,,,,,,,Disabled,,NA,Disabled
"Common Profile",common,1,"Continuous Length Of Service",continuous_length_of_service,92,No,,,,Disabled,ALL,,,Disabled,Enabled,Disabled,Disabled,,Disabled,,Disabled,,,,,,,,,,Disabled,Disabled,,Disabled,Disabled,Disabled,Disabled,Disabled,Disabled,Disabled,Disabled,Disabled,Disabled,Disabled,,,,,,,Disabled,,NA,Disabled
"Common Profile",common,1,"Department hierarchy L1",department_hierarchy_l1,93,No,,,,Disabled,ALL,,,Disabled,Enabled,Disabled,Disabled,,Disabled,,Disabled,,,,,,,,,,Disabled,Disabled,,Disabled,Disabled,Disabled,Disabled,Disabled,Disabled,Disabled,Disabled,Disabled,Disabled,Disabled,,,,,,,Disabled,,NA,Disabled
"Common Profile",common,1,"Department hierarchy L2",department_hierarchy_l2,94,No,,,,Disabled,ALL,,,Disabled,Enabled,Disabled,Disabled,,Disabled,,Disabled,,,,,,,,,,Disabled,Disabled,,Disabled,Disabled,Disabled,Disabled,Disabled,Disabled,Disabled,Disabled,Disabled,Disabled,Disabled,,,,,,,Disabled,,NA,Disabled
"Common Profile",common,1,"Department hierarchy L3",department_hierarchy_l3,95,No,,,,Disabled,ALL,,,Disabled,Enabled,Disabled,Disabled,,Disabled,,Disabled,,,,,,,,,,Disabled,Disabled,,Disabled,Disabled,Disabled,Disabled,Disabled,Disabled,Disabled,Disabled,Disabled,Disabled,Disabled,,,,,,,Disabled,,NA,Disabled
"Common Profile",common,1,"Department hierarchy L4",department_hierarchy_l4,96,No,,,,Disabled,ALL,,,Disabled,Enabled,Disabled,Disabled,,Disabled,,Disabled,,,,,,,,,,Disabled,Disabled,,Disabled,Disabled,Disabled,Disabled,Disabled,Disabled,Disabled,Disabled,Disabled,Disabled,Disabled,,,,,,,Disabled,,NA,Disabled
"Common Profile",common,1,"Department hierarchy L5",department_hierarchy_l5,97,No,,,,Disabled,ALL,,,Disabled,Enabled,Disabled,Disabled,,Disabled,,Disabled,,,,,,,,,,Disabled,Disabled,,Disabled,Disabled,Disabled,Disabled,Disabled,Disabled,Disabled,Disabled,Disabled,Disabled,Disabled,,,,,,,Disabled,,NA,Disabled
"Common Profile",common,1,"Department hierarchy L6",department_hierarchy_l6,98,No,,,,Disabled,ALL,,,Disabled,Enabled,Disabled,Disabled,,Disabled,,Disabled,,,,,,,,,,Disabled,Disabled,,Disabled,Disabled,Disabled,Disabled,Disabled,Disabled,Disabled,Disabled,Disabled,Disabled,Disabled,,,,,,,Disabled,,NA,Disabled
"Common Profile",common,1,"Department hierarchy L7",department_hierarchy_l7,99,No,,,,Disabled,ALL,,,Disabled,Enabled,Disabled,Disabled,,Disabled,,Disabled,,,,,,,,,,Disabled,Disabled,,Disabled,Disabled,Disabled,Disabled,Disabled,Disabled,Disabled,Disabled,Disabled,Disabled,Disabled,,,,,,,Disabled,,NA,Disabled
"Common Profile",common,1,"Department hierarchy L8",department_hierarchy_l8,100,No,,,,Disabled,ALL,,,Disabled,Enabled,Disabled,Disabled,,Disabled,,Disabled,,,,,,,,,,Disabled,Disabled,,Disabled,Disabled,Disabled,Disabled,Disabled,Disabled,Disabled,Disabled,Disabled,Disabled,Disabled,,,,,,,Disabled,,NA,Disabled
"Common Profile",common,1,"Department hierarchy L9",department_hierarchy_l9,101,No,,,,Disabled,ALL,,,Disabled,Enabled,Disabled,Disabled,,Disabled,,Disabled,,,,,,,,,,Disabled,Disabled,,Disabled,Disabled,Disabled,Disabled,Disabled,Disabled,Disabled,Disabled,Disabled,Disabled,Disabled,,,,,,,Disabled,,NA,Disabled
"Common Profile",common,1,"Department hierarchy L10",department_hierarchy_l10,102,No,,,,Disabled,ALL,,,Disabled,Enabled,Disabled,Disabled,,Disabled,,Disabled,,,,,,,,,,Disabled,Disabled,,Disabled,Disabled,Disabled,Disabled,Disabled,Disabled,Disabled,Disabled,Disabled,Disabled,Disabled,,,,,,,Disabled,,NA,Disabled
"Common Profile",common,1,"L3 Manager",l3_manager,103,No,,,,Disabled,ALL,,,Disabled,Enabled,Disabled,Disabled,,Disabled,,Disabled,,,,,,,,,,Disabled,Disabled,,Disabled,Disabled,Disabled,Disabled,Disabled,Disabled,Disabled,Disabled,Disabled,Disabled,Disabled,,,,,,,Disabled,,NA,Disabled
"Common Profile",common,1,"L4 Manager",l4_manager,104,No,,,,Disabled,ALL,,,Disabled,Enabled,Disabled,Disabled,,Disabled,,Disabled,,,,,,,,,,Disabled,Disabled,,Disabled,Disabled,Disabled,Disabled,Disabled,Disabled,Disabled,Disabled,Disabled,Disabled,Disabled,,,,,,,Disabled,,NA,Disabled
"Common Profile",common,1,"L5 Manager",l5_manager,105,No,,,,Disabled,ALL,,,Disabled,Enabled,Disabled,Disabled,,Disabled,,Disabled,,,,,,,,,,Disabled,Disabled,,Disabled,Disabled,Disabled,Disabled,Disabled,Disabled,Disabled,Disabled,Disabled,Disabled,Disabled,,,,,,,Disabled,,NA,Disabled
"Common Profile",common,1,"Position Lead",position_lead,106,No,,,,Disabled,ALL,,,Disabled,Enabled,Disabled,Disabled,,Disabled,,Disabled,,,,,,,,,,Disabled,Disabled,,Disabled,Disabled,Disabled,Disabled,Disabled,Disabled,Disabled,Disabled,Disabled,Disabled,Disabled,,,,,,,Disabled,,NA,Disabled
"Common Profile",common,1,"Head HR",head_hr,107,No,,,,Disabled,ALL,,,Disabled,Enabled,Disabled,Disabled,,Disabled,,Disabled,,,,,,,,,,Disabled,Disabled,,Disabled,Disabled,Disabled,Disabled,Disabled,Disabled,Disabled,Disabled,Disabled,Disabled,Disabled,,,,,,,Disabled,,NA,Disabled
"Common Profile",common,1,"Group HR Head",group_head_hr,108,No,,,,Disabled,ALL,,,Disabled,Enabled,Disabled,Disabled,,Disabled,,Disabled,,,,,,,,,,Disabled,Disabled,,Disabled,Disabled,Disabled,Disabled,Disabled,Disabled,Disabled,Disabled,Disabled,Disabled,Disabled,,,,,,,Disabled,,NA,Disabled
"Common Profile",common,1,"Head Level Access",head_level_access,109,No,,,,Disabled,ALL,,,Disabled,Enabled,Disabled,Disabled,,Disabled,,Disabled,,,,,,,,,,Disabled,Disabled,,Disabled,Disabled,Disabled,Disabled,Disabled,Disabled,Disabled,Disabled,Disabled,Disabled,Disabled,,,,,,,Disabled,,NA,Disabled
"Common Profile",common,1,"Cost Center Head",cost_center_head,110,No,,,,Disabled,ALL,,,Disabled,Enabled,Disabled,Disabled,,Disabled,,Disabled,,,,,,,,,,Disabled,Disabled,,Disabled,Disabled,Disabled,Disabled,Disabled,Disabled,Disabled,Disabled,Disabled,Disabled,Disabled,,,,,,,Disabled,,NA,Disabled
"Common Profile",common,1,"Designation Title",designation_title,111,No,,,,Disabled,ALL,,,Disabled,Enabled,Disabled,Disabled,,Disabled,,Disabled,,,,,,,,,,Disabled,Disabled,,Disabled,Disabled,Disabled,Disabled,Disabled,Disabled,Disabled,Disabled,Disabled,Disabled,Disabled,,,,,,,Disabled,,NA,Disabled
"Common Profile",common,1,"Functional Area Hierarchy L1",functional_area_hierarchy_l1,112,No,,,,Disabled,ALL,,,Disabled,Enabled,Disabled,Disabled,,Disabled,,Disabled,,,,,,,,,,Disabled,Disabled,,Disabled,Disabled,Disabled,Disabled,Disabled,Disabled,Disabled,Disabled,Disabled,Disabled,Disabled,,,,,,,Disabled,,NA,Disabled
"Common Profile",common,1,"Functional Area Hierarchy L2",functional_area_hierarchy_l2,113,No,,,,Disabled,ALL,,,Disabled,Enabled,Disabled,Disabled,,Disabled,,Disabled,,,,,,,,,,Disabled,Disabled,,Disabled,Disabled,Disabled,Disabled,Disabled,Disabled,Disabled,Disabled,Disabled,Disabled,Disabled,,,,,,,Disabled,,NA,Disabled
"Common Profile",common,1,"Functional Area Hierarchy L3",functional_area_hierarchy_l3,114,No,,,,Disabled,ALL,,,Disabled,Enabled,Disabled,Disabled,,Disabled,,Disabled,,,,,,,,,,Disabled,Disabled,,Disabled,Disabled,Disabled,Disabled,Disabled,Disabled,Disabled,Disabled,Disabled,Disabled,Disabled,,,,,,,Disabled,,NA,Disabled
"Common Profile",common,1,"Functional Area Hierarchy L4",functional_area_hierarchy_l4,115,No,,,,Disabled,ALL,,,Disabled,Enabled,Disabled,Disabled,,Disabled,,Disabled,,,,,,,,,,Disabled,Disabled,,Disabled,Disabled,Disabled,Disabled,Disabled,Disabled,Disabled,Disabled,Disabled,Disabled,Disabled,,,,,,,Disabled,,NA,Disabled
"Common Profile",common,1,"Functional Area Hierarchy L5",functional_area_hierarchy_l5,116,No,,,,Disabled,ALL,,,Disabled,Enabled,Disabled,Disabled,,Disabled,,Disabled,,,,,,,,,,Disabled,Disabled,,Disabled,Disabled,Disabled,Disabled,Disabled,Disabled,Disabled,Disabled,Disabled,Disabled,Disabled,,,,,,,Disabled,,NA,Disabled
"Common Profile",common,1,"Functional Area Hierarchy L6",functional_area_hierarchy_l6,117,No,,,,Disabled,ALL,,,Disabled,Enabled,Disabled,Disabled,,Disabled,,Disabled,,,,,,,,,,Disabled,Disabled,,Disabled,Disabled,Disabled,Disabled,Disabled,Disabled,Disabled,Disabled,Disabled,Disabled,Disabled,,,,,,,Disabled,,NA,Disabled
"Common Profile",common,1,"Functional Area Hierarchy L7",functional_area_hierarchy_l7,118,No,,,,Disabled,ALL,,,Disabled,Enabled,Disabled,Disabled,,Disabled,,Disabled,,,,,,,,,,Disabled,Disabled,,Disabled,Disabled,Disabled,Disabled,Disabled,Disabled,Disabled,Disabled,Disabled,Disabled,Disabled,,,,,,,Disabled,,NA,Disabled
"Common Profile",common,1,"Functional Area Hierarchy L8",functional_area_hierarchy_l8,119,No,,,,Disabled,ALL,,,Disabled,Enabled,Disabled,Disabled,,Disabled,,Disabled,,,,,,,,,,Disabled,Disabled,,Disabled,Disabled,Disabled,Disabled,Disabled,Disabled,Disabled,Disabled,Disabled,Disabled,Disabled,,,,,,,Disabled,,NA,Disabled
"Common Profile",common,1,"Functional Area Hierarchy L9",functional_area_hierarchy_l9,120,No,,,,Disabled,ALL,,,Disabled,Enabled,Disabled,Disabled,,Disabled,,Disabled,,,,,,,,,,Disabled,Disabled,,Disabled,Disabled,Disabled,Disabled,Disabled,Disabled,Disabled,Disabled,Disabled,Disabled,Disabled,,,,,,,Disabled,,NA,Disabled
"Common Profile",common,1,"Functional Area Hierarchy L10",functional_area_hierarchy_l10,121,No,,,,Disabled,ALL,,,Disabled,Enabled,Disabled,Disabled,,Disabled,,Disabled,,,,,,,,,,Disabled,Disabled,,Disabled,Disabled,Disabled,Disabled,Disabled,Disabled,Disabled,Disabled,Disabled,Disabled,Disabled,,,,,,,Disabled,,NA,Disabled
"Common Profile",common,1,"Capability Name",capability,122,No,,,,Disabled,ALL,,,Disabled,Enabled,Disabled,Disabled,,Disabled,,Disabled,,,,,,,,,,Disabled,Disabled,,Disabled,Disabled,Disabled,Disabled,Disabled,Disabled,Disabled,Disabled,Disabled,Disabled,Disabled,,,,,,,Disabled,,NA,Disabled
"Common Profile",common,1,"Contract End Date",contract_end_date,123,No,,,,Disabled,ALL,,,Disabled,Enabled,Disabled,Disabled,,Disabled,,Disabled,,,,,,,,,,Disabled,Disabled,,Disabled,Disabled,Disabled,Disabled,Disabled,Disabled,Disabled,Disabled,Disabled,Disabled,Disabled,,,,,,,Disabled,,NA,Disabled
"Common Profile",common,1,"Assignment One Group Heads",assignment_one_group_head_names,124,No,,,,Disabled,ALL,,,Disabled,Enabled,Disabled,Disabled,,Disabled,,Disabled,,,,,,,,,,Disabled,Disabled,,Disabled,Disabled,Disabled,Disabled,Disabled,Disabled,Disabled,Disabled,Disabled,Disabled,Disabled,,,,,,,Disabled,,NA,Disabled
"Common Profile",common,1,"Assignment One Heads",assignment_one_head_names,125,No,,,,Disabled,ALL,,,Disabled,Enabled,Disabled,Disabled,,Disabled,,Disabled,,,,,,,,,,Disabled,Disabled,,Disabled,Disabled,Disabled,Disabled,Disabled,Disabled,Disabled,Disabled,Disabled,Disabled,Disabled,,,,,,,Disabled,,NA,Disabled
"Common Profile",common,1,"Assignment One Leads",assignment_one_lead_names,126,No,,,,Disabled,ALL,,,Disabled,Enabled,Disabled,Disabled,,Disabled,,Disabled,,,,,,,,,,Disabled,Disabled,,Disabled,Disabled,Disabled,Disabled,Disabled,Disabled,Disabled,Disabled,Disabled,Disabled,Disabled,,,,,,,Disabled,,NA,Disabled
"Common Profile",common,1,"Assignment Two Group Heads",assignment_two_group_head_names,127,No,,,,Disabled,ALL,,,Disabled,Enabled,Disabled,Disabled,,Disabled,,Disabled,,,,,,,,,,Disabled,Disabled,,Disabled,Disabled,Disabled,Disabled,Disabled,Disabled,Disabled,Disabled,Disabled,Disabled,Disabled,,,,,,,Disabled,,NA,Disabled
"Common Profile",common,1,"Assignment Two Heads",assignment_two_head_names,128,No,,,,Disabled,ALL,,,Disabled,Enabled,Disabled,Disabled,,Disabled,,Disabled,,,,,,,,,,Disabled,Disabled,,Disabled,Disabled,Disabled,Disabled,Disabled,Disabled,Disabled,Disabled,Disabled,Disabled,Disabled,,,,,,,Disabled,,NA,Disabled
"Common Profile",common,1,"Assignment two Leads",assignment_two_lead_names,129,No,,,,Disabled,ALL,,,Disabled,Enabled,Disabled,Disabled,,Disabled,,Disabled,,,,,,,,,,Disabled,Disabled,,Disabled,Disabled,Disabled,Disabled,Disabled,Disabled,Disabled,Disabled,Disabled,Disabled,Disabled,,,,,,,Disabled,,NA,Disabled
"Common Profile",common,1,"Assignment Three Group Heads",assignment_three_group_head_names,130,No,,,,Disabled,ALL,,,Disabled,Enabled,Disabled,Disabled,,Disabled,,Disabled,,,,,,,,,,Disabled,Disabled,,Disabled,Disabled,Disabled,Disabled,Disabled,Disabled,Disabled,Disabled,Disabled,Disabled,Disabled,,,,,,,Disabled,,NA,Disabled
"Common Profile",common,1,"Assignment Three Heads",assignment_three_head_names,131,No,,,,Disabled,ALL,,,Disabled,Enabled,Disabled,Disabled,,Disabled,,Disabled,,,,,,,,,,Disabled,Disabled,,Disabled,Disabled,Disabled,Disabled,Disabled,Disabled,Disabled,Disabled,Disabled,Disabled,Disabled,,,,,,,Disabled,,NA,Disabled
"Common Profile",common,1,"Assignment Three Leads",assignment_three_lead_names,132,No,,,,Disabled,ALL,,,Disabled,Enabled,Disabled,Disabled,,Disabled,,Disabled,,,,,,,,,,Disabled,Disabled,,Disabled,Disabled,Disabled,Disabled,Disabled,Disabled,Disabled,Disabled,Disabled,Disabled,Disabled,,,,,,,Disabled,,NA,Disabled
"Common Profile",common,1,"Assignment One Cost Center Name",assignment_one_cost_center_name,133,No,,,,Disabled,ALL,,,Disabled,Enabled,Disabled,Disabled,,Disabled,,Disabled,,,,,,,,,,Disabled,Disabled,,Disabled,Disabled,Disabled,Disabled,Disabled,Disabled,Disabled,Disabled,Disabled,Disabled,Disabled,,,,,,,Disabled,,NA,Disabled
"Common Profile",common,1,"Assignment Two Cost Center Name",assignment_two_cost_center_name,134,No,,,,Disabled,ALL,,,Disabled,Enabled,Disabled,Disabled,,Disabled,,Disabled,,,,,,,,,,Disabled,Disabled,,Disabled,Disabled,Disabled,Disabled,Disabled,Disabled,Disabled,Disabled,Disabled,Disabled,Disabled,,,,,,,Disabled,,NA,Disabled
"Common Profile",common,1,"Assignment Three Cost Center Name",assignment_three_cost_center_name,135,No,,,,Disabled,ALL,,,Disabled,Enabled,Disabled,Disabled,,Disabled,,Disabled,,,,,,,,,,Disabled,Disabled,,Disabled,Disabled,Disabled,Disabled,Disabled,Disabled,Disabled,Disabled,Disabled,Disabled,Disabled,,,,,,,Disabled,,NA,Disabled
"Common Profile",common,1,"Position ID",position_id,136,No,,,,Disabled,ALL,,,Disabled,Enabled,Disabled,Disabled,,Disabled,,Disabled,,,,,,,,,,Disabled,Disabled,,Disabled,Disabled,Disabled,Disabled,Disabled,Disabled,Disabled,Disabled,Disabled,Disabled,Disabled,,,,,,,Disabled,,NA,Disabled
"Common Profile",common,1,"Functional Area Head",functional_area_head,137,No,,,,Disabled,ALL,,,Disabled,Enabled,Disabled,Disabled,,Disabled,,Disabled,,,,,,,,,,Disabled,Disabled,,Disabled,Disabled,Disabled,Disabled,Disabled,Disabled,Disabled,Disabled,Disabled,Disabled,Disabled,,,,,,,Disabled,,NA,Disabled
"Common Profile",common,1,"Current Experience",current_attribute_experience,138,No,,,,Disabled,ALL,,,Disabled,Enabled,Disabled,Disabled,,Disabled,,Disabled,,,,,,,,,,Disabled,Disabled,,Disabled,Disabled,Disabled,Disabled,Disabled,Disabled,Disabled,Disabled,Disabled,Disabled,Disabled,,,,,,,Disabled,,NA,Disabled
"Common Profile",common,1,"Account Name",account_name,139,No,,,,Disabled,ALL,,,Disabled,Enabled,Disabled,Disabled,,Disabled,,Disabled,,,,,,,,,,Disabled,Disabled,,Disabled,Disabled,Disabled,Disabled,Disabled,Disabled,Disabled,Disabled,Disabled,Disabled,Disabled,,,,,,,Disabled,,NA,Disabled
"Common Profile",common,1,"Account Code",account_code,140,No,,,,Disabled,ALL,,,Disabled,Enabled,Disabled,Disabled,,Disabled,,Disabled,,,,,,,,,,Disabled,Disabled,,Disabled,Disabled,Disabled,Disabled,Disabled,Disabled,Disabled,Disabled,Disabled,Disabled,Disabled,,,,,,,Disabled,,NA,Disabled
"Common Profile",common,1,"Account Head",account_head,141,No,,,,Disabled,ALL,,,Disabled,Enabled,Disabled,Disabled,,Disabled,,Disabled,,,,,,,,,,Disabled,Disabled,,Disabled,Disabled,Disabled,Disabled,Disabled,Disabled,Disabled,Disabled,Disabled,Disabled,Disabled,,,,,,,Disabled,,NA,Disabled
"Common Profile",common,1,"Account Lead",account_lead,142,No,,,,Disabled,ALL,,,Disabled,Enabled,Disabled,Disabled,,Disabled,,Disabled,,,,,,,,,,Disabled,Disabled,,Disabled,Disabled,Disabled,Disabled,Disabled,Disabled,Disabled,Disabled,Disabled,Disabled,Disabled,,,,,,,Disabled,,NA,Disabled
"Common Profile",common,1,"Account Hrbp",account_hrbp,143,No,,,,Disabled,ALL,,,Disabled,Enabled,Disabled,Disabled,,Disabled,,Disabled,,,,,,,,,,Disabled,Disabled,,Disabled,Disabled,Disabled,Disabled,Disabled,Disabled,Disabled,Disabled,Disabled,Disabled,Disabled,,,,,,,Disabled,,NA,Disabled
"Common Profile",common,1,"Project Name",project_name,144,No,,,,Disabled,ALL,,,Disabled,Enabled,Disabled,Disabled,,Disabled,,Disabled,,,,,,,,,,Disabled,Disabled,,Disabled,Disabled,Disabled,Disabled,Disabled,Disabled,Disabled,Disabled,Disabled,Disabled,Disabled,,,,,,,Disabled,,NA,Disabled
"Common Profile",common,1,"Project Code",project_code,145,No,,,,Disabled,ALL,,,Disabled,Enabled,Disabled,Disabled,,Disabled,,Disabled,,,,,,,,,,Disabled,Disabled,,Disabled,Disabled,Disabled,Disabled,Disabled,Disabled,Disabled,Disabled,Disabled,Disabled,Disabled,,,,,,,Disabled,,NA,Disabled
"Common Profile",common,1,"Project Head",project_head,146,No,,,,Disabled,ALL,,,Disabled,Enabled,Disabled,Disabled,,Disabled,,Disabled,,,,,,,,,,Disabled,Disabled,,Disabled,Disabled,Disabled,Disabled,Disabled,Disabled,Disabled,Disabled,Disabled,Disabled,Disabled,,,,,,,Disabled,,NA,Disabled
"Common Profile",common,1,"Project Champion",project_champion,147,No,,,,Disabled,ALL,,,Disabled,Enabled,Disabled,Disabled,,Disabled,,Disabled,,,,,,,,,,Disabled,Disabled,,Disabled,Disabled,Disabled,Disabled,Disabled,Disabled,Disabled,Disabled,Disabled,Disabled,Disabled,,,,,,,Disabled,,NA,Disabled
"Common Profile",common,1,"Project Manager",project_role1,148,No,,,,Disabled,ALL,,,Disabled,Enabled,Disabled,Disabled,,Disabled,,Disabled,,,,,,,,,,Disabled,Disabled,,Disabled,Disabled,Disabled,Disabled,Disabled,Disabled,Disabled,Disabled,Disabled,Disabled,Disabled,,,,,,,Disabled,,NA,Disabled
"Common Profile",common,1,"Delivery Manager",project_role2,149,No,,,,Disabled,ALL,,,Disabled,Enabled,Disabled,Disabled,,Disabled,,Disabled,,,,,,,,,,Disabled,Disabled,,Disabled,Disabled,Disabled,Disabled,Disabled,Disabled,Disabled,Disabled,Disabled,Disabled,Disabled,,,,,,,Disabled,,NA,Disabled
"Common Profile",common,1,"Delivery Director",project_role3,150,No,,,,Disabled,ALL,,,Disabled,Enabled,Disabled,Disabled,,Disabled,,Disabled,,,,,,,,,,Disabled,Disabled,,Disabled,Disabled,Disabled,Disabled,Disabled,Disabled,Disabled,Disabled,Disabled,Disabled,Disabled,,,,,,,Disabled,,NA,Disabled
"Common Profile",common,1,"Senior Delivery Director",project_role4,151,No,,,,Disabled,ALL,,,Disabled,Enabled,Disabled,Disabled,,Disabled,,Disabled,,,,,,,,,,Disabled,Disabled,,Disabled,Disabled,Disabled,Disabled,Disabled,Disabled,Disabled,Disabled,Disabled,Disabled,Disabled,,,,,,,Disabled,,NA,Disabled
"Common Profile",common,1,"Project Cost Center",project_cost_center,152,No,,,,Disabled,ALL,,,Disabled,Enabled,Disabled,Disabled,,Disabled,,Disabled,,,,,,,,,,Disabled,Disabled,,Disabled,Disabled,Disabled,Disabled,Disabled,Disabled,Disabled,Disabled,Disabled,Disabled,Disabled,,,,,,,Disabled,,NA,Disabled
"Common Profile",common,1,"Manager Email id",manager_email_id,153,No,,,,Disabled,ALL,,,Disabled,Enabled,Disabled,Disabled,,Disabled,,Disabled,,,,,,,,,,Disabled,Disabled,,Disabled,Disabled,Disabled,Disabled,Disabled,Disabled,Disabled,Disabled,Disabled,Disabled,Disabled,,,,,,,Disabled,,NA,Disabled
"Common Profile",common,1,"FTE Name",fte_name,154,No,,,,Disabled,ALL,,,Disabled,Enabled,Disabled,Disabled,,Disabled,,Disabled,,,,,,,,,,Disabled,Disabled,,Disabled,Disabled,Disabled,Disabled,Disabled,Disabled,Disabled,Disabled,Disabled,Disabled,Disabled,,,,,,,Disabled,,NA,Disabled
"Common Profile",common,1,"FTE Value",fte_value,155,No,,,,Disabled,ALL,,,Disabled,Enabled,Disabled,Disabled,,Disabled,,Disabled,,,,,,,,,,Disabled,Disabled,,Disabled,Disabled,Disabled,Disabled,Disabled,Disabled,Disabled,Disabled,Disabled,Disabled,Disabled,,,,,,,Disabled,,NA,Disabled
"Common Profile",common,1,"Primary / Additional Assignment",primary_or_additional_assignment_user_id,156,No,,,,Disabled,ALL,,,Disabled,Enabled,Disabled,Disabled,,Disabled,,Disabled,,,,,,,,,,Disabled,Disabled,,Disabled,Disabled,Disabled,Disabled,Disabled,Disabled,Disabled,Disabled,Disabled,Disabled,Disabled,,,,,,,Disabled,,NA,Disabled
"Common Profile",common,1,"Exempt Status",exempt_status,157,No,,,,Disabled,ALL,,,Disabled,Enabled,Disabled,Disabled,,Disabled,,Disabled,,,,,,,,,,Disabled,Disabled,,Disabled,Disabled,Disabled,Disabled,Disabled,Disabled,Disabled,Disabled,Disabled,Disabled,Disabled,,,,,,,Disabled,,NA,Disabled
"Common Profile",common,1,"Role Category",role_category,158,No,,,,Disabled,ALL,,,Disabled,Enabled,Disabled,Disabled,,Disabled,,Disabled,,,,,,,,,,Disabled,Disabled,,Disabled,Disabled,Disabled,Disabled,Disabled,Disabled,Disabled,Disabled,Disabled,Disabled,Disabled,,,,,,,Disabled,,NA,Disabled
"Common Profile",common,1,"Gender Pronoun",gender_pronoun,159,No,,,,Disabled,ALL,,,Disabled,Enabled,Disabled,Disabled,,Disabled,,Disabled,,,,,,,,,,Disabled,Disabled,,Disabled,Disabled,Disabled,Disabled,Disabled,Disabled,Disabled,Disabled,Disabled,Disabled,Disabled,,,,,,,Disabled,,NA,Disabled
"Common Profile",common,1,"Location Level 2",locationlevel2,160,No,,,,Disabled,ALL,,,Disabled,Enabled,Disabled,Disabled,,Disabled,,Disabled,,,,,,,,,,Disabled,Disabled,,Disabled,Disabled,Disabled,Disabled,Disabled,Disabled,Disabled,Disabled,Disabled,Disabled,Disabled,,,,,,,Disabled,,NA,Disabled
"Common Profile",common,1,"Location Level 2 Head",locationhead2,161,No,,,,Disabled,ALL,,,Disabled,Enabled,Disabled,Disabled,,Disabled,,Disabled,,,,,,,,,,Disabled,Disabled,,Disabled,Disabled,Disabled,Disabled,Disabled,Disabled,Disabled,Disabled,Disabled,Disabled,Disabled,,,,,,,Disabled,,NA,Disabled
"Common Profile",common,1,"Location Level 3",locationlevel3,162,No,,,,Disabled,ALL,,,Disabled,Enabled,Disabled,Disabled,,Disabled,,Disabled,,,,,,,,,,Disabled,Disabled,,Disabled,Disabled,Disabled,Disabled,Disabled,Disabled,Disabled,Disabled,Disabled,Disabled,Disabled,,,,,,,Disabled,,NA,Disabled
"Common Profile",common,1,"Location Level 3 Head",locationhead3,163,No,,,,Disabled,ALL,,,Disabled,Enabled,Disabled,Disabled,,Disabled,,Disabled,,,,,,,,,,Disabled,Disabled,,Disabled,Disabled,Disabled,Disabled,Disabled,Disabled,Disabled,Disabled,Disabled,Disabled,Disabled,,,,,,,Disabled,,NA,Disabled
"Common Profile",common,1,"Location Level 4",locationlevel4,164,No,,,,Disabled,ALL,,,Disabled,Enabled,Disabled,Disabled,,Disabled,,Disabled,,,,,,,,,,Disabled,Disabled,,Disabled,Disabled,Disabled,Disabled,Disabled,Disabled,Disabled,Disabled,Disabled,Disabled,Disabled,,,,,,,Disabled,,NA,Disabled
"Common Profile",common,1,"Location Level 4 Head",locationhead4,165,No,,,,Disabled,ALL,,,Disabled,Enabled,Disabled,Disabled,,Disabled,,Disabled,,,,,,,,,,Disabled,Disabled,,Disabled,Disabled,Disabled,Disabled,Disabled,Disabled,Disabled,Disabled,Disabled,Disabled,Disabled,,,,,,,Disabled,,NA,Disabled
"Common Profile",common,1,"Location Level 5",locationlevel5,166,No,,,,Disabled,ALL,,,Disabled,Enabled,Disabled,Disabled,,Disabled,,Disabled,,,,,,,,,,Disabled,Disabled,,Disabled,Disabled,Disabled,Disabled,Disabled,Disabled,Disabled,Disabled,Disabled,Disabled,Disabled,,,,,,,Disabled,,NA,Disabled
"Common Profile",common,1,"Location Level 5 Head",locationhead5,167,No,,,,Disabled,ALL,,,Disabled,Enabled,Disabled,Disabled,,Disabled,,Disabled,,,,,,,,,,Disabled,Disabled,,Disabled,Disabled,Disabled,Disabled,Disabled,Disabled,Disabled,Disabled,Disabled,Disabled,Disabled,,,,,,,Disabled,,NA,Disabled
"Common Profile",common,1,"Location Level 6",locationlevel6,168,No,,,,Disabled,ALL,,,Disabled,Enabled,Disabled,Disabled,,Disabled,,Disabled,,,,,,,,,,Disabled,Disabled,,Disabled,Disabled,Disabled,Disabled,Disabled,Disabled,Disabled,Disabled,Disabled,Disabled,Disabled,,,,,,,Disabled,,NA,Disabled
"Common Profile",common,1,"Location Level 6 Head",locationhead6,169,No,,,,Disabled,ALL,,,Disabled,Enabled,Disabled,Disabled,,Disabled,,Disabled,,,,,,,,,,Disabled,Disabled,,Disabled,Disabled,Disabled,Disabled,Disabled,Disabled,Disabled,Disabled,Disabled,Disabled,Disabled,,,,,,,Disabled,,NA,Disabled
"Common Profile",common,1,"Location Level 7",locationlevel7,170,No,,,,Disabled,ALL,,,Disabled,Enabled,Disabled,Disabled,,Disabled,,Disabled,,,,,,,,,,Disabled,Disabled,,Disabled,Disabled,Disabled,Disabled,Disabled,Disabled,Disabled,Disabled,Disabled,Disabled,Disabled,,,,,,,Disabled,,NA,Disabled
"Common Profile",common,1,"Location Level 7 Head",locationhead7,171,No,,,,Disabled,ALL,,,Disabled,Enabled,Disabled,Disabled,,Disabled,,Disabled,,,,,,,,,,Disabled,Disabled,,Disabled,Disabled,Disabled,Disabled,Disabled,Disabled,Disabled,Disabled,Disabled,Disabled,Disabled,,,,,,,Disabled,,NA,Disabled
"Common Profile",common,1,"Location Level 8",locationlevel8,172,No,,,,Disabled,ALL,,,Disabled,Enabled,Disabled,Disabled,,Disabled,,Disabled,,,,,,,,,,Disabled,Disabled,,Disabled,Disabled,Disabled,Disabled,Disabled,Disabled,Disabled,Disabled,Disabled,Disabled,Disabled,,,,,,,Disabled,,NA,Disabled
"Common Profile",common,1,"Location Level 8 Head",locationhead8,173,No,,,,Disabled,ALL,,,Disabled,Enabled,Disabled,Disabled,,Disabled,,Disabled,,,,,,,,,,Disabled,Disabled,,Disabled,Disabled,Disabled,Disabled,Disabled,Disabled,Disabled,Disabled,Disabled,Disabled,Disabled,,,,,,,Disabled,,NA,Disabled
"Common Profile",common,1,"Location Level 9",locationlevel9,174,No,,,,Disabled,ALL,,,Disabled,Enabled,Disabled,Disabled,,Disabled,,Disabled,,,,,,,,,,Disabled,Disabled,,Disabled,Disabled,Disabled,Disabled,Disabled,Disabled,Disabled,Disabled,Disabled,Disabled,Disabled,,,,,,,Disabled,,NA,Disabled
"Common Profile",common,1,"Last Promotion Date",last_promotion_date,175,No,,,,Disabled,ALL,,,Disabled,Enabled,Disabled,Disabled,,Disabled,,Disabled,,,,,,,,,,Disabled,Disabled,,Disabled,Disabled,Disabled,Disabled,Disabled,Disabled,Disabled,Disabled,Disabled,Disabled,Disabled,,,,,,,Disabled,,NA,Disabled
"Common Profile",common,1,"Legal Entity",legal_entity,176,No,,,,Disabled,ALL,,,Disabled,Enabled,Disabled,Disabled,,Disabled,,Disabled,,,,,,,,,,Disabled,Disabled,,Disabled,Disabled,Disabled,Disabled,Disabled,Disabled,Disabled,Disabled,Disabled,Disabled,Disabled,,,,,,,Disabled,,NA,Disabled
"Common Profile",common,1,"Location Level 9 Head",locationhead9,177,No,,,,Disabled,ALL,,,Disabled,Enabled,Disabled,Disabled,,Disabled,,Disabled,,,,,,,,,,Disabled,Disabled,,Disabled,Disabled,Disabled,Disabled,Disabled,Disabled,Disabled,Disabled,Disabled,Disabled,Disabled,,,,,,,Disabled,,NA,Disabled
"Common Profile",common,1,"Location Level 10",locationlevel10,178,No,,,,Disabled,ALL,,,Disabled,Enabled,Disabled,Disabled,,Disabled,,Disabled,,,,,,,,,,Disabled,Disabled,,Disabled,Disabled,Disabled,Disabled,Disabled,Disabled,Disabled,Disabled,Disabled,Disabled,Disabled,,,,,,,Disabled,,NA,Disabled
"Common Profile",common,1,"Location Level 10 Head",locationhead10,179,No,,,,Disabled,ALL,,,Disabled,Enabled,Disabled,Disabled,,Disabled,,Disabled,,,,,,,,,,Disabled,Disabled,,Disabled,Disabled,Disabled,Disabled,Disabled,Disabled,Disabled,Disabled,Disabled,Disabled,Disabled,,,,,,,Disabled,,NA,Disabled
Biographical,biographical,2,Salutation,salutation,1,No,,,,Enabled,ALL,,,Disabled,Disabled,N.A,Disabled,,Disabled,,Disabled,,,"Admin|Self|HRBP|Vice President|Ragini|Operations / Director|Deepta Mathur Employee Data View|Yogesh Employee Data View|Chaithra Palladka & Rina Patel|Shreshta Alawandi Employee Data and Confirmation||Jennifer Employee Data View & Onboarding","Admin|HRBP|Ragini|Deepta Mathur Employee Data View||Jennifer Employee Data View & Onboarding","Admin|HRBP|Ragini|Deepta Mathur Employee Data View||Jennifer Employee Data View & Onboarding",Admin,,,,Disabled,Disabled,,Enabled,Disabled,Enabled,Disabled,Disabled,Disabled,Disabled,Disabled,Disabled,Disabled,Disabled,,,,,All,,NA,,NA,NA
Biographical,biographical,2,Suffix,suffix,2,No,,,,Disabled,ALL,,,Disabled,Disabled,N.A,Disabled,,Disabled,,Disabled,,,"Admin|Self|HRBP|Vice President|Ragini|Operations / Director|Deepta Mathur Employee Data View|Yogesh Employee Data View|Chaithra Palladka & Rina Patel|Shreshta Alawandi Employee Data and Confirmation||Jennifer Employee Data View & Onboarding","Admin|HRBP|Ragini|Deepta Mathur Employee Data View||Jennifer Employee Data View & Onboarding","Admin|HRBP|Ragini|Deepta Mathur Employee Data View||Jennifer Employee Data View & Onboarding",Admin,,,,Disabled,Disabled,,Enabled,Disabled,Enabled,Disabled,Disabled,Disabled,Disabled,Disabled,Disabled,Disabled,Disabled,,,,,All,,NA,,NA,NA
Biographical,biographical,2,"First Name",firstname,3,No,,,,Enabled,ALL,,,Disabled,Disabled,N.A,Disabled,,Disabled,,Disabled,,,"Admin|Self|HRBP|Manager|Vice President|Ragini|Operations / Director|Deepta Mathur Employee Data View|Yogesh Employee Data View|Chaithra Palladka & Rina Patel|Shreshta Alawandi Employee Data and Confirmation||Jennifer Employee Data View & Onboarding","Admin|HRBP|Ragini|Deepta Mathur Employee Data View||Jennifer Employee Data View & Onboarding","Admin|HRBP|Ragini|Deepta Mathur Employee Data View||Jennifer Employee Data View & Onboarding",Admin,,,,Disabled,Disabled,,Enabled,Enabled,Enabled,Enabled,Enabled,Enabled,Enabled,Enabled,Enabled,Enabled,Enabled,All,"Scheduling Team|Screening Team|Shortlisting Team|Recruiter|Candidate",All,"Hiring Group|Scheduling Team|Screening Team|Shortlisting Team|Recruiter|Candidate|Yogesh Kochare|HR - Recruitment Permission|Deepta Mathur Recruitment Admin|Jennifer Recruitment Permission",All,,NA,,NA,NA
Biographical,biographical,2,"Middle Name",middlename,4,No,,,,Enabled,ALL,,,Disabled,Disabled,N.A,Disabled,,Disabled,,Disabled,,,"Admin|Self|HRBP|Manager|Vice President|Ragini|Operations / Director|Deepta Mathur Employee Data View|Yogesh Employee Data View|Chaithra Palladka & Rina Patel|Shreshta Alawandi Employee Data and Confirmation||Jennifer Employee Data View & Onboarding","Admin|HRBP|Ragini|Deepta Mathur Employee Data View||Jennifer Employee Data View & Onboarding","Admin|HRBP|Ragini|Deepta Mathur Employee Data View||Jennifer Employee Data View & Onboarding",Admin,,,,Disabled,Disabled,,Enabled,Disabled,Enabled,Enabled,Disabled,Enabled,Disabled,Enabled,Disabled,Enabled,Disabled,All,"Scheduling Team|Screening Team|Shortlisting Team|Recruiter|Candidate",All,"Scheduling Team|Screening Team|Shortlisting Team|Recruiter|Candidate|Yogesh Kochare|HR - Recruitment Permission|Deepta Mathur Recruitment Admin|Jennifer Recruitment Permission",All,,NA,,NA,NA
Biographical,biographical,2,"Last Name",lastname,5,No,,,,Enabled,ALL,,,Disabled,Disabled,N.A,Disabled,,Disabled,,Disabled,,,"Admin|Self|HRBP|Manager|Vice President|Ragini|Operations / Director|Deepta Mathur Employee Data View|Yogesh Employee Data View|Chaithra Palladka & Rina Patel|Shreshta Alawandi Employee Data and Confirmation||Jennifer Employee Data View & Onboarding","Admin|HRBP|Ragini|Deepta Mathur Employee Data View||Jennifer Employee Data View & Onboarding","Admin|HRBP|Ragini|Deepta Mathur Employee Data View||Jennifer Employee Data View & Onboarding",Admin,,,,Disabled,Disabled,,Enabled,Enabled,Enabled,Enabled,Enabled,Enabled,Enabled,Enabled,Enabled,Enabled,Enabled,All,Candidate,All,"Hiring Group|Scheduling Team|Screening Team|Shortlisting Team|Recruiter|Candidate|Yogesh Kochare|HR - Recruitment Permission|Deepta Mathur Recruitment Admin|Jennifer Recruitment Permission",All,,NA,,NA,NA
Biographical,biographical,2,"Local First Name",local_first_name,6,No,,,,Disabled,ALL,,,Disabled,Disabled,N.A,Disabled,,Disabled,,Disabled,,,"Admin|Self|HRBP|Vice President|Ragini|Operations / Director|Deepta Mathur Employee Data View|Yogesh Employee Data View|Chaithra Palladka & Rina Patel|Shreshta Alawandi Employee Data and Confirmation||Jennifer Employee Data View & Onboarding","Admin|HRBP|Ragini|Deepta Mathur Employee Data View||Jennifer Employee Data View & Onboarding","Admin|HRBP|Ragini|Deepta Mathur Employee Data View||Jennifer Employee Data View & Onboarding",Admin,,,,Disabled,Disabled,,Enabled,Disabled,Enabled,Disabled,Disabled,Disabled,Disabled,Disabled,Disabled,Disabled,Disabled,,,,,All,,NA,,NA,NA
Biographical,biographical,2,"Local Middle Name",local_middle_name,7,No,,,,Disabled,ALL,,,Disabled,Disabled,N.A,Disabled,,Disabled,,Disabled,,,"Admin|Self|HRBP|Vice President|Ragini|Operations / Director|Deepta Mathur Employee Data View|Yogesh Employee Data View|Chaithra Palladka & Rina Patel|Shreshta Alawandi Employee Data and Confirmation||Jennifer Employee Data View & Onboarding","Admin|HRBP|Ragini|Deepta Mathur Employee Data View||Jennifer Employee Data View & Onboarding","Admin|HRBP|Ragini|Deepta Mathur Employee Data View||Jennifer Employee Data View & Onboarding",Admin,,,,Disabled,Disabled,,Enabled,Disabled,Enabled,Disabled,Disabled,Disabled,Disabled,Disabled,Disabled,Disabled,Disabled,,,,,All,,NA,,NA,NA
Biographical,biographical,2,"Local Last Name",local_last_name,8,No,,,,Disabled,ALL,,,Disabled,Disabled,N.A,Disabled,,Disabled,,Disabled,,,"Admin|Self|HRBP|Vice President|Ragini|Operations / Director|Deepta Mathur Employee Data View|Yogesh Employee Data View|Chaithra Palladka & Rina Patel|Shreshta Alawandi Employee Data and Confirmation||Jennifer Employee Data View & Onboarding","Admin|HRBP|Ragini|Deepta Mathur Employee Data View||Jennifer Employee Data View & Onboarding","Admin|HRBP|Ragini|Deepta Mathur Employee Data View||Jennifer Employee Data View & Onboarding",Admin,,,,Disabled,Disabled,,Enabled,Disabled,Enabled,Disabled,Disabled,Disabled,Disabled,Disabled,Disabled,Disabled,Disabled,,,,,All,,NA,,NA,NA
Biographical,biographical,2,"Known as Name",known_as_name,9,No,,,,Disabled,ALL,,,Disabled,Disabled,N.A,Disabled,,Disabled,,Disabled,,,"Admin|Self|HRBP|Vice President|Ragini|Operations / Director|Deepta Mathur Employee Data View|Yogesh Employee Data View|Chaithra Palladka & Rina Patel|Shreshta Alawandi Employee Data and Confirmation||Jennifer Employee Data View & Onboarding","Admin|HRBP|Ragini|Deepta Mathur Employee Data View||Jennifer Employee Data View & Onboarding","Admin|HRBP|Ragini|Deepta Mathur Employee Data View||Jennifer Employee Data View & Onboarding",Admin,,,,Disabled,Disabled,,Enabled,Disabled,Enabled,Disabled,Disabled,Disabled,Disabled,Disabled,Disabled,Disabled,Disabled,,,,,All,,NA,,NA,NA
Biographical,biographical,2,Gender,gender,10,No,,,,Enabled,ALL,,,Disabled,Disabled,N.A,Enabled,,Disabled,,Disabled,,,"Admin|Self|HRBP|Manager|Vice President|Ragini|Operations / Director|Deepta Mathur Employee Data View|Yogesh Employee Data View|Chaithra Palladka & Rina Patel|Shreshta Alawandi Employee Data and Confirmation||Jennifer Employee Data View & Onboarding","Admin|Self|HRBP|Ragini|Deepta Mathur Employee Data View||Jennifer Employee Data View & Onboarding","Admin|Self|HRBP|Ragini|Deepta Mathur Employee Data View||Jennifer Employee Data View & Onboarding",Admin,,,,Disabled,Disabled,,Enabled,Disabled,Enabled,Disabled,Disabled,Disabled,Disabled,Disabled,Disabled,Enabled,Enabled,All,"Scheduling Team|Screening Team|Shortlisting Team|Recruiter|Candidate",All,"Hiring Group|Scheduling Team|Screening Team|Shortlisting Team|Recruiter|Candidate|Yogesh Kochare|HR - Recruitment Permission|Deepta Mathur Recruitment Admin|Jennifer Recruitment Permission",All,,NA,,NA,NA
Biographical,biographical,2,"Show Date Of Birth Year",show_dob_year,11,No,,,,Enabled,ALL,,,Disabled,Disabled,N.A,Disabled,,Disabled,,Disabled,,,"Admin|Self|HRBP|Vice President|Ragini|Operations / Director|Deepta Mathur Employee Data View|Yogesh Employee Data View|Chaithra Palladka & Rina Patel|Shreshta Alawandi Employee Data and Confirmation||Jennifer Employee Data View & Onboarding","Admin|HRBP|Ragini|Deepta Mathur Employee Data View||Jennifer Employee Data View & Onboarding","Admin|HRBP|Ragini|Deepta Mathur Employee Data View||Jennifer Employee Data View & Onboarding",Admin,,,,Disabled,Disabled,,Disabled,Disabled,Disabled,Disabled,Disabled,Disabled,Disabled,Disabled,Disabled,Disabled,Disabled,All,,,,All,,NA,,NA,NA
Biographical,biographical,2,"Date of Birth",date_of_birth,12,No,,,,Enabled,ALL,,,Disabled,Disabled,Disabled,Enabled,,Enabled,,Disabled,,,"Admin|Self|HRBP|Accounts - Payroll|Vice President|Ragini|Operations / Director|Deepta Mathur Employee Data View|Yogesh Employee Data View|Chaithra Palladka & Rina Patel|Shreshta Alawandi Employee Data and Confirmation|Jennifer Employee Data View & Onboarding|Payroll - Admin","Admin|Self|HRBP|Accounts - Payroll|Ragini|Deepta Mathur Employee Data View|Jennifer Employee Data View & Onboarding|Payroll - Admin","Admin|Self|HRBP|Ragini|Deepta Mathur Employee Data View|Jennifer Employee Data View & Onboarding",Admin,,,,Disabled,Disabled,,Enabled,Disabled,Enabled,Disabled,Disabled,Disabled,Disabled,Disabled,Disabled,Enabled,Enabled,All,"Hiring Group|Scheduling Team|Screening Team|Shortlisting Team|Recruiter|Candidate",All,"Hiring Group|Scheduling Team|Screening Team|Shortlisting Team|Recruiter|Candidate|Yogesh Kochare|HR - Recruitment Permission|Deepta Mathur Recruitment Admin|Jennifer Recruitment Permission",All,,Disabled,,NA,Disabled
Biographical,biographical,2,"Date Of Birth Access",show_dob,13,No,,,,Enabled,ALL,,,Disabled,Disabled,Disabled,Disabled,,Disabled,,Disabled,,,"Admin|Self|HRBP|Vice President|Ragini|Operations / Director|Deepta Mathur Employee Data View|Yogesh Employee Data View|Chaithra Palladka & Rina Patel|Shreshta Alawandi Employee Data and Confirmation|Jennifer Employee Data View & Onboarding","Admin|HRBP|Accounts - Payroll|Ragini|Deepta Mathur Employee Data View|Jennifer Employee Data View & Onboarding","Admin|HRBP|Ragini|Deepta Mathur Employee Data View|Jennifer Employee Data View & Onboarding",Admin,,,,Disabled,Disabled,,Disabled,Disabled,Disabled,Disabled,Disabled,Disabled,Disabled,Disabled,Disabled,Disabled,Disabled,All,,,,All,,Disabled,,NA,Disabled
Biographical,biographical,2,"Place of birth",place_of_birth,14,No,,,,Disabled,ALL,,,Disabled,Disabled,N.A,Disabled,,Disabled,,Disabled,,,"Admin|Self|HRBP|Vice President|Ragini|Operations / Director|Deepta Mathur Employee Data View|Yogesh Employee Data View|Chaithra Palladka & Rina Patel|Shreshta Alawandi Employee Data and Confirmation||Jennifer Employee Data View & Onboarding","Admin|HRBP|Ragini|Deepta Mathur Employee Data View||Jennifer Employee Data View & Onboarding","Admin|HRBP|Ragini|Deepta Mathur Employee Data View||Jennifer Employee Data View & Onboarding",Admin,,,,Disabled,Disabled,,Disabled,Disabled,Disabled,Disabled,Disabled,Disabled,Disabled,Disabled,Disabled,Disabled,Disabled,,,,,All,,NA,,NA,NA
Biographical,biographical,2,"Region of birth",region_of_birth,15,No,,,,Disabled,ALL,,,Disabled,Disabled,N.A,Disabled,,Disabled,,Disabled,,,"Admin|Self|HRBP|Vice President|Ragini|Operations / Director|Deepta Mathur Employee Data View|Yogesh Employee Data View|Chaithra Palladka & Rina Patel|Shreshta Alawandi Employee Data and Confirmation||Jennifer Employee Data View & Onboarding","Admin|HRBP|Ragini|Deepta Mathur Employee Data View||Jennifer Employee Data View & Onboarding","Admin|HRBP|Ragini|Deepta Mathur Employee Data View||Jennifer Employee Data View & Onboarding",Admin,,,,Disabled,Disabled,,Disabled,Disabled,Disabled,Disabled,Disabled,Disabled,Disabled,Disabled,Disabled,Disabled,Disabled,,,,,All,,NA,,NA,NA
Biographical,biographical,2,"Country of birth",country_of_birth,16,No,,,,Enabled,ALL,,,Disabled,Disabled,N.A,Disabled,,Disabled,,Disabled,,,"Admin|Self|HRBP|Vice President|Ragini|Operations / Director|Deepta Mathur Employee Data View|Yogesh Employee Data View|Chaithra Palladka & Rina Patel|Shreshta Alawandi Employee Data and Confirmation||Jennifer Employee Data View & Onboarding","Admin|Self|HRBP|Ragini|Deepta Mathur Employee Data View||Jennifer Employee Data View & Onboarding","Admin|Self|HRBP|Ragini|Deepta Mathur Employee Data View||Jennifer Employee Data View & Onboarding",Admin,,,,Disabled,Disabled,,Disabled,Disabled,Disabled,Disabled,Disabled,Disabled,Disabled,Disabled,Disabled,Disabled,Disabled,All,Candidate,,,All,,NA,,NA,NA
Biographical,biographical,2,Nationality,nationality,17,No,,,,Enabled,ALL,,,Disabled,Disabled,N.A,Disabled,,Disabled,,Disabled,,,"Admin|Self|HRBP|Vice President|Ragini|Operations / Director|Deepta Mathur Employee Data View|Yogesh Employee Data View|Chaithra Palladka & Rina Patel|Shreshta Alawandi Employee Data and Confirmation||Jennifer Employee Data View & Onboarding","Admin|HRBP|Ragini|Deepta Mathur Employee Data View||Jennifer Employee Data View & Onboarding","Admin|HRBP|Ragini|Deepta Mathur Employee Data View||Jennifer Employee Data View & Onboarding",Admin,,,,Disabled,Disabled,,Disabled,Disabled,Disabled,Disabled,Disabled,Disabled,Disabled,Disabled,Disabled,Disabled,Disabled,All,Candidate,,,All,,NA,,NA,NA
Biographical,biographical,2,Religion,religion,18,No,,,,Disabled,ALL,,,Disabled,Disabled,N.A,Disabled,,Disabled,,Disabled,,,"Admin|Self|HRBP|Vice President|Ragini|Operations / Director|Deepta Mathur Employee Data View|Yogesh Employee Data View|Chaithra Palladka & Rina Patel|Shreshta Alawandi Employee Data and Confirmation||Jennifer Employee Data View & Onboarding","Admin|HRBP|Ragini|Deepta Mathur Employee Data View||Jennifer Employee Data View & Onboarding","Admin|HRBP|Ragini|Deepta Mathur Employee Data View||Jennifer Employee Data View & Onboarding",Admin,,,,Disabled,Disabled,,Disabled,Disabled,Disabled,Disabled,Disabled,Disabled,Disabled,Disabled,Disabled,Disabled,Disabled,,,,,All,,NA,,NA,NA
Biographical,biographical,2,"Caste category",caste_category,19,No,,,,Disabled,ALL,,,Disabled,Disabled,N.A,Disabled,,Disabled,,Disabled,,,"Admin|Self|HRBP|Vice President|Ragini|Operations / Director|Deepta Mathur Employee Data View|Yogesh Employee Data View|Chaithra Palladka & Rina Patel|Shreshta Alawandi Employee Data and Confirmation||Jennifer Employee Data View & Onboarding","Admin|HRBP|Ragini|Deepta Mathur Employee Data View||Jennifer Employee Data View & Onboarding","Admin|HRBP|Ragini|Deepta Mathur Employee Data View||Jennifer Employee Data View & Onboarding",Admin,,,,Disabled,Disabled,,Disabled,Disabled,Disabled,Disabled,Disabled,Disabled,Disabled,Disabled,Disabled,Disabled,Disabled,,,,,All,,NA,,NA,NA
Biographical,biographical,2,"Marital Status",marital_status,20,No,,,,Enabled,ALL,,,Disabled,Disabled,N.A,Disabled,,Disabled,,Disabled,,,"Admin|Self|HRBP|Vice President|Ragini|Operations / Director|Deepta Mathur Employee Data View|Yogesh Employee Data View|Chaithra Palladka & Rina Patel|Shreshta Alawandi Employee Data and Confirmation||Jennifer Employee Data View & Onboarding","Admin|HRBP|Ragini|Deepta Mathur Employee Data View||Jennifer Employee Data View & Onboarding","Admin|HRBP|Ragini|Deepta Mathur Employee Data View||Jennifer Employee Data View & Onboarding",Admin,,,,Disabled,Disabled,,Enabled,Disabled,Enabled,Disabled,Disabled,Disabled,Disabled,Disabled,Disabled,Enabled,Enabled,All,"Hiring Group|Scheduling Team|Screening Team|Shortlisting Team|Recruiter|Candidate",All,"Scheduling Team|Screening Team|Shortlisting Team|Recruiter|Candidate|Yogesh Kochare|HR - Recruitment Permission|Deepta Mathur Recruitment Admin|Jennifer Recruitment Permission",All,,NA,,NA,NA
Biographical,biographical,2,"Marital status since",anniversary_date,21,No,,,,Enabled,ALL,,,Disabled,Disabled,N.A,Disabled,,Disabled,,Disabled,,,"Admin|Self|HRBP|Vice President|Ragini|Operations / Director|Deepta Mathur Employee Data View|Yogesh Employee Data View|Chaithra Palladka & Rina Patel|Shreshta Alawandi Employee Data and Confirmation||Jennifer Employee Data View & Onboarding","Admin|Self|HRBP|Ragini|Deepta Mathur Employee Data View||Jennifer Employee Data View & Onboarding","Admin|Self|HRBP|Ragini|Deepta Mathur Employee Data View||Jennifer Employee Data View & Onboarding",Admin,,,,Disabled,Disabled,,Enabled,Disabled,Enabled,Disabled,Disabled,Disabled,Disabled,Disabled,Disabled,Enabled,Disabled,All,"Hiring Group|Scheduling Team|Screening Team|Shortlisting Team|Recruiter|Candidate",All,"Hiring Group|Scheduling Team|Screening Team|Shortlisting Team|Recruiter|Candidate",All,,NA,,NA,NA
Biographical,biographical,2,"Marriage Anniversary Access",show_anniversary_date,22,No,,,,Enabled,ALL,,,Disabled,Disabled,N.A,Disabled,,Disabled,,Disabled,,,"Admin|Self|HRBP|Vice President|Ragini|Operations / Director|Deepta Mathur Employee Data View|Yogesh Employee Data View|Chaithra Palladka & Rina Patel|Shreshta Alawandi Employee Data and Confirmation||Jennifer Employee Data View & Onboarding","Admin|HRBP|Ragini|Deepta Mathur Employee Data View||Jennifer Employee Data View & Onboarding","Admin|HRBP|Ragini|Deepta Mathur Employee Data View||Jennifer Employee Data View & Onboarding",Admin,,,,Disabled,Disabled,,Disabled,Disabled,Disabled,Disabled,Disabled,Disabled,Disabled,Disabled,Disabled,Disabled,Disabled,,,,,All,,NA,,NA,NA
Biographical,biographical,2,Introduction/Bio,introduction_bio,23,No,,,,Disabled,ALL,,,Disabled,Disabled,N.A,Disabled,,Disabled,,Disabled,,,"Admin|Self|HRBP|Vice President|Ragini|Operations / Director|Deepta Mathur Employee Data View|Yogesh Employee Data View|Chaithra Palladka & Rina Patel|Shreshta Alawandi Employee Data and Confirmation||Jennifer Employee Data View & Onboarding","Admin|HRBP|Ragini|Deepta Mathur Employee Data View||Jennifer Employee Data View & Onboarding","Admin|HRBP|Ragini|Deepta Mathur Employee Data View||Jennifer Employee Data View & Onboarding",Admin,,,,Disabled,Disabled,,Disabled,Disabled,Disabled,Disabled,Disabled,Disabled,Disabled,Disabled,Disabled,Disabled,Disabled,,,,,All,,NA,,NA,NA
Biographical,biographical,2,"Mobile Access",mobile_access,24,No,,,,Enabled,ALL,,,Disabled,Disabled,N.A,Disabled,,Disabled,,Disabled,,,"Admin|Self|HRBP|Vice President|Ragini|Operations / Director|Deepta Mathur Employee Data View|Yogesh Employee Data View|Chaithra Palladka & Rina Patel|Shreshta Alawandi Employee Data and Confirmation||Jennifer Employee Data View & Onboarding","Admin|HRBP|Ragini|Deepta Mathur Employee Data View||Jennifer Employee Data View & Onboarding","Admin|HRBP|Ragini|Deepta Mathur Employee Data View||Jennifer Employee Data View & Onboarding",Admin,,,,Disabled,Disabled,,Disabled,Disabled,Disabled,Disabled,Disabled,Disabled,Disabled,Disabled,Disabled,Disabled,Disabled,,,,,All,,NA,,NA,NA
Biographical,biographical,2,"Mobile Access Otp",mobile_access_otp,25,No,,,,Disabled,ALL,,,Disabled,Disabled,N.A,Disabled,,Disabled,,Disabled,,,"Admin|Self|HRBP|Vice President|Ragini|Operations / Director|Deepta Mathur Employee Data View|Yogesh Employee Data View|Chaithra Palladka & Rina Patel|Shreshta Alawandi Employee Data and Confirmation||Jennifer Employee Data View & Onboarding","Admin|HRBP|Ragini|Deepta Mathur Employee Data View||Jennifer Employee Data View & Onboarding","Admin|HRBP|Ragini|Deepta Mathur Employee Data View||Jennifer Employee Data View & Onboarding",Admin,,,,Disabled,Disabled,,Disabled,Disabled,Disabled,Disabled,Disabled,Disabled,Disabled,Disabled,Disabled,Disabled,Disabled,,,,,All,,NA,,NA,NA
Biographical,biographical,2,"Legal Name",legal_name,26,No,,,,Disabled,ALL,,,Disabled,Disabled,N.A,Disabled,,Disabled,,Disabled,,,"Admin|Self|HRBP|Vice President|Ragini|Operations / Director|Deepta Mathur Employee Data View|Yogesh Employee Data View|Chaithra Palladka & Rina Patel|Shreshta Alawandi Employee Data and Confirmation||Jennifer Employee Data View & Onboarding","Admin|HRBP|Ragini|Deepta Mathur Employee Data View||Jennifer Employee Data View & Onboarding","Admin|HRBP|Ragini|Deepta Mathur Employee Data View||Jennifer Employee Data View & Onboarding",Admin,,,,Disabled,Disabled,,Disabled,Disabled,Disabled,Disabled,Disabled,Disabled,Disabled,Disabled,Disabled,Disabled,Disabled,,,,,All,,NA,,NA,NA
Biographical,biographical,2,Ethnicity,ethnicity,27,No,,,,Disabled,ALL,,,Disabled,Disabled,N.A,Disabled,,Disabled,,Disabled,,,"Admin|Self|HRBP|Vice President|Ragini|Operations / Director|Deepta Mathur Employee Data View|Yogesh Employee Data View|Chaithra Palladka & Rina Patel|Shreshta Alawandi Employee Data and Confirmation||Jennifer Employee Data View & Onboarding","Admin|HRBP|Ragini|Deepta Mathur Employee Data View||Jennifer Employee Data View & Onboarding","Admin|HRBP|Ragini|Deepta Mathur Employee Data View||Jennifer Employee Data View & Onboarding",Admin,,,,Disabled,Disabled,,Disabled,Disabled,Disabled,Disabled,Disabled,Disabled,Disabled,Disabled,Disabled,Disabled,Disabled,,,,,All,,NA,,NA,NA
Biographical,biographical,2,"Veteran Status",military_status,28,No,,,,Disabled,ALL,,,Disabled,Disabled,N.A,Disabled,,Disabled,,Disabled,,,"Admin|Self|HRBP|Vice President|Ragini|Operations / Director|Deepta Mathur Employee Data View|Yogesh Employee Data View|Chaithra Palladka & Rina Patel|Shreshta Alawandi Employee Data and Confirmation||Jennifer Employee Data View & Onboarding","Admin|HRBP|Ragini|Deepta Mathur Employee Data View||Jennifer Employee Data View & Onboarding","Admin|HRBP|Ragini|Deepta Mathur Employee Data View||Jennifer Employee Data View & Onboarding",Admin,,,,Disabled,Disabled,,Disabled,Disabled,Disabled,Disabled,Disabled,Disabled,Disabled,Disabled,Disabled,Disabled,Disabled,,,,,All,,NA,,NA,NA
Biographical,biographical,2,"Indigenous identification details",indigenous_identification_details,29,No,,,,Disabled,ALL,,,Disabled,Disabled,N.A,Disabled,,Disabled,,Disabled,,,Admin|Self,Admin,Admin,Admin,,,,Disabled,Disabled,,Disabled,Disabled,Disabled,Disabled,Disabled,Disabled,Disabled,Disabled,Disabled,Disabled,Disabled,,,,,All,,NA,,NA,NA
Biographical,biographical,2,"Citizenship Status",citizenship_status,30,No,,,,Disabled,ALL,,,Disabled,Disabled,N.A,Disabled,,Disabled,,Disabled,,,"Admin|Self|HRBP|Vice President|Ragini|Operations / Director|Deepta Mathur Employee Data View|Yogesh Employee Data View|Chaithra Palladka & Rina Patel|Shreshta Alawandi Employee Data and Confirmation||Jennifer Employee Data View & Onboarding","Admin|HRBP|Ragini|Deepta Mathur Employee Data View||Jennifer Employee Data View & Onboarding","Admin|HRBP|Ragini|Deepta Mathur Employee Data View||Jennifer Employee Data View & Onboarding",Admin,,,,Disabled,Disabled,,Disabled,Disabled,Disabled,Disabled,Disabled,Disabled,Disabled,Disabled,Disabled,Disabled,Disabled,,,,,All,,NA,,NA,NA
Biographical,biographical,2,"Political affiliations",political_affiliations,31,No,,,,Disabled,ALL,,,Disabled,Disabled,N.A,Disabled,,Disabled,,Disabled,,,Admin|Self,Admin,Admin,Admin,,,,Disabled,Disabled,,Disabled,Disabled,Disabled,Disabled,Disabled,Disabled,Disabled,Disabled,Disabled,Disabled,Disabled,,,,,All,,NA,,NA,NA
Biographical,biographical,2,"Uniform Services",uniform_services,32,No,,,,Disabled,ALL,,,Disabled,Disabled,N.A,Disabled,,Disabled,,Disabled,,,Admin|Self,Admin,Admin,Admin,,,,Disabled,Disabled,,Disabled,Disabled,Disabled,Disabled,Disabled,Disabled,Disabled,Disabled,Disabled,Disabled,Disabled,,,,,All,,NA,,NA,NA
Biographical,biographical,2,"Web Chatbot Access",voicebot_web_access,33,No,,,,Disabled,ALL,,,Disabled,Disabled,N.A,Disabled,,Disabled,,Disabled,,,"Admin|Self|HRBP|Vice President|Ragini|Operations / Director|Deepta Mathur Employee Data View|Yogesh Employee Data View|Chaithra Palladka & Rina Patel|Shreshta Alawandi Employee Data and Confirmation||Jennifer Employee Data View & Onboarding","Admin|HRBP|Ragini|Deepta Mathur Employee Data View||Jennifer Employee Data View & Onboarding","Admin|HRBP|Ragini|Deepta Mathur Employee Data View||Jennifer Employee Data View & Onboarding",Admin,,,,Disabled,Disabled,,Disabled,Disabled,Disabled,Disabled,Disabled,Disabled,Disabled,Disabled,Disabled,Disabled,Disabled,,,,,All,,NA,,NA,NA
Biographical,biographical,2,"Veterans Preferences",veterans_preferences,34,No,,,,Disabled,ALL,,,Disabled,Disabled,N.A,Disabled,,Disabled,,Disabled,,,Admin|Self,Admin,Admin,Admin,,,,Disabled,Disabled,,Disabled,Disabled,Disabled,Disabled,Disabled,Disabled,Disabled,Disabled,Disabled,Disabled,Disabled,,,,,All,,NA,,NA,NA
Biographical,biographical,2,"Military Service Rank",military_service_rank,35,No,,,,Disabled,ALL,,,Disabled,Disabled,N.A,Disabled,,Disabled,,Disabled,,,Admin|Self,Admin,Admin,Admin,,,,Disabled,Disabled,,Disabled,Disabled,Disabled,Disabled,Disabled,Disabled,Disabled,Disabled,Disabled,Disabled,Disabled,,,,,All,,NA,,NA,NA
Biographical,biographical,2,"Mobile Voicebot Access",voicebot_access,36,No,,,,Disabled,ALL,,,Disabled,Disabled,N.A,Disabled,,Disabled,,Disabled,,,"Admin|Self|HRBP|Vice President|Ragini|Operations / Director|Deepta Mathur Employee Data View|Yogesh Employee Data View|Chaithra Palladka & Rina Patel|Shreshta Alawandi Employee Data and Confirmation||Jennifer Employee Data View & Onboarding","Admin|HRBP|Ragini|Deepta Mathur Employee Data View||Jennifer Employee Data View & Onboarding","Admin|HRBP|Ragini|Deepta Mathur Employee Data View||Jennifer Employee Data View & Onboarding",Admin,,,,Disabled,Disabled,,Disabled,Disabled,Disabled,Disabled,Disabled,Disabled,Disabled,Disabled,Disabled,Disabled,Disabled,,,,,All,,NA,,NA,NA
Biographical,biographical,2,"Is a Smoker?",is_a_smoker,37,No,,,,Disabled,ALL,,,Disabled,Disabled,N.A,Disabled,,Disabled,,Disabled,,,Admin|Self,Admin,Admin,Admin,,,,Disabled,Disabled,,Disabled,Disabled,Disabled,Disabled,Disabled,Disabled,Disabled,Disabled,Disabled,Disabled,Disabled,,,,,All,,NA,,NA,NA
Biographical,biographical,2,"Education Level for Legal Reporting",education_level_for_legal_reporting,38,No,,,,Disabled,ALL,,,Disabled,Disabled,N.A,Disabled,,Disabled,,Disabled,,,Admin|Self,Admin,Admin,Admin,,,,Disabled,Disabled,,Disabled,Disabled,Disabled,Disabled,Disabled,Disabled,Disabled,Disabled,Disabled,Disabled,Disabled,,,,,All,,NA,,NA,NA
Biographical,biographical,2,"Third Nationality",third_nationality,39,No,,,,Disabled,ALL,,,Disabled,Disabled,N.A,Disabled,,Disabled,,Disabled,,,Admin|Self,Admin,Admin,Admin,,,,Disabled,Disabled,,Disabled,Disabled,Disabled,Disabled,Disabled,Disabled,Disabled,Disabled,Disabled,Disabled,Disabled,,,,,All,,NA,,NA,NA
Biographical,biographical,2,"Previous Last Name(s)",other_last_names,40,No,,,,Disabled,ALL,,,Disabled,Disabled,N.A,Disabled,,Disabled,,Disabled,,,Admin|Self,Admin,Admin,Admin,,,,Disabled,Disabled,,Disabled,Disabled,Disabled,Disabled,Disabled,Disabled,Disabled,Disabled,Disabled,Disabled,Disabled,,,,,All,,NA,,NA,NA
Biographical,biographical,2,"SPR Obtaining Date",spr_obtaining_date,41,No,,,,Disabled,ALL,,,Disabled,Disabled,N.A,Disabled,,Disabled,,Disabled,,,Admin,Admin,Admin,Admin,,,,Disabled,Disabled,,Disabled,Disabled,Disabled,Disabled,Disabled,Disabled,Disabled,Disabled,Disabled,Disabled,Disabled,,,,,All,,NA,,NA,NA
Biographical,biographical,2,About,about_user,42,No,,,,Disabled,ALL,,,Disabled,Disabled,N.A,Disabled,,Disabled,,Disabled,,,Admin|Self,Admin,Admin,Admin,,,,Disabled,Disabled,,Disabled,Disabled,Disabled,Disabled,Disabled,Disabled,Disabled,Disabled,Disabled,Disabled,Disabled,,,,,All,,NA,,NA,NA
Biographical,biographical,2,"WNA/WNI Status",wna_wni_status,42,No,,,,Disabled,ALL,,,Disabled,Disabled,N.A,Disabled,,Disabled,,Disabled,,,Admin,Admin,Admin,Admin,,,,Disabled,Disabled,,Disabled,Disabled,Disabled,Disabled,Disabled,Disabled,Disabled,Disabled,Disabled,Disabled,Disabled,,,,,All,,NA,,NA,NA
Biographical,biographical,2,"Gender Pronoun",gender_pronoun,44,No,,,,Disabled,ALL,,,Disabled,Disabled,N.A,Disabled,,Disabled,,Disabled,,,Admin|Self,Admin,Admin,Admin,,,,Disabled,Disabled,,Disabled,Disabled,Disabled,Disabled,Disabled,Disabled,Disabled,Disabled,Disabled,Disabled,Disabled,,,,,All,,NA,,NA,NA
Biographical,biographical,2,"Gender Identity",gender_identity,45,No,,,,Disabled,ALL,,,Disabled,Disabled,N.A,Disabled,,Disabled,,Disabled,,,Admin|Self,Admin,Admin,Admin,,,,Disabled,Disabled,,Disabled,Disabled,Disabled,Disabled,Disabled,Disabled,Disabled,Disabled,Disabled,Disabled,Disabled,,,,,All,,NA,,NA,NA
Biographical,biographical,2,"Rotational Shift",a649d236bbfc0f,46,Yes,"Single Select",Yes|No,,Enabled,ALL,,,Disabled,Disabled,Disabled,Disabled,,Disabled,,Disabled,,,"Admin|Self|HRBP|Vice President|Ragini|Operations / Director|Deepta Mathur Employee Data View|Yogesh Employee Data View|Chaithra Palladka & Rina Patel|Shreshta Alawandi Employee Data and Confirmation||Jennifer Employee Data View & Onboarding","Admin|HRBP|Ragini|Deepta Mathur Employee Data View||Jennifer Employee Data View & Onboarding","Admin|HRBP|Ragini|Deepta Mathur Employee Data View||Jennifer Employee Data View & Onboarding",Admin,,,,Disabled,Disabled,,Disabled,Disabled,Disabled,Disabled,Disabled,Disabled,Disabled,Disabled,Disabled,Disabled,Disabled,All,,,,,,Disabled,,NA,NA
Biographical,biographical,2,"Blood Group",a64a65327a7de9,47,Yes,"Single Select",A+ve|A-ve|B+ve|B-ve|AB+ve|AB-ve|O+ve|O-ve,,Disabled,ALL,,,Disabled,Disabled,Disabled,Disabled,,Disabled,,Disabled,,,"Admin|Self|HRBP|Vice President|Ragini|Operations / Director|Deepta Mathur Employee Data View|Yogesh Employee Data View|Chaithra Palladka & Rina Patel|Shreshta Alawandi Employee Data and Confirmation||Jennifer Employee Data View & Onboarding","Admin|HRBP|Ragini|Deepta Mathur Employee Data View||Jennifer Employee Data View & Onboarding","Admin|HRBP|Ragini|Deepta Mathur Employee Data View||Jennifer Employee Data View & Onboarding",Admin,,,,Disabled,Disabled,,Disabled,Disabled,Disabled,Disabled,Disabled,Disabled,Disabled,Disabled,Disabled,Disabled,Disabled,All,,,,,,Disabled,,NA,NA
Biographical,biographical,2,"Bond Duration (in years)",a64cb3978ebd6d,48,Yes,Text,,Numbers,Disabled,ALL,,,Disabled,Disabled,Disabled,Disabled,,Disabled,,Disabled,,,"Admin|Self|HRBP|Vice President|Ragini|Operations / Director|Deepta Mathur Employee Data View|Yogesh Employee Data View|Chaithra Palladka & Rina Patel|Shreshta Alawandi Employee Data and Confirmation||Jennifer Employee Data View & Onboarding","Admin|HRBP|Ragini|Deepta Mathur Employee Data View||Jennifer Employee Data View & Onboarding","Admin|HRBP|Ragini|Deepta Mathur Employee Data View||Jennifer Employee Data View & Onboarding",Admin,,,,Disabled,Disabled,,Disabled,Disabled,Disabled,Disabled,Disabled,Disabled,Disabled,Disabled,Disabled,Disabled,Disabled,All,,,,,,Disabled,,NA,NA
Biographical,biographical,2,"Preferred Location",a64d4660647486,49,Yes,Text,,,Disabled,ALL,,,Disabled,Disabled,Disabled,Disabled,,Disabled,,Disabled,,,"Admin|Self|HRBP|Vice President|Ragini|Operations / Director|Deepta Mathur Employee Data View|Yogesh Employee Data View|Chaithra Palladka & Rina Patel|Shreshta Alawandi Employee Data and Confirmation||Jennifer Employee Data View & Onboarding","Admin|HRBP|Ragini|Deepta Mathur Employee Data View||Jennifer Employee Data View & Onboarding","Admin|HRBP|Ragini|Deepta Mathur Employee Data View||Jennifer Employee Data View & Onboarding",,,,,Disabled,Disabled,,Disabled,Disabled,Disabled,Disabled,Disabled,Disabled,Disabled,Disabled,Disabled,Disabled,Disabled,All,All,All,All,All,All,Disabled,,NA,NA
Biographical,biographical,2,"No. of years of experience",a64ec6c104b915,50,Yes,Text,,,Disabled,ALL,,,Disabled,Disabled,Disabled,Disabled,,Disabled,,Disabled,,,"Admin|Self|HRBP|Vice President|Ragini|Operations / Director|Deepta Mathur Employee Data View|Yogesh Employee Data View|Chaithra Palladka & Rina Patel|Shreshta Alawandi Employee Data and Confirmation||Jennifer Employee Data View & Onboarding","Admin|HRBP|Ragini|Deepta Mathur Employee Data View||Jennifer Employee Data View & Onboarding","Admin|HRBP|Ragini|Deepta Mathur Employee Data View||Jennifer Employee Data View & Onboarding",,,,,Disabled,Disabled,,Disabled,Disabled,Disabled,Disabled,Disabled,Disabled,Disabled,Disabled,Disabled,Disabled,Disabled,All,All,All,All,All,All,Disabled,,NA,NA
Biographical,biographical,2,"No. Of Years of Experience",a64ed76d03331c,51,Yes,Text,,,Disabled,ALL,,,Disabled,Disabled,Disabled,Disabled,,Disabled,,Disabled,,,"Admin|Self|HRBP|Vice President|Ragini|Operations / Director|Deepta Mathur Employee Data View|Yogesh Employee Data View|Chaithra Palladka & Rina Patel|Shreshta Alawandi Employee Data and Confirmation||Jennifer Employee Data View & Onboarding","Admin|HRBP|Ragini|Deepta Mathur Employee Data View||Jennifer Employee Data View & Onboarding","Admin|HRBP|Ragini|Deepta Mathur Employee Data View||Jennifer Employee Data View & Onboarding",Admin,,,,Disabled,Disabled,,Disabled,Disabled,Disabled,Disabled,Disabled,Disabled,Disabled,Disabled,Disabled,Disabled,Disabled,All,"Hiring Group|Scheduling Team|Screening Team|Shortlisting Team|Recruiter|Candidate",All,"Scheduling Team|Screening Team|Shortlisting Team|Recruiter|Candidate|||",All,,Disabled,,NA,NA
Biographical,biographical,2,"BGV Report",a65016395ad46c,52,Yes,File,,,Enabled,ALL,,,Disabled,Disabled,Disabled,Disabled,,Disabled,,Disabled,,,"Admin|Self|HRBP|Vice President|Ragini|Operations / Director|Deepta Mathur Employee Data View|Yogesh Employee Data View|Chaithra Palladka & Rina Patel|Shreshta Alawandi Employee Data and Confirmation|Jennifer Employee Data View & Onboarding","Admin|HRBP|Ragini|Deepta Mathur Employee Data View|Jennifer Employee Data View & Onboarding","Admin|HRBP|Ragini|Deepta Mathur Employee Data View|Jennifer Employee Data View & Onboarding",Admin,"Admin|Self|HRBP|Vice President|Ragini|Operations / Director|Deepta Mathur Employee Data View|Yogesh Employee Data View|Chaithra Palladka & Rina Patel|Shreshta Alawandi Employee Data and Confirmation|Jennifer Employee Data View & Onboarding",,,Disabled,Disabled,,Disabled,Disabled,Disabled,Disabled,Disabled,Disabled,Disabled,Disabled,Disabled,Disabled,Disabled,All,,,,,,Disabled,,NA,NA
Biographical,biographical,2,"Leave Status",a6501f49f0f9a5,53,Yes,Text,,,Enabled,,,Gender,Disabled,Disabled,Disabled,Disabled,,Disabled,,Disabled,,,"Admin|Self|HRBP|Vice President|Ragini|Operations / Director|Deepta Mathur Employee Data View|Yogesh Employee Data View|Chaithra Palladka & Rina Patel|Shreshta Alawandi Employee Data and Confirmation||Jennifer Employee Data View & Onboarding","Admin|HRBP|Ragini|Deepta Mathur Employee Data View||Jennifer Employee Data View & Onboarding","Admin|HRBP|Ragini|Deepta Mathur Employee Data View||Jennifer Employee Data View & Onboarding",Admin,,,,Disabled,Disabled,,Disabled,Disabled,Disabled,Disabled,Disabled,Disabled,Disabled,Disabled,Disabled,Disabled,Disabled,All,,,,,,Disabled,,NA,NA
Biographical,biographical,2,"Absconding Date",a653a0f4b40cd2,54,Yes,Date,,,Enabled,ALL,,,Disabled,Disabled,Disabled,Disabled,,Disabled,,Disabled,,,"Admin|Self|HRBP|Vice President|Ragini|Operations / Director|Deepta Mathur Employee Data View|Yogesh Employee Data View|Chaithra Palladka & Rina Patel|Shreshta Alawandi Employee Data and Confirmation||Jennifer Employee Data View & Onboarding","Admin|HRBP|Ragini|Deepta Mathur Employee Data View||Jennifer Employee Data View & Onboarding","Admin|HRBP|Ragini|Deepta Mathur Employee Data View||Jennifer Employee Data View & Onboarding",Admin,,,,Disabled,Disabled,,Disabled,Disabled,Disabled,Disabled,Disabled,Disabled,Disabled,Disabled,Disabled,Disabled,Disabled,All,,,,,,Disabled,,NA,NA
Biographical,biographical,2,"Father's Name",a6542582b0cada,55,Yes,Text,,,Enabled,ALL,,,Disabled,Disabled,Disabled,Disabled,,Disabled,,Disabled,,,"Admin|Self|HRBP|Vice President|Ragini|Operations / Director|Deepta Mathur Employee Data View|Yogesh Employee Data View|Chaithra Palladka & Rina Patel|Shreshta Alawandi Employee Data and Confirmation|Jennifer Employee Data View & Onboarding|Payroll - Admin","Admin|HRBP|Ragini|Deepta Mathur Employee Data View|Jennifer Employee Data View & Onboarding|Payroll - Admin","Admin|HRBP|Ragini|Deepta Mathur Employee Data View|Jennifer Employee Data View & Onboarding|Payroll - Admin",Admin,,,,Disabled,Disabled,,Enabled,Disabled,Enabled,Enabled,Disabled,Enabled,Disabled,Enabled,Disabled,Enabled,Enabled,All,All,All,All,All,All,Disabled,,NA,NA
Biographical,biographical,2,"Sub Community Details",a65534fef7186a,56,Yes,"Single Select","Associates|117441|Standard|117440|Standard and Credit Check|117442|NA",,Enabled,ALL,,,Disabled,Disabled,Disabled,Enabled,,Disabled,,Disabled,,,"Admin|Self|HRBP|Vice President|Ragini|Operations / Director|Deepta Mathur Employee Data View|Yogesh Employee Data View|Chaithra Palladka & Rina Patel|Shreshta Alawandi Employee Data and Confirmation||Jennifer Employee Data View & Onboarding","Admin|HRBP|Ragini|Deepta Mathur Employee Data View||Jennifer Employee Data View & Onboarding","Admin|HRBP|Ragini|Deepta Mathur Employee Data View||Jennifer Employee Data View & Onboarding",Admin,,,,Disabled,Disabled,,Disabled,Disabled,Disabled,Disabled,Disabled,Disabled,Disabled,Disabled,Disabled,Disabled,Disabled,All,,,,,,Disabled,,NA,NA
Address,addresses,3,"Current Flat/House/Wing Number",current_flat,1,No,,,,Enabled,ALL,,,Disabled,Disabled,N.A,Disabled,,Disabled,,Enabled,"India-Current Address",,"Admin|Self|HRBP|Vice President|Ragini|Deepta Mathur Employee Data View|Yogesh Employee Data View|Chaithra Palladka & Rina Patel|Shreshta Alawandi Employee Data and Confirmation||Jennifer Employee Data View & Onboarding","Admin|Self|HRBP|Ragini|Deepta Mathur Employee Data View||Jennifer Employee Data View & Onboarding","Admin|Self|HRBP|Ragini|Deepta Mathur Employee Data View||Jennifer Employee Data View & Onboarding",Admin,,,,Disabled,Disabled,,Enabled,Disabled,Enabled,Enabled,Disabled,Enabled,Disabled,Enabled,Disabled,Enabled,Disabled,All,All,All,All,All,All,NA,,NA,NA
Address,addresses,3,"Current Street/Locality/Area",current_street,2,No,,,,Enabled,ALL,,,Disabled,Disabled,N.A,Disabled,,Disabled,,Enabled,"India-Current Address Line 2",,"Admin|Self|HRBP|Vice President|Ragini|Deepta Mathur Employee Data View|Yogesh Employee Data View|Chaithra Palladka & Rina Patel|Shreshta Alawandi Employee Data and Confirmation||Jennifer Employee Data View & Onboarding","Admin|HRBP|Ragini|Deepta Mathur Employee Data View||Jennifer Employee Data View & Onboarding","Admin|HRBP|Ragini|Deepta Mathur Employee Data View||Jennifer Employee Data View & Onboarding",Admin,,,,Disabled,Disabled,,Enabled,Disabled,Enabled,Enabled,Disabled,Enabled,Disabled,Enabled,Disabled,Enabled,Disabled,All,,,,All,,NA,,NA,NA
Address,addresses,3,"Current Landmark",current_landmark,3,No,,,,Enabled,ALL,,,Disabled,Disabled,N.A,Disabled,,Disabled,,Disabled,,,"Admin|Self|HRBP|Vice President|Ragini|Deepta Mathur Employee Data View|Yogesh Employee Data View|Chaithra Palladka & Rina Patel|Shreshta Alawandi Employee Data and Confirmation||Jennifer Employee Data View & Onboarding","Admin|HRBP|Ragini|Deepta Mathur Employee Data View||Jennifer Employee Data View & Onboarding","Admin|HRBP|Ragini|Deepta Mathur Employee Data View||Jennifer Employee Data View & Onboarding",Admin,,,,Disabled,Disabled,,Enabled,Disabled,Enabled,Enabled,Disabled,Enabled,Disabled,Enabled,Disabled,Enabled,Disabled,All,,,,All,,NA,,NA,NA
Address,addresses,3,"Current Pincode",current_pincode,4,No,,,,Enabled,ALL,,,Disabled,Disabled,N.A,Disabled,,Disabled,,Disabled,,,"Admin|Self|HRBP|Vice President|Ragini|Deepta Mathur Employee Data View|Yogesh Employee Data View|Chaithra Palladka & Rina Patel|Shreshta Alawandi Employee Data and Confirmation||Jennifer Employee Data View & Onboarding","Admin|Self|HRBP|Ragini|Deepta Mathur Employee Data View||Jennifer Employee Data View & Onboarding","Admin|Self|HRBP|Ragini|Deepta Mathur Employee Data View||Jennifer Employee Data View & Onboarding",Admin,,,,Disabled,Disabled,,Enabled,Disabled,Enabled,Enabled,Disabled,Enabled,Disabled,Enabled,Disabled,Enabled,Disabled,All,All,All,All,All,All,NA,,NA,NA
Address,addresses,3,"Current Country",current_country,5,No,,,,Enabled,ALL,,,Disabled,Disabled,N.A,Disabled,,Disabled,,Disabled,,,"Admin|Self|HRBP|Vice President|Ragini|Deepta Mathur Employee Data View|Yogesh Employee Data View|Chaithra Palladka & Rina Patel|Shreshta Alawandi Employee Data and Confirmation||Jennifer Employee Data View & Onboarding","Admin|Self|HRBP|Ragini|Deepta Mathur Employee Data View||Jennifer Employee Data View & Onboarding","Admin|Self|HRBP|Ragini|Deepta Mathur Employee Data View||Jennifer Employee Data View & Onboarding",Admin,,,,Disabled,Disabled,,Enabled,Disabled,Enabled,Disabled,Disabled,Disabled,Disabled,Disabled,Disabled,Disabled,Disabled,All,All,All,All,All,All,NA,,NA,NA
Address,addresses,3,"Current State",current_state,6,No,,,,Enabled,ALL,,,Disabled,Disabled,N.A,Disabled,,Disabled,,Disabled,,,"Admin|Self|HRBP|Vice President|Ragini|Deepta Mathur Employee Data View|Yogesh Employee Data View|Chaithra Palladka & Rina Patel|Shreshta Alawandi Employee Data and Confirmation||Jennifer Employee Data View & Onboarding","Admin|Self|HRBP|Ragini|Deepta Mathur Employee Data View||Jennifer Employee Data View & Onboarding","Admin|Self|HRBP|Ragini|Deepta Mathur Employee Data View||Jennifer Employee Data View & Onboarding",Admin,,,,Disabled,Disabled,,Enabled,Disabled,Enabled,Disabled,Disabled,Disabled,Disabled,Disabled,Disabled,Disabled,Disabled,All,All,All,All,All,All,NA,,NA,NA
Address,addresses,3,"Current City",current_city,7,No,,,,Enabled,ALL,,,Disabled,Disabled,N.A,Disabled,,Disabled,,Disabled,,,"Admin|Self|HRBP|Vice President|Ragini|Deepta Mathur Employee Data View|Yogesh Employee Data View|Chaithra Palladka & Rina Patel|Shreshta Alawandi Employee Data and Confirmation||Jennifer Employee Data View & Onboarding","Admin|Self|HRBP|Ragini|Deepta Mathur Employee Data View||Jennifer Employee Data View & Onboarding","Admin|Self|HRBP|Ragini|Deepta Mathur Employee Data View||Jennifer Employee Data View & Onboarding",Admin,,,,Disabled,Disabled,,Enabled,Disabled,Enabled,Enabled,Disabled,Enabled,Disabled,Enabled,Disabled,Enabled,Disabled,All,All,All,All,All,All,NA,,NA,NA
Address,addresses,3,"Permanent Flat/House/Wing Number",permanent_flat,8,No,,,,Enabled,ALL,,,Disabled,Disabled,N.A,Disabled,,Disabled,,Enabled,"India-Permanent Address",,"Admin|Self|HRBP|Vice President|Ragini|Deepta Mathur Employee Data View|Yogesh Employee Data View|Chaithra Palladka & Rina Patel|Shreshta Alawandi Employee Data and Confirmation||Jennifer Employee Data View & Onboarding","Admin|Self|HRBP|Ragini|Deepta Mathur Employee Data View||Jennifer Employee Data View & Onboarding","Admin|Self|HRBP|Ragini|Deepta Mathur Employee Data View||Jennifer Employee Data View & Onboarding",Admin,,,,Disabled,Disabled,,Enabled,Disabled,Enabled,Enabled,Disabled,Enabled,Disabled,Enabled,Disabled,Enabled,Disabled,All,All,All,All,All,All,NA,,NA,NA
Address,addresses,3,"Permanent Street/Locality/Area",permanent_street,9,No,,,,Enabled,ALL,,,Disabled,Disabled,N.A,Disabled,,Disabled,,Enabled,"India-Permanent Address Line 2",,"Admin|Self|HRBP|Vice President|Ragini|Deepta Mathur Employee Data View|Yogesh Employee Data View|Chaithra Palladka & Rina Patel|Shreshta Alawandi Employee Data and Confirmation||Jennifer Employee Data View & Onboarding","Admin|HRBP|Ragini|Deepta Mathur Employee Data View||Jennifer Employee Data View & Onboarding","Admin|HRBP|Ragini|Deepta Mathur Employee Data View||Jennifer Employee Data View & Onboarding",Admin,,,,Disabled,Disabled,,Enabled,Disabled,Enabled,Enabled,Disabled,Enabled,Disabled,Enabled,Disabled,Enabled,Disabled,All,,,,All,,NA,,NA,NA
Address,addresses,3,"Permanent Landmark",permanent_landmark,10,No,,,,Disabled,ALL,,,Disabled,Disabled,N.A,Disabled,,Disabled,,Disabled,,,"Admin|Self|HRBP|Vice President|Ragini|Deepta Mathur Employee Data View|Yogesh Employee Data View|Chaithra Palladka & Rina Patel|Shreshta Alawandi Employee Data and Confirmation||Jennifer Employee Data View & Onboarding","Admin|HRBP|Ragini|Deepta Mathur Employee Data View||Jennifer Employee Data View & Onboarding","Admin|HRBP|Ragini|Deepta Mathur Employee Data View||Jennifer Employee Data View & Onboarding",Admin,,,,Disabled,Disabled,,Disabled,Disabled,Disabled,Disabled,Disabled,Disabled,Disabled,Disabled,Disabled,Disabled,Disabled,,,,,All,,NA,,NA,NA
Address,addresses,3,"Permanent Pincode",permanent_pincode,11,No,,,,Enabled,ALL,,,Disabled,Disabled,N.A,Disabled,,Disabled,,Disabled,,,"Admin|Self|HRBP|Vice President|Ragini|Deepta Mathur Employee Data View|Yogesh Employee Data View|Chaithra Palladka & Rina Patel|Shreshta Alawandi Employee Data and Confirmation||Jennifer Employee Data View & Onboarding","Admin|Self|HRBP|Ragini|Deepta Mathur Employee Data View||Jennifer Employee Data View & Onboarding","Admin|Self|HRBP|Ragini|Deepta Mathur Employee Data View||Jennifer Employee Data View & Onboarding",Admin,,,,Disabled,Disabled,,Disabled,Disabled,Disabled,Disabled,Disabled,Disabled,Disabled,Disabled,Disabled,Disabled,Disabled,All,All,All,All,All,All,NA,,NA,NA
Address,addresses,3,"Permanent Country",permanent_country,12,No,,,,Enabled,ALL,,,Disabled,Disabled,N.A,Disabled,,Disabled,,Disabled,,,"Admin|Self|HRBP|Vice President|Ragini|Deepta Mathur Employee Data View|Yogesh Employee Data View|Chaithra Palladka & Rina Patel|Shreshta Alawandi Employee Data and Confirmation||Jennifer Employee Data View & Onboarding","Admin|Self|HRBP|Ragini|Deepta Mathur Employee Data View||Jennifer Employee Data View & Onboarding","Admin|Self|HRBP|Ragini|Deepta Mathur Employee Data View||Jennifer Employee Data View & Onboarding",Admin,,,,Disabled,Disabled,,Disabled,Disabled,Disabled,Disabled,Disabled,Disabled,Disabled,Disabled,Disabled,Disabled,Disabled,All,All,All,All,All,All,NA,,NA,NA
Address,addresses,3,"Permanent State",permanent_state,13,No,,,,Enabled,ALL,,,Disabled,Disabled,N.A,Disabled,,Disabled,,Disabled,,,"Admin|Self|HRBP|Vice President|Ragini|Deepta Mathur Employee Data View|Yogesh Employee Data View|Chaithra Palladka & Rina Patel|Shreshta Alawandi Employee Data and Confirmation||Jennifer Employee Data View & Onboarding","Admin|Self|HRBP|Ragini|Deepta Mathur Employee Data View||Jennifer Employee Data View & Onboarding","Admin|Self|HRBP|Ragini|Deepta Mathur Employee Data View||Jennifer Employee Data View & Onboarding",Admin,,,,Disabled,Disabled,,Disabled,Disabled,Disabled,Disabled,Disabled,Disabled,Disabled,Disabled,Disabled,Disabled,Disabled,All,All,All,All,All,All,NA,,NA,NA
Address,addresses,3,"Permanent City",permanent_city,14,No,,,,Enabled,ALL,,,Disabled,Disabled,N.A,Disabled,,Disabled,,Disabled,,,"Admin|Self|HRBP|Vice President|Ragini|Deepta Mathur Employee Data View|Yogesh Employee Data View|Chaithra Palladka & Rina Patel|Shreshta Alawandi Employee Data and Confirmation||Jennifer Employee Data View & Onboarding","Admin|Self|HRBP|Ragini|Deepta Mathur Employee Data View||Jennifer Employee Data View & Onboarding","Admin|Self|HRBP|Ragini|Deepta Mathur Employee Data View||Jennifer Employee Data View & Onboarding",Admin,,,,Disabled,Disabled,,Disabled,Disabled,Disabled,Disabled,Disabled,Disabled,Disabled,Disabled,Disabled,Disabled,Disabled,All,All,All,All,All,All,NA,,NA,NA
Address,addresses,3,"Emergency Flat/House/Wing Number",emergency_flat,15,No,,,,Disabled,ALL,,,Disabled,Disabled,N.A,Disabled,,Disabled,,Enabled,"India-Emergency Address Line 1",,"Admin|Self|HRBP|Vice President|Ragini|Deepta Mathur Employee Data View|Yogesh Employee Data View|Chaithra Palladka & Rina Patel|Shreshta Alawandi Employee Data and Confirmation||Jennifer Employee Data View & Onboarding","Admin|HRBP|Ragini|Deepta Mathur Employee Data View||Jennifer Employee Data View & Onboarding","Admin|HRBP|Ragini|Deepta Mathur Employee Data View||Jennifer Employee Data View & Onboarding",Admin,,,,Disabled,Disabled,,Disabled,Disabled,Disabled,Disabled,Disabled,Disabled,Disabled,Disabled,Disabled,Disabled,Disabled,All,,,,All,,NA,,NA,NA
Address,addresses,3,"Emergency Street/Locality/Area",emergency_street,16,No,,,,Disabled,ALL,,,Disabled,Disabled,N.A,Disabled,,Disabled,,Enabled,"India-Emergency Address Line 2",,"Admin|Self|HRBP|Vice President|Ragini|Deepta Mathur Employee Data View|Yogesh Employee Data View|Chaithra Palladka & Rina Patel|Shreshta Alawandi Employee Data and Confirmation||Jennifer Employee Data View & Onboarding","Admin|HRBP|Ragini|Deepta Mathur Employee Data View||Jennifer Employee Data View & Onboarding","Admin|HRBP|Ragini|Deepta Mathur Employee Data View||Jennifer Employee Data View & Onboarding",Admin,,,,Disabled,Disabled,,Disabled,Disabled,Disabled,Disabled,Disabled,Disabled,Disabled,Disabled,Disabled,Disabled,Disabled,All,,,,All,,NA,,NA,NA
Address,addresses,3,"Emergency Landmark",emergency_landmark,17,No,,,,Disabled,ALL,,,Disabled,Disabled,N.A,Disabled,,Disabled,,Disabled,,,"Admin|Self|HRBP|Vice President|Ragini|Deepta Mathur Employee Data View|Yogesh Employee Data View|Chaithra Palladka & Rina Patel|Shreshta Alawandi Employee Data and Confirmation||Jennifer Employee Data View & Onboarding","Admin|HRBP|Ragini|Deepta Mathur Employee Data View||Jennifer Employee Data View & Onboarding","Admin|HRBP|Ragini|Deepta Mathur Employee Data View||Jennifer Employee Data View & Onboarding",Admin,,,,Disabled,Disabled,,Disabled,Disabled,Disabled,Disabled,Disabled,Disabled,Disabled,Disabled,Disabled,Disabled,Disabled,,,,,All,,NA,,NA,NA
Address,addresses,3,"Emergency Pincode",emergency_pincode,18,No,,,,Disabled,ALL,,,Disabled,Disabled,N.A,Disabled,,Disabled,,Disabled,,,"Admin|Self|HRBP|Vice President|Ragini|Deepta Mathur Employee Data View|Yogesh Employee Data View|Chaithra Palladka & Rina Patel|Shreshta Alawandi Employee Data and Confirmation||Jennifer Employee Data View & Onboarding","Admin|HRBP|Ragini|Deepta Mathur Employee Data View||Jennifer Employee Data View & Onboarding","Admin|HRBP|Ragini|Deepta Mathur Employee Data View||Jennifer Employee Data View & Onboarding",Admin,,,,Disabled,Disabled,,Disabled,Disabled,Disabled,Disabled,Disabled,Disabled,Disabled,Disabled,Disabled,Disabled,Disabled,,,,,All,,NA,,NA,NA
Address,addresses,3,"Emergency Country",emergency_country,19,No,,,,Disabled,ALL,,,Disabled,Disabled,N.A,Disabled,,Disabled,,Disabled,,,"Admin|Self|HRBP|Vice President|Ragini|Deepta Mathur Employee Data View|Yogesh Employee Data View|Chaithra Palladka & Rina Patel|Shreshta Alawandi Employee Data and Confirmation||Jennifer Employee Data View & Onboarding","Admin|HRBP|Ragini|Deepta Mathur Employee Data View||Jennifer Employee Data View & Onboarding","Admin|HRBP|Ragini|Deepta Mathur Employee Data View||Jennifer Employee Data View & Onboarding",Admin,,,,Disabled,Disabled,,Disabled,Disabled,Disabled,Disabled,Disabled,Disabled,Disabled,Disabled,Disabled,Disabled,Disabled,,,,,All,,NA,,NA,NA
Address,addresses,3,"Emergency State",emergency_state,20,No,,,,Disabled,ALL,,,Disabled,Disabled,N.A,Disabled,,Disabled,,Disabled,,,"Admin|Self|HRBP|Vice President|Ragini|Deepta Mathur Employee Data View|Yogesh Employee Data View|Chaithra Palladka & Rina Patel|Shreshta Alawandi Employee Data and Confirmation||Jennifer Employee Data View & Onboarding","Admin|HRBP|Ragini|Deepta Mathur Employee Data View||Jennifer Employee Data View & Onboarding","Admin|HRBP|Ragini|Deepta Mathur Employee Data View||Jennifer Employee Data View & Onboarding",Admin,,,,Disabled,Disabled,,Disabled,Disabled,Disabled,Disabled,Disabled,Disabled,Disabled,Disabled,Disabled,Disabled,Disabled,,,,,All,,NA,,NA,NA
Address,addresses,3,"Emergency City",emergency_city,21,No,,,,Disabled,ALL,,,Disabled,Disabled,N.A,Disabled,,Disabled,,Disabled,,,"Admin|Self|HRBP|Vice President|Ragini|Deepta Mathur Employee Data View|Yogesh Employee Data View|Chaithra Palladka & Rina Patel|Shreshta Alawandi Employee Data and Confirmation||Jennifer Employee Data View & Onboarding","Admin|HRBP|Ragini|Deepta Mathur Employee Data View||Jennifer Employee Data View & Onboarding","Admin|HRBP|Ragini|Deepta Mathur Employee Data View||Jennifer Employee Data View & Onboarding",Admin,,,,Disabled,Disabled,,Disabled,Disabled,Disabled,Disabled,Disabled,Disabled,Disabled,Disabled,Disabled,Disabled,Disabled,,,,,All,,NA,,NA,NA
Address,addresses,3,"Current Address",a64a26c44eea4f,34,Yes,Text,,,Disabled,ALL,,,Disabled,Disabled,Disabled,Disabled,,Disabled,,Disabled,,,"Admin|Self|HRBP|Vice President|Ragini|Deepta Mathur Employee Data View|Yogesh Employee Data View|Chaithra Palladka & Rina Patel|Shreshta Alawandi Employee Data and Confirmation||Jennifer Employee Data View & Onboarding","Admin|HRBP|Ragini|Deepta Mathur Employee Data View||Jennifer Employee Data View & Onboarding","Admin|HRBP|Ragini|Deepta Mathur Employee Data View||Jennifer Employee Data View & Onboarding",Admin,,,,Disabled,Disabled,,Disabled,Disabled,Disabled,Disabled,Disabled,Disabled,Disabled,Disabled,Disabled,Disabled,Disabled,All,,,,,,Disabled,,NA,NA
Address,addresses,3,"Current Address",a64e589f586e95,35,Yes,Text,,,Enabled,ALL,,,Disabled,Disabled,Disabled,Disabled,,Disabled,,Disabled,,,"Admin|Self|HRBP|Attendance Admin|Vice President|Ragini|Deepta Mathur Employee Data View|Yogesh Employee Data View|Chaithra Palladka & Rina Patel|Shreshta Alawandi Employee Data and Confirmation||Jennifer Employee Data View & Onboarding","Admin|HRBP|Ragini|Deepta Mathur Employee Data View||Jennifer Employee Data View & Onboarding","Admin|HRBP|Ragini|Deepta Mathur Employee Data View||Jennifer Employee Data View & Onboarding",Admin,,,,Disabled,Disabled,,Enabled,Disabled,Enabled,Enabled,Disabled,Enabled,Disabled,Enabled,Disabled,Enabled,Disabled,All,,,,,,Disabled,,NA,NA
Address,addresses,3,"Permanent Address",a64e58a0f519d5,36,Yes,Text,,,Enabled,ALL,,,Disabled,Disabled,Disabled,Disabled,,Disabled,,Disabled,,,"Admin|Self|HRBP|Vice President|Ragini|Deepta Mathur Employee Data View|Yogesh Employee Data View|Chaithra Palladka & Rina Patel|Shreshta Alawandi Employee Data and Confirmation||Jennifer Employee Data View & Onboarding","Admin|HRBP|Ragini|Deepta Mathur Employee Data View||Jennifer Employee Data View & Onboarding","Admin|HRBP|Ragini|Deepta Mathur Employee Data View||Jennifer Employee Data View & Onboarding",Admin,,,,Disabled,Disabled,,Enabled,Disabled,Enabled,Enabled,Disabled,Enabled,Disabled,Enabled,Disabled,Enabled,Disabled,All,,,,,,Disabled,,NA,NA
Contact,contact,4,"Personal Email ID",additional_email_onb,1,No,,,,Enabled,ALL,,,Disabled,Disabled,N.A,Enabled,,Disabled,,Disabled,,,"Admin|Self|HRBP|Vice President|Ragini|Operations / Director|Deepta Mathur Employee Data View|Yogesh Employee Data View|Chaithra Palladka & Rina Patel|Shreshta Alawandi Employee Data and Confirmation|Jennifer Employee Data View & Onboarding","Admin|Self|HRBP|Ragini|Deepta Mathur Employee Data View|Jennifer Employee Data View & Onboarding","Admin|Self|HRBP|Ragini|Deepta Mathur Employee Data View|Jennifer Employee Data View & Onboarding",Admin,,,,Disabled,Disabled,,Enabled,Enabled,Enabled,Enabled,Enabled,Enabled,Enabled,Enabled,Enabled,Disabled,Disabled,All,"Scheduling Team|Screening Team|Shortlisting Team|Recruiter|Candidate",,,All,,NA,,NA,NA
Contact,contact,4,"Personal Email ID Access",show_additional_email_onb,2,No,,,,Disabled,ALL,,,Disabled,Disabled,N.A,Disabled,,Disabled,,Disabled,,,"Admin|Self|HRBP|Vice President|Ragini|Operations / Director|Deepta Mathur Employee Data View|Yogesh Employee Data View|Chaithra Palladka & Rina Patel|Shreshta Alawandi Employee Data and Confirmation|Jennifer Employee Data View & Onboarding","Admin|Self|HRBP|Ragini|Akshaya|Deepta Mathur Employee Data View|Jennifer Employee Data View & Onboarding","Admin|Self|HRBP|Ragini|Akshaya|Deepta Mathur Employee Data View|Jennifer Employee Data View & Onboarding",Admin,,,,Disabled,Disabled,,Disabled,Disabled,Disabled,Disabled,Disabled,Disabled,Disabled,Disabled,Disabled,Disabled,Disabled,All,,,,All,,NA,,NA,NA
Contact,contact,4,"Personal Mobile Access",show_phone,3,No,,,,Disabled,ALL,,,Disabled,Disabled,N.A,Disabled,,Disabled,,Disabled,,,"Admin|Self|HRBP|Vice President|Ragini|Operations / Director|Deepta Mathur Employee Data View|Yogesh Employee Data View|Chaithra Palladka & Rina Patel|Shreshta Alawandi Employee Data and Confirmation|Jennifer Employee Data View & Onboarding","Admin|Self|HRBP|Ragini|Deepta Mathur Employee Data View|Jennifer Employee Data View & Onboarding","Admin|Self|HRBP|Ragini|Deepta Mathur Employee Data View|Jennifer Employee Data View & Onboarding",Admin,,,,Disabled,Disabled,,Disabled,Disabled,Disabled,Disabled,Disabled,Disabled,Disabled,Disabled,Disabled,Disabled,Disabled,,,,,All,,NA,,NA,NA
Contact,contact,4,"Country Code Personal",phone_country_code,4,No,,,,Disabled,ALL,,,Disabled,Disabled,N.A,Disabled,,Disabled,,Disabled,,,"Admin|Self|HRBP|Vice President|Ragini|Operations / Director|Deepta Mathur Employee Data View|Yogesh Employee Data View|Chaithra Palladka & Rina Patel|Shreshta Alawandi Employee Data and Confirmation|Jennifer Employee Data View & Onboarding","Admin|Self|HRBP|Ragini|Deepta Mathur Employee Data View|Jennifer Employee Data View & Onboarding","Admin|Self|HRBP|Ragini|Deepta Mathur Employee Data View|Jennifer Employee Data View & Onboarding",Admin,,,,Disabled,Disabled,,Enabled,Enabled,Enabled,Enabled,Enabled,Enabled,Enabled,Enabled,Enabled,Disabled,Disabled,All,"Hiring Group|Scheduling Team|Screening Team|Shortlisting Team|Recruiter|Candidate",,,All,"Hiring Group|Scheduling Team|Screening Team|Shortlisting Team|Recruiter|Hiring Lead",NA,,NA,NA
Contact,contact,4,"Personal mobile no",phone,5,No,,,,Enabled,ALL,,,Disabled,Disabled,N.A,Enabled,,Disabled,,Enabled,"India-Personal Mobile No 1",,"Admin|HOD|Self|HRBP|Manager|Director|Recruiters|Vice President|HR - Recruitment Permission|Ragini|Operations / Director|Deepta Mathur Employee Data View|Yogesh Employee Data View|Chaithra Palladka & Rina Patel|Shreshta Alawandi Employee Data and Confirmation|Jennifer Employee Data View & Onboarding|Jennifer Recruitment Permission|RB Recruitment Admin","Admin|Self|HRBP|Recruiters|HR - Recruitment Permission|Ragini|Deepta Mathur Employee Data View|Jennifer Employee Data View & Onboarding","Admin|Self|HRBP|Recruiters|Ragini|Deepta Mathur Employee Data View|Jennifer Employee Data View & Onboarding",Admin,,,,Disabled,Disabled,,Enabled,Enabled,Enabled,Enabled,Enabled,Enabled,Enabled,Enabled,Enabled,Enabled,Disabled,All,Candidate,All,"Scheduling Team|Screening Team|Shortlisting Team|Recruiter|Candidate|Yogesh Kochare|HR - Recruitment Permission|Deepta Mathur Recruitment Admin|Jennifer Recruitment Permission",All,,NA,,NA,NA
Contact,contact,4,"Office Mobile Access",show_office_mobile,6,No,,,,Enabled,ALL,,,Disabled,Disabled,N.A,Disabled,,Disabled,,Disabled,,,"Admin|Self|HRBP|Vice President|Ragini|Operations / Director|Deepta Mathur Employee Data View|Yogesh Employee Data View|Chaithra Palladka & Rina Patel|Shreshta Alawandi Employee Data and Confirmation|Jennifer Employee Data View & Onboarding","Admin|Self|HRBP|Ragini|Deepta Mathur Employee Data View|Jennifer Employee Data View & Onboarding","Admin|Self|HRBP|Ragini|Deepta Mathur Employee Data View|Jennifer Employee Data View & Onboarding",Admin,,,,Disabled,Disabled,,Disabled,Disabled,Disabled,Disabled,Disabled,Disabled,Disabled,Disabled,Disabled,Disabled,Disabled,,,,,All,,NA,,NA,NA
Contact,contact,4,"Country Code Office",office_mobile_country_code,7,No,,,,Disabled,ALL,,,Disabled,Disabled,N.A,Disabled,,Disabled,,Disabled,,,"Admin|Self|HRBP|Vice President|Ragini|Operations / Director|Deepta Mathur Employee Data View|Yogesh Employee Data View|Chaithra Palladka & Rina Patel|Shreshta Alawandi Employee Data and Confirmation|Jennifer Employee Data View & Onboarding","Admin|Self|HRBP|Ragini|Deepta Mathur Employee Data View|Jennifer Employee Data View & Onboarding","Admin|Self|HRBP|Ragini|Deepta Mathur Employee Data View|Jennifer Employee Data View & Onboarding",Admin,,,,Disabled,Disabled,,Disabled,Disabled,Disabled,Disabled,Disabled,Disabled,Disabled,Disabled,Disabled,Disabled,Disabled,,,,,All,,NA,,NA,NA
Contact,contact,4,"office mobile no",office_mobile,8,No,,,,Enabled,ALL,,,Disabled,Disabled,N.A,Disabled,,Disabled,,Enabled,"India-Official Number",,"Admin|HOD|Self|HRBP|Manager|Vice President|Ragini|Operations / Director|Deepta Mathur Employee Data View|Yogesh Employee Data View|Chaithra Palladka & Rina Patel|Shreshta Alawandi Employee Data and Confirmation|Jennifer Employee Data View & Onboarding","Admin|Self|HRBP|Ragini|Deepta Mathur Employee Data View|Jennifer Employee Data View & Onboarding","Admin|Self|HRBP|Ragini|Deepta Mathur Employee Data View|Jennifer Employee Data View & Onboarding",Admin,,,,Disabled,Disabled,,Disabled,Disabled,Disabled,Disabled,Disabled,Disabled,Disabled,Disabled,Disabled,Disabled,Disabled,All,Candidate,,,All,,NA,,NA,NA
Contact,contact,4,"Facebook ID",facebook,9,No,,,,Disabled,ALL,,,Disabled,Disabled,N.A,Disabled,,Disabled,,Disabled,,,"Admin|Self|HRBP|Vice President|Ragini|Operations / Director|Deepta Mathur Employee Data View|Yogesh Employee Data View|Chaithra Palladka & Rina Patel|Shreshta Alawandi Employee Data and Confirmation|Jennifer Employee Data View & Onboarding","Admin|Self|HRBP|Ragini|Deepta Mathur Employee Data View|Jennifer Employee Data View & Onboarding","Admin|Self|HRBP|Ragini|Deepta Mathur Employee Data View|Jennifer Employee Data View & Onboarding",Admin,,,,Disabled,Disabled,,Disabled,Disabled,Disabled,Disabled,Disabled,Disabled,Disabled,Disabled,Disabled,Disabled,Disabled,,,,,All,,NA,,NA,NA
Contact,contact,4,"Linkedin ID",linkedin,10,No,,,,Enabled,ALL,,,Disabled,Disabled,N.A,Disabled,,Disabled,,Disabled,,,"Admin|HOD|Self|HRBP|Manager|Vice President|Ragini|Operations / Director|Deepta Mathur Employee Data View|Yogesh Employee Data View|Chaithra Palladka & Rina Patel|Shreshta Alawandi Employee Data and Confirmation|Jennifer Employee Data View & Onboarding","Admin|Self|HRBP|Ragini|Deepta Mathur Employee Data View|Jennifer Employee Data View & Onboarding","Admin|Self|HRBP|Ragini|Deepta Mathur Employee Data View|Jennifer Employee Data View & Onboarding",Admin,,,,Disabled,Disabled,,Disabled,Disabled,Disabled,Disabled,Disabled,Disabled,Disabled,Disabled,Disabled,Disabled,Disabled,All,Candidate,,,All,,NA,,NA,NA
Contact,contact,4,"Extension mobile no",extension_no,11,No,,,,Disabled,ALL,,,Disabled,Disabled,N.A,Disabled,,Disabled,,Disabled,,,"Admin|Self|HRBP|Vice President|Ragini|Operations / Director|Deepta Mathur Employee Data View|Yogesh Employee Data View|Chaithra Palladka & Rina Patel|Shreshta Alawandi Employee Data and Confirmation|Jennifer Employee Data View & Onboarding","Admin|Self|HRBP|Ragini|Deepta Mathur Employee Data View|Jennifer Employee Data View & Onboarding","Admin|Self|HRBP|Ragini|Deepta Mathur Employee Data View|Jennifer Employee Data View & Onboarding",Admin,,,,Disabled,Disabled,,Disabled,Disabled,Disabled,Disabled,Disabled,Disabled,Disabled,Disabled,Disabled,Disabled,Disabled,,,,,All,,NA,,NA,NA
Contact,contact,4,"Personal Mobile No 2",a649ab2797b98c,12,Yes,Text,,"Number with 10 digits",Enabled,ALL,,,Disabled,Disabled,Disabled,Disabled,,Disabled,,Disabled,,,"Admin|Self|HRBP|Vice President|Ragini|Operations / Director|Deepta Mathur Employee Data View|Yogesh Employee Data View|Chaithra Palladka & Rina Patel|Shreshta Alawandi Employee Data and Confirmation|Jennifer Employee Data View & Onboarding","Admin|Self|HRBP|Ragini|Deepta Mathur Employee Data View|Jennifer Employee Data View & Onboarding","Admin|Self|HRBP|Ragini|Deepta Mathur Employee Data View|Jennifer Employee Data View & Onboarding",Admin,,,,Disabled,Disabled,,Disabled,Disabled,Disabled,Disabled,Disabled,Disabled,Disabled,Disabled,Disabled,Disabled,Disabled,All,,,,,,Disabled,,NA,Disabled
Emergency,emergency_details,5,"Blood group",blood_group,1,No,,,,Enabled,ALL,,,Disabled,Disabled,N.A,Disabled,,Disabled,,Disabled,,,"Admin|Self|HRBP|Vice President|Ragini|Operations / Director|Deepta Mathur Employee Data View|Yogesh Employee Data View|Chaithra Palladka & Rina Patel|Shreshta Alawandi Employee Data and Confirmation||Jennifer Employee Data View & Onboarding","Admin|Self|HRBP|Ragini|Deepta Mathur Employee Data View||Jennifer Employee Data View & Onboarding","Admin|Self|HRBP|Ragini|Deepta Mathur Employee Data View||Jennifer Employee Data View & Onboarding",Admin,,,,Disabled,Disabled,,Enabled,Disabled,Enabled,Disabled,Disabled,Disabled,Disabled,Disabled,Disabled,Enabled,Enabled,All,"Hiring Group|Scheduling Team|Screening Team|Shortlisting Team|Recruiter|Candidate",All,"Hiring Group|Scheduling Team|Screening Team|Shortlisting Team|Recruiter|Candidate|||",All,,NA,,NA,NA
Emergency,emergency_details,5,"Emergency Contact Name",emergency_contact_person,2,No,,,,Enabled,ALL,,,Disabled,Disabled,N.A,Disabled,,Disabled,,Disabled,,,"Admin|Self|HRBP|Vice President|Ragini|Operations / Director|Deepta Mathur Employee Data View|Yogesh Employee Data View|Chaithra Palladka & Rina Patel|Shreshta Alawandi Employee Data and Confirmation||Jennifer Employee Data View & Onboarding","Admin|Self|HRBP|Ragini|Deepta Mathur Employee Data View||Jennifer Employee Data View & Onboarding","Admin|Self|HRBP|Ragini|Deepta Mathur Employee Data View||Jennifer Employee Data View & Onboarding",Admin,,,,Disabled,Disabled,,Enabled,Disabled,Enabled,Disabled,Disabled,Disabled,Disabled,Disabled,Disabled,Enabled,Enabled,All,Candidate,All,"Hiring Group|Scheduling Team|Screening Team|Shortlisting Team|Recruiter|Candidate|||",All,,NA,,NA,NA
Emergency,emergency_details,5,"Country Code Emergency Mobile",emergency_contact_country_code,3,No,,,,Disabled,ALL,,,Disabled,Disabled,N.A,Disabled,,Disabled,,Disabled,,,"Admin|Self|HRBP|Vice President|Ragini|Operations / Director|Deepta Mathur Employee Data View|Yogesh Employee Data View|Chaithra Palladka & Rina Patel|Shreshta Alawandi Employee Data and Confirmation||Jennifer Employee Data View & Onboarding","Admin|HRBP|Ragini|Deepta Mathur Employee Data View||Jennifer Employee Data View & Onboarding","Admin|HRBP|Ragini|Deepta Mathur Employee Data View||Jennifer Employee Data View & Onboarding",Admin,,,,Disabled,Disabled,,Enabled,Disabled,Enabled,Disabled,Disabled,Disabled,Disabled,Disabled,Disabled,Disabled,Disabled,,,,,All,,NA,,NA,NA
Emergency,emergency_details,5,"Emergency Contact Mobile",emergency_contact_number,4,No,,,,Enabled,ALL,,,Disabled,Disabled,N.A,Disabled,,Disabled,,Disabled,,,"Admin|Self|HRBP|Vice President|Ragini|Operations / Director|Deepta Mathur Employee Data View|Yogesh Employee Data View|Chaithra Palladka & Rina Patel|Shreshta Alawandi Employee Data and Confirmation||Jennifer Employee Data View & Onboarding","Admin|Self|HRBP|Ragini|Deepta Mathur Employee Data View||Jennifer Employee Data View & Onboarding","Admin|Self|HRBP|Ragini|Deepta Mathur Employee Data View||Jennifer Employee Data View & Onboarding",Admin,,,,Disabled,Disabled,,Enabled,Disabled,Enabled,Disabled,Disabled,Disabled,Disabled,Disabled,Disabled,Enabled,Enabled,All,Candidate,All,"Hiring Group|Scheduling Team|Screening Team|Shortlisting Team|Recruiter|Candidate|||",All,,NA,,NA,NA
Emergency,emergency_details,5,"Emergency Contact Relation",emergency_contact_relation,5,No,,,,Disabled,ALL,,,Disabled,Disabled,N.A,Disabled,,Disabled,,Disabled,,,"Admin|Self|HRBP|Vice President|Ragini|Operations / Director|Deepta Mathur Employee Data View|Yogesh Employee Data View|Chaithra Palladka & Rina Patel|Shreshta Alawandi Employee Data and Confirmation||Jennifer Employee Data View & Onboarding","Admin|HRBP|Ragini|Deepta Mathur Employee Data View||Jennifer Employee Data View & Onboarding","Admin|HRBP|Ragini|Deepta Mathur Employee Data View||Jennifer Employee Data View & Onboarding",Admin,,,,Disabled,Disabled,,Enabled,Disabled,Enabled,Disabled,Disabled,Disabled,Disabled,Disabled,Disabled,Disabled,Disabled,,,,,All,,NA,,NA,NA
Emergency,emergency_details,5,"First Time Registration for Hospital",first_time_registration_for_hospital,6,No,,,,Disabled,ALL,,,Disabled,Disabled,N.A,Disabled,,Disabled,,Disabled,,,Admin|Self,Admin,Admin,Admin,,,,Disabled,Disabled,,Disabled,Disabled,Disabled,Disabled,Disabled,Disabled,Disabled,Disabled,Disabled,Disabled,Disabled,,,,,All,,NA,,NA,NA
Emergency,emergency_details,5,"Request to Change Hospital",request_to_change_hospital,7,No,,,,Disabled,ALL,,,Disabled,Disabled,N.A,Disabled,,Disabled,,Disabled,,,Admin|Self,Admin,Admin,Admin,,,,Disabled,Disabled,,Disabled,Disabled,Disabled,Disabled,Disabled,Disabled,Disabled,Disabled,Disabled,Disabled,Disabled,,,,,All,,NA,,NA,NA
Emergency,emergency_details,5,"Name of Previous Hospital",name_of_previous_hospital,8,No,,,,Disabled,ALL,,,Disabled,Disabled,N.A,Disabled,,Disabled,,Disabled,,,Admin|Self,Admin,Admin,Admin,,,,Disabled,Disabled,,Disabled,Disabled,Disabled,Disabled,Disabled,Disabled,Disabled,Disabled,Disabled,Disabled,Disabled,,,,,All,,NA,,NA,NA
Emergency,emergency_details,5,"Name of First Choice Hospital",name_of_first_choice_hospital,9,No,,,,Disabled,ALL,,,Disabled,Disabled,N.A,Disabled,,Disabled,,Disabled,,,Admin|Self,Admin,Admin,Admin,,,,Disabled,Disabled,,Disabled,Disabled,Disabled,Disabled,Disabled,Disabled,Disabled,Disabled,Disabled,Disabled,Disabled,,,,,All,,NA,,NA,NA
Emergency,emergency_details,5,"Name of Second-choice Hospital",name_of_second_choice_hospital,10,No,,,,Disabled,ALL,,,Disabled,Disabled,N.A,Disabled,,Disabled,,Disabled,,,Admin|Self,Admin,Admin,Admin,,,,Disabled,Disabled,,Disabled,Disabled,Disabled,Disabled,Disabled,Disabled,Disabled,Disabled,Disabled,Disabled,Disabled,,,,,All,,NA,,NA,NA
Emergency,emergency_details,5,"Name of Third-choice Hospital",name_of_third_choice_hospital,11,No,,,,Disabled,ALL,,,Disabled,Disabled,N.A,Disabled,,Disabled,,Disabled,,,Admin|Self,Admin,Admin,Admin,,,,Disabled,Disabled,,Disabled,Disabled,Disabled,Disabled,Disabled,Disabled,Disabled,Disabled,Disabled,Disabled,Disabled,,,,,All,,NA,,NA,NA
Emergency,emergency_details,5,"Emergency Contact Relation",a64a5796562448,12,Yes,"Single Select",Spouse|Father|Mother|Son|Daughter|Brother|Sister|Father-inlaw|Mother-inlaw|Cousin|Relative|Friend|Roommate,,Enabled,ALL,,,Disabled,Disabled,Disabled,Disabled,,Disabled,,Disabled,,,"Admin|Self|HRBP|Vice President|Ragini|Operations / Director|Deepta Mathur Employee Data View|Yogesh Employee Data View|Chaithra Palladka & Rina Patel|Shreshta Alawandi Employee Data and Confirmation||Jennifer Employee Data View & Onboarding","Admin|Self|HRBP|Ragini|Deepta Mathur Employee Data View||Jennifer Employee Data View & Onboarding","Admin|Self|HRBP|Ragini|Deepta Mathur Employee Data View||Jennifer Employee Data View & Onboarding",Admin,,,,Disabled,Disabled,,Enabled,Disabled,Enabled,Disabled,Disabled,Disabled,Disabled,Disabled,Disabled,Enabled,Enabled,All,Candidate,All,"Hiring Group|Scheduling Team|Screening Team|Shortlisting Team|Recruiter|Candidate|||",All,,Disabled,,NA,NA
Emergency,emergency_details,5,"Second Emergency Contact Name",a64a579ebf348b,13,Yes,Text,,,Enabled,ALL,,,Disabled,Disabled,Disabled,Disabled,,Disabled,,Disabled,,,"Admin|Self|HRBP|Vice President|Ragini|Operations / Director|Deepta Mathur Employee Data View|Yogesh Employee Data View|Chaithra Palladka & Rina Patel|Shreshta Alawandi Employee Data and Confirmation||Jennifer Employee Data View & Onboarding","Admin|Self|HRBP|Ragini|Deepta Mathur Employee Data View||Jennifer Employee Data View & Onboarding","Admin|Self|HRBP|Ragini|Deepta Mathur Employee Data View||Jennifer Employee Data View & Onboarding",Admin,,,,Disabled,Disabled,,Disabled,Disabled,Disabled,Disabled,Disabled,Disabled,Disabled,Disabled,Disabled,Disabled,Disabled,All,,,,,,Disabled,,NA,NA
Emergency,emergency_details,5,"Second Emergency Contact Mobile",a64a57a262f8d8,14,Yes,Text,,,Enabled,ALL,,,Disabled,Disabled,Disabled,Disabled,,Disabled,,Disabled,,,"Admin|Self|HRBP|Vice President|Ragini|Operations / Director|Deepta Mathur Employee Data View|Yogesh Employee Data View|Chaithra Palladka & Rina Patel|Shreshta Alawandi Employee Data and Confirmation||Jennifer Employee Data View & Onboarding","Admin|Self|HRBP|Ragini|Deepta Mathur Employee Data View||Jennifer Employee Data View & Onboarding","Admin|Self|HRBP|Ragini|Deepta Mathur Employee Data View||Jennifer Employee Data View & Onboarding",Admin,,,,Disabled,Disabled,,Disabled,Disabled,Disabled,Disabled,Disabled,Disabled,Disabled,Disabled,Disabled,Disabled,Disabled,All,,,,,,Disabled,,NA,NA
Emergency,emergency_details,5,"Second Emergency Contact Relation",a64a57a704ba5d,15,Yes,"Single Select",Spouse|Father|Mother|Son|Daughter|Brother|Sister|Father-inlaw|Mother-inlaw|Cousin|Relative|Friend|Roommate,,Enabled,ALL,,,Disabled,Disabled,Disabled,Disabled,,Disabled,,Disabled,,,"Admin|Self|HRBP|Vice President|Ragini|Operations / Director|Deepta Mathur Employee Data View|Yogesh Employee Data View|Chaithra Palladka & Rina Patel|Shreshta Alawandi Employee Data and Confirmation||Jennifer Employee Data View & Onboarding","Admin|Self|HRBP|Ragini|Deepta Mathur Employee Data View||Jennifer Employee Data View & Onboarding","Admin|Self|HRBP|Ragini|Deepta Mathur Employee Data View||Jennifer Employee Data View & Onboarding",Admin,,,,Disabled,Disabled,,Disabled,Disabled,Disabled,Disabled,Disabled,Disabled,Disabled,Disabled,Disabled,Disabled,Disabled,All,,,,,,Disabled,,NA,NA
Resume,resume_details,6,Resume,resume,1,No,,,,Enabled,ALL,,,Disabled,Disabled,N.A,Disabled,,Disabled,,Disabled,,,"Admin|HOD|Self|HRBP|L2 Manager|Vice President|Operations / Director|Deepta Mathur Employee Data View|Yogesh Employee Data View|Chaithra Palladka & Rina Patel|Shreshta Alawandi Employee Data and Confirmation|Jennifer Employee Data View & Onboarding","Admin|HOD|Self|HRBP|Manager|L2 Manager|Recruiters|Vice President|Deepta Mathur Employee Data View|Yogesh Employee Data View|Jennifer Employee Data View & Onboarding","Admin|HOD|Self|HRBP|Manager|L2 Manager|Vice President|Deepta Mathur Employee Data View|Yogesh Employee Data View|Jennifer Employee Data View & Onboarding",Admin,"Admin|HOD|Self|HRBP|Manager|L2 Manager|Recruiters|Vice President|Operations / Director|Deepta Mathur Employee Data View|Yogesh Employee Data View|Chaithra Palladka & Rina Patel|Shreshta Alawandi Employee Data and Confirmation|Jennifer Employee Data View & Onboarding",,,Disabled,Disabled,,Enabled,Disabled,Enabled,Enabled,Enabled,Enabled,Enabled,Enabled,Enabled,Disabled,Disabled,,,,,All,,NA,,NA,NA
Resume,resume_details,6,"Cover Letter",cover_letter,2,No,,,,Disabled,ALL,,,Disabled,Disabled,N.A,Disabled,,Disabled,,Disabled,,,"Admin|Self|HRBP|Vice President|Operations / Director|Deepta Mathur Employee Data View|Yogesh Employee Data View|Chaithra Palladka & Rina Patel|Shreshta Alawandi Employee Data and Confirmation||Jennifer Employee Data View & Onboarding","Admin|HOD|Self|HRBP|Manager|L2 Manager|Vice President|Deepta Mathur Employee Data View|Yogesh Employee Data View||Jennifer Employee Data View & Onboarding","Admin|HOD|Self|HRBP|Manager|L2 Manager|Vice President|Deepta Mathur Employee Data View|Yogesh Employee Data View||Jennifer Employee Data View & Onboarding",Admin,"Admin|Self|HRBP|Vice President|Operations / Director|Deepta Mathur Employee Data View|Yogesh Employee Data View|Chaithra Palladka & Rina Patel|Shreshta Alawandi Employee Data and Confirmation||Jennifer Employee Data View & Onboarding|HOD|Manager|L2 Manager",,,Disabled,Disabled,,Enabled,Disabled,Enabled,Disabled,Disabled,Disabled,Disabled,Disabled,Disabled,Disabled,Disabled,,,,,All,,NA,,NA,NA
Resume,resume_details,6,"Latest Resume",a64be456f8d117,3,Yes,"Multi File",,,Enabled,ALL,,,Disabled,Disabled,Disabled,Disabled,,Disabled,,Disabled,,,"Admin|HOD|Self|HRBP|L2 Manager|Vice President|Operations / Director|Deepta Mathur Employee Data View|Yogesh Employee Data View|Chaithra Palladka & Rina Patel|Shreshta Alawandi Employee Data and Confirmation||Jennifer Employee Data View & Onboarding","Admin|HOD|Self|HRBP|Manager|L2 Manager|Vice President|Deepta Mathur Employee Data View|Yogesh Employee Data View||Jennifer Employee Data View & Onboarding","Admin|HOD|Self|HRBP|Manager|L2 Manager|Vice President|Deepta Mathur Employee Data View|Yogesh Employee Data View||Jennifer Employee Data View & Onboarding",Admin,"Admin|HOD|Self|HRBP|L2 Manager|Vice President|Operations / Director|Deepta Mathur Employee Data View|Yogesh Employee Data View|Chaithra Palladka & Rina Patel|Shreshta Alawandi Employee Data and Confirmation||Jennifer Employee Data View & Onboarding|Manager",,,Disabled,Disabled,,Disabled,Disabled,Disabled,Disabled,Disabled,Disabled,Disabled,Disabled,Disabled,Disabled,Disabled,All,,,,,,Disabled,,NA,NA
Education,education_details,7,"Education Country",education_country,1,No,,,,Disabled,ALL,,,Disabled,Disabled,N.A,Disabled,,Disabled,,Disabled,,,Admin|Self,Admin,Admin,Admin,,,,Disabled,Disabled,,Disabled,Disabled,Disabled,Disabled,Disabled,Disabled,Disabled,Disabled,Disabled,Disabled,Disabled,,,,,All,,NA,,NA,NA
Education,education_details,7,"Educational category",education_category,2,No,,,,Enabled,ALL,,,Disabled,Disabled,N.A,Disabled,,Disabled,,Disabled,,,"Admin|Self|HRBP|Vice President|Ragini|Operations / Director|Deepta Mathur Employee Data View|Yogesh Employee Data View|Chaithra Palladka & Rina Patel|Shreshta Alawandi Employee Data and Confirmation||Jennifer Employee Data View & Onboarding","Admin|HOD|Self|HRBP|Manager|L2 Manager|Yogesh Kochare|Vice President|Deepta Mathur Employee Data View||Jennifer Employee Data View & Onboarding","Admin|HOD|Self|HRBP|Manager|L2 Manager|Yogesh Kochare|Vice President|Deepta Mathur Employee Data View||Jennifer Employee Data View & Onboarding",Admin,,,,Disabled,Disabled,,Enabled,Disabled,Enabled,Disabled,Disabled,Disabled,Disabled,Disabled,Disabled,Disabled,Disabled,,,,,All,,NA,,NA,NA
Education,education_details,7,"Education Degree",level_of_study,3,No,,,,Enabled,ALL,,,Disabled,Disabled,N.A,Disabled,,Disabled,,Disabled,,,"Admin|Self|HRBP|Vice President|Ragini|Operations / Director|Deepta Mathur Employee Data View|Yogesh Employee Data View|Chaithra Palladka & Rina Patel|Shreshta Alawandi Employee Data and Confirmation||Jennifer Employee Data View & Onboarding","Admin|HOD|Self|HRBP|Manager|L2 Manager|Yogesh Kochare|Vice President|Deepta Mathur Employee Data View||Jennifer Employee Data View & Onboarding","Admin|HOD|Self|HRBP|Manager|L2 Manager|Yogesh Kochare|Vice President|Deepta Mathur Employee Data View||Jennifer Employee Data View & Onboarding",Admin,,,,Disabled,Disabled,,Enabled,Disabled,Enabled,Disabled,Disabled,Disabled,Disabled,Disabled,Disabled,Enabled,Enabled,All,All,All,"Hiring Group|Scheduling Team|Screening Team|Shortlisting Team|Recruiter|Candidate|||",All,,NA,,NA,NA
Education,education_details,7,"Field of Specialisation",field_of_study,4,No,,,,Enabled,ALL,,,Disabled,Disabled,N.A,Disabled,,Disabled,,Disabled,,,"Admin|Self|HRBP|Vice President|Ragini|Operations / Director|Deepta Mathur Employee Data View|Yogesh Employee Data View|Chaithra Palladka & Rina Patel|Shreshta Alawandi Employee Data and Confirmation||Jennifer Employee Data View & Onboarding","Admin|HOD|Self|HRBP|Manager|L2 Manager|Yogesh Kochare|Vice President|Deepta Mathur Employee Data View||Jennifer Employee Data View & Onboarding","Admin|HOD|Self|HRBP|Manager|L2 Manager|Yogesh Kochare|Vice President|Deepta Mathur Employee Data View||Jennifer Employee Data View & Onboarding",Admin,,,,Disabled,Disabled,,Enabled,Disabled,Enabled,Disabled,Disabled,Disabled,Disabled,Disabled,Disabled,Enabled,Enabled,All,Candidate,All,"Scheduling Team|Screening Team|Shortlisting Team|Recruiter|Candidate|||",All,,NA,,NA,NA
Education,education_details,7,"Course Type/Degree Type",course_type,5,No,,,,Disabled,ALL,,,Disabled,Disabled,N.A,Disabled,,Disabled,,Disabled,,,"Admin|Self|HRBP|Vice President|Ragini|Operations / Director|Deepta Mathur Employee Data View|Yogesh Employee Data View|Chaithra Palladka & Rina Patel|Shreshta Alawandi Employee Data and Confirmation||Jennifer Employee Data View & Onboarding","Admin|HOD|Self|HRBP|Manager|L2 Manager|Yogesh Kochare|Vice President|Deepta Mathur Employee Data View||Jennifer Employee Data View & Onboarding","Admin|HOD|Self|HRBP|Manager|L2 Manager|Yogesh Kochare|Vice President|Deepta Mathur Employee Data View||Jennifer Employee Data View & Onboarding",Admin,,,,Disabled,Disabled,,Enabled,Disabled,Enabled,Disabled,Disabled,Disabled,Disabled,Disabled,Disabled,Disabled,Disabled,,,,,All,,NA,,NA,NA
Education,education_details,7,GPA/Percentage,gpa_percentage,6,No,,,,Disabled,ALL,,,Disabled,Disabled,N.A,Disabled,,Disabled,,Disabled,,,"Admin|Self|HRBP|Vice President|Ragini|Operations / Director|Deepta Mathur Employee Data View|Yogesh Employee Data View|Chaithra Palladka & Rina Patel|Shreshta Alawandi Employee Data and Confirmation||Jennifer Employee Data View & Onboarding","Admin|HOD|Self|HRBP|Manager|L2 Manager|Yogesh Kochare|Vice President|Deepta Mathur Employee Data View||Jennifer Employee Data View & Onboarding","Admin|HOD|Self|HRBP|Manager|L2 Manager|Yogesh Kochare|Vice President|Deepta Mathur Employee Data View||Jennifer Employee Data View & Onboarding",Admin,,,,Disabled,Disabled,,Enabled,Disabled,Enabled,Disabled,Disabled,Disabled,Disabled,Disabled,Disabled,Disabled,Disabled,,,,,All,,NA,,NA,NA
Education,education_details,7,"Max GPA/Percentage",max_gpa_percentage,7,No,,,,Disabled,ALL,,,Disabled,Disabled,N.A,Disabled,,Disabled,,Disabled,,,"Admin|Self|HRBP|Vice President|Ragini|Operations / Director|Deepta Mathur Employee Data View|Yogesh Employee Data View|Chaithra Palladka & Rina Patel|Shreshta Alawandi Employee Data and Confirmation||Jennifer Employee Data View & Onboarding","Admin|HOD|Self|HRBP|Manager|L2 Manager|Yogesh Kochare|Vice President|Deepta Mathur Employee Data View||Jennifer Employee Data View & Onboarding","Admin|HOD|Self|HRBP|Manager|L2 Manager|Yogesh Kochare|Vice President|Deepta Mathur Employee Data View||Jennifer Employee Data View & Onboarding",Admin,,,,Disabled,Disabled,,Enabled,Disabled,Enabled,Disabled,Disabled,Disabled,Disabled,Disabled,Disabled,Disabled,Disabled,,,,,All,,NA,,NA,NA
Education,education_details,7,"I am currently a student",iam_currently_student,8,No,,,,Enabled,ALL,,,Disabled,Disabled,N.A,Disabled,,Disabled,,Disabled,,,"Admin|Self|HRBP|Vice President|Ragini|Operations / Director|Deepta Mathur Employee Data View|Yogesh Employee Data View|Chaithra Palladka & Rina Patel|Shreshta Alawandi Employee Data and Confirmation||Jennifer Employee Data View & Onboarding","Admin|HOD|Self|HRBP|Manager|L2 Manager|Yogesh Kochare|Vice President|Deepta Mathur Employee Data View||Jennifer Employee Data View & Onboarding","Admin|HOD|Self|HRBP|Manager|L2 Manager|Yogesh Kochare|Vice President|Deepta Mathur Employee Data View||Jennifer Employee Data View & Onboarding",Admin,,,,Disabled,Disabled,,Enabled,Disabled,Enabled,Disabled,Disabled,Disabled,Disabled,Disabled,Disabled,Enabled,Disabled,All,Candidate,All,"Hiring Group|Scheduling Team|Screening Team|Shortlisting Team|Recruiter|Candidate|||",All,,NA,,NA,NA
Education,education_details,7,"Start Date",start_date,9,No,,,,Enabled,ALL,,,Disabled,Disabled,N.A,Disabled,,Disabled,,Disabled,,,"Admin|Self|HRBP|Vice President|Ragini|Operations / Director|Deepta Mathur Employee Data View|Yogesh Employee Data View|Chaithra Palladka & Rina Patel|Shreshta Alawandi Employee Data and Confirmation||Jennifer Employee Data View & Onboarding","Admin|HOD|Self|HRBP|Manager|L2 Manager|Yogesh Kochare|Vice President|Deepta Mathur Employee Data View||Jennifer Employee Data View & Onboarding","Admin|HOD|Self|HRBP|Manager|L2 Manager|Yogesh Kochare|Vice President|Deepta Mathur Employee Data View||Jennifer Employee Data View & Onboarding",Admin,,,,Disabled,Disabled,,Enabled,Disabled,Enabled,Disabled,Disabled,Disabled,Disabled,Disabled,Disabled,Enabled,Enabled,All,Candidate,All,Candidate,All,,NA,,NA,NA
Education,education_details,7,"Completion Date",completed_by,10,No,,,,Enabled,ALL,,,Disabled,Disabled,N.A,Disabled,,Disabled,,Disabled,,,"Admin|Self|HRBP|Vice President|Ragini|Operations / Director|Deepta Mathur Employee Data View|Yogesh Employee Data View|Chaithra Palladka & Rina Patel|Shreshta Alawandi Employee Data and Confirmation||Jennifer Employee Data View & Onboarding","Admin|HOD|Self|HRBP|Manager|L2 Manager|Yogesh Kochare|Vice President|Deepta Mathur Employee Data View||Jennifer Employee Data View & Onboarding","Admin|HOD|Self|HRBP|Manager|L2 Manager|Yogesh Kochare|Vice President|Deepta Mathur Employee Data View||Jennifer Employee Data View & Onboarding",Admin,,,,Disabled,Disabled,,Enabled,Disabled,Enabled,Disabled,Disabled,Disabled,Disabled,Disabled,Disabled,Enabled,Disabled,All,Candidate,All,"Hiring Group|Scheduling Team|Screening Team|Shortlisting Team|Recruiter|Candidate|||",All,,NA,,NA,NA
Education,education_details,7,Institute,institution_name,11,No,,,,Enabled,ALL,,,Disabled,Disabled,N.A,Disabled,,Disabled,,Disabled,,,"Admin|Self|HRBP|Vice President|Ragini|Operations / Director|Deepta Mathur Employee Data View|Yogesh Employee Data View|Chaithra Palladka & Rina Patel|Shreshta Alawandi Employee Data and Confirmation||Jennifer Employee Data View & Onboarding","Admin|HOD|Self|HRBP|Manager|L2 Manager|Yogesh Kochare|Vice President|Deepta Mathur Employee Data View||Jennifer Employee Data View & Onboarding","Admin|HOD|Self|HRBP|Manager|L2 Manager|Yogesh Kochare|Vice President|Deepta Mathur Employee Data View||Jennifer Employee Data View & Onboarding",Admin,,,,Disabled,Disabled,,Enabled,Disabled,Enabled,Disabled,Disabled,Disabled,Disabled,Disabled,Disabled,Enabled,Enabled,All,Candidate,All,"Hiring Group|Scheduling Team|Screening Team|Shortlisting Team|Recruiter|Candidate|||",All,,NA,,NA,NA
Education,education_details,7,University,university,12,No,,,,Disabled,ALL,,,Disabled,Disabled,N.A,Disabled,,Disabled,,Disabled,,,"Admin|Self|HRBP|Vice President|Ragini|Operations / Director|Deepta Mathur Employee Data View|Yogesh Employee Data View|Chaithra Palladka & Rina Patel|Shreshta Alawandi Employee Data and Confirmation||Jennifer Employee Data View & Onboarding","Admin|HOD|Self|HRBP|Manager|L2 Manager|Yogesh Kochare|Vice President|Deepta Mathur Employee Data View||Jennifer Employee Data View & Onboarding","Admin|HOD|Self|HRBP|Manager|L2 Manager|Yogesh Kochare|Vice President|Deepta Mathur Employee Data View||Jennifer Employee Data View & Onboarding",Admin,,,,Disabled,Disabled,,Enabled,Disabled,Enabled,Disabled,Disabled,Disabled,Disabled,Disabled,Disabled,Disabled,Disabled,,,,,All,,NA,,NA,NA
Education,education_details,7,"Registration Number",a65964ac07bbab,13,Yes,Text,,,Enabled,ALL,,,Disabled,Disabled,Disabled,Disabled,,Disabled,,Disabled,,,"Admin|HOD|Self|HRBP|Manager|L2 Manager|Vice President|Operations / Director|Deepta Mathur Employee Data View|Yogesh Employee Data View||Jennifer Employee Data View & Onboarding","Admin|HOD|Self|HRBP|Manager|L2 Manager|Vice President|Deepta Mathur Employee Data View|Yogesh Employee Data View||Jennifer Employee Data View & Onboarding","Admin|HOD|Self|HRBP|Manager|L2 Manager|Vice President|Deepta Mathur Employee Data View|Yogesh Employee Data View||Jennifer Employee Data View & Onboarding",Admin,,,,Disabled,Disabled,,Enabled,Disabled,Enabled,Disabled,Disabled,Disabled,Disabled,Disabled,Disabled,Enabled,Disabled,All,"Hiring Group|Scheduling Team|Screening Team|Shortlisting Team|Recruiter|Candidate","All|Hiring Group|Scheduling Team|Screening Team|Shortlisting Team|Recruiter|Candidate|CEO|Recruiters|Yogesh Kochare|HR - Recruitment Permission","Scheduling Team|Screening Team|Shortlisting Team|Recruiter|Candidate|Recruiters|Yogesh Kochare|HR - Recruitment Permission|Deepta Mathur Recruitment Admin|Jennifer Recruitment Permission",,,Disabled,,NA,NA
Education,education_details,7,"Educational proof degree or marksheet",a659649d96c6db,14,Yes,File,,,Enabled,ALL,,,Disabled,Disabled,Disabled,Disabled,,Disabled,,Disabled,,,"Admin|HOD|Self|HRBP|Manager|L2 Manager|Vice President|Operations / Director|Deepta Mathur Employee Data View|Yogesh Employee Data View||Jennifer Employee Data View & Onboarding","Admin|HOD|Self|HRBP|Manager|L2 Manager|Vice President|Deepta Mathur Employee Data View|Yogesh Employee Data View||Jennifer Employee Data View & Onboarding","Admin|HOD|Self|HRBP|Manager|L2 Manager|Vice President|Deepta Mathur Employee Data View|Yogesh Employee Data View||Jennifer Employee Data View & Onboarding",Admin,"Admin|HOD|Self|HRBP|Manager|L2 Manager|Vice President|Operations / Director|Deepta Mathur Employee Data View|Yogesh Employee Data View||Jennifer Employee Data View & Onboarding",,,Disabled,Disabled,,Enabled,Disabled,Enabled,Disabled,Disabled,Disabled,Disabled,Disabled,Disabled,Enabled,Disabled,All,"Hiring Group|Scheduling Team|Screening Team|Shortlisting Team|Recruiter|Candidate",All,"Hiring Group|Scheduling Team|Screening Team|Shortlisting Team|Recruiter|Candidate|Recruiters|Yogesh Kochare|HR - Recruitment Permission|Deepta Mathur Recruitment Admin|Jennifer Recruitment Permission",,,Disabled,,NA,NA
Education,education_details,7,"Educational documents proofs",educational_documents_proofs,15,No,,,,Disabled,ALL,,,Disabled,Disabled,N.A,Disabled,,Disabled,,Disabled,,,"Admin|Self|HRBP|Vice President|Ragini|Operations / Director|Deepta Mathur Employee Data View|Yogesh Employee Data View|Chaithra Palladka & Rina Patel|Shreshta Alawandi Employee Data and Confirmation||Jennifer Employee Data View & Onboarding","Admin|HOD|Self|HRBP|Manager|L2 Manager|Yogesh Kochare|Vice President|Deepta Mathur Employee Data View||Jennifer Employee Data View & Onboarding","Admin|HOD|Self|HRBP|Manager|L2 Manager|Yogesh Kochare|Vice President|Deepta Mathur Employee Data View||Jennifer Employee Data View & Onboarding",Admin,"Admin|Self|HRBP|Vice President|Ragini|Operations / Director|Deepta Mathur Employee Data View|Yogesh Employee Data View|Chaithra Palladka & Rina Patel|Shreshta Alawandi Employee Data and Confirmation||Jennifer Employee Data View & Onboarding|HOD|Manager|L2 Manager|Yogesh Kochare",,,Disabled,Disabled,,Disabled,Disabled,Disabled,Disabled,Disabled,Disabled,Disabled,Disabled,Disabled,Disabled,Disabled,All,Candidate,All,"Hiring Group|Scheduling Team|Screening Team|Shortlisting Team|Recruiter|Candidate|||",All,,NA,,NA,NA
Education,education_details,7,Notes,notes,16,No,,,,Enabled,ALL,,,Disabled,Disabled,N.A,Disabled,,Disabled,,Disabled,,,"Admin|Self|HRBP|Vice President|Ragini|Operations / Director|Deepta Mathur Employee Data View|Yogesh Employee Data View|Chaithra Palladka & Rina Patel|Shreshta Alawandi Employee Data and Confirmation||Jennifer Employee Data View & Onboarding","Admin|HOD|Self|HRBP|Manager|L2 Manager|Yogesh Kochare|Vice President|Deepta Mathur Employee Data View||Jennifer Employee Data View & Onboarding","Admin|HOD|Self|HRBP|Manager|L2 Manager|Yogesh Kochare|Vice President|Deepta Mathur Employee Data View||Jennifer Employee Data View & Onboarding",Admin,,,,Disabled,Disabled,,Disabled,Disabled,Disabled,Disabled,Disabled,Disabled,Disabled,Disabled,Disabled,Disabled,Disabled,All,Candidate,,,All,,NA,,NA,NA
Education,education_details,7,Activities,activities,17,No,,,,Enabled,ALL,,,Disabled,Disabled,N.A,Disabled,,Disabled,,Disabled,,,"Admin|Self|HRBP|Vice President|Ragini|Operations / Director|Deepta Mathur Employee Data View|Yogesh Employee Data View|Chaithra Palladka & Rina Patel|Shreshta Alawandi Employee Data and Confirmation||Jennifer Employee Data View & Onboarding","Admin|HOD|Self|HRBP|Manager|L2 Manager|Yogesh Kochare|Vice President|Deepta Mathur Employee Data View||Jennifer Employee Data View & Onboarding","Admin|HOD|Self|HRBP|Manager|L2 Manager|Yogesh Kochare|Vice President|Deepta Mathur Employee Data View||Jennifer Employee Data View & Onboarding",Admin,,,,Disabled,Disabled,,Disabled,Disabled,Disabled,Disabled,Disabled,Disabled,Disabled,Disabled,Disabled,Disabled,Disabled,All,Candidate,,,All,,NA,,NA,NA
Education,education_details,7,"This is my highest Education Qualification",high_edu_qualification,18,No,,,,Enabled,ALL,,,Disabled,Disabled,N.A,Disabled,,Disabled,,Disabled,,,"Admin|Self|HRBP|Vice President|Ragini|Operations / Director|Deepta Mathur Employee Data View|Yogesh Employee Data View|Chaithra Palladka & Rina Patel|Shreshta Alawandi Employee Data and Confirmation||Jennifer Employee Data View & Onboarding","Admin|HOD|Self|HRBP|Manager|L2 Manager|Yogesh Kochare|Vice President|Deepta Mathur Employee Data View||Jennifer Employee Data View & Onboarding","Admin|HOD|Self|HRBP|Manager|L2 Manager|Yogesh Kochare|Vice President|Deepta Mathur Employee Data View||Jennifer Employee Data View & Onboarding",Admin,,,,Disabled,Disabled,,Disabled,Disabled,Disabled,Disabled,Disabled,Disabled,Disabled,Disabled,Disabled,Disabled,Disabled,All,Candidate,,,All,,NA,,NA,NA
Education,education_details,7,"Institute Select",institute_talent,19,No,,,,Disabled,ALL,,,Disabled,Disabled,N.A,Disabled,,Disabled,,Disabled,,,"Admin|Self|HRBP|Vice President|Ragini|Operations / Director|Deepta Mathur Employee Data View|Yogesh Employee Data View|Chaithra Palladka & Rina Patel|Shreshta Alawandi Employee Data and Confirmation||Jennifer Employee Data View & Onboarding","Admin|HOD|Self|HRBP|Manager|L2 Manager|Yogesh Kochare|Vice President|Deepta Mathur Employee Data View||Jennifer Employee Data View & Onboarding","Admin|HOD|Self|HRBP|Manager|L2 Manager|Yogesh Kochare|Vice President|Deepta Mathur Employee Data View||Jennifer Employee Data View & Onboarding",Admin,,,,Disabled,Disabled,,Disabled,Disabled,Disabled,Disabled,Disabled,Disabled,Disabled,Disabled,Disabled,Disabled,Disabled,,,,,All,,NA,,NA,NA
Certifications,certification_details,8,"Certificate Name",certificate_name,1,No,,,,Enabled,ALL,,,Disabled,Disabled,N.A,Disabled,,Disabled,,Disabled,,,"Admin|Self|Manager|Yogesh Kochare|Vice President|Ragini|Operations / Director|Deepta Mathur Employee Data View|Chaithra Palladka & Rina Patel|Shreshta Alawandi Employee Data and Confirmation||Jennifer Employee Data View & Onboarding","Admin|HOD|Self|HRBP|Manager|L2 Manager|Vice President|Deepta Mathur Employee Data View|Yogesh Employee Data View||Jennifer Employee Data View & Onboarding","Admin|HOD|Self|HRBP|Manager|L2 Manager|Vice President|Deepta Mathur Employee Data View|Yogesh Employee Data View||Jennifer Employee Data View & Onboarding",Admin,,,,Disabled,Disabled,,Disabled,Disabled,Disabled,Disabled,Disabled,Disabled,Disabled,Disabled,Disabled,Disabled,Disabled,,,,,All,,NA,,NA,NA
Certifications,certification_details,8,"Certificate Number",certificate_number,2,No,,,,Enabled,ALL,,,Disabled,Disabled,N.A,Disabled,,Disabled,,Disabled,,,"Admin|Self|Manager|Yogesh Kochare|Vice President|Ragini|Operations / Director|Deepta Mathur Employee Data View|Chaithra Palladka & Rina Patel|Shreshta Alawandi Employee Data and Confirmation||Jennifer Employee Data View & Onboarding","Admin|HOD|Self|HRBP|Manager|L2 Manager|Vice President|Deepta Mathur Employee Data View|Yogesh Employee Data View||Jennifer Employee Data View & Onboarding","Admin|HOD|Self|HRBP|Manager|L2 Manager|Vice President|Deepta Mathur Employee Data View|Yogesh Employee Data View||Jennifer Employee Data View & Onboarding",Admin,,,,Disabled,Disabled,,Disabled,Disabled,Disabled,Disabled,Disabled,Disabled,Disabled,Disabled,Disabled,Disabled,Disabled,,,,,All,,NA,,NA,NA
Certifications,certification_details,8,Description,certificate_description,3,No,,,,Enabled,ALL,,,Disabled,Disabled,N.A,Disabled,,Disabled,,Disabled,,,"Admin|Self|Manager|Yogesh Kochare|Vice President|Ragini|Operations / Director|Deepta Mathur Employee Data View|Chaithra Palladka & Rina Patel|Shreshta Alawandi Employee Data and Confirmation||Jennifer Employee Data View & Onboarding","Admin|HOD|Self|HRBP|Manager|L2 Manager|Vice President|Deepta Mathur Employee Data View|Yogesh Employee Data View||Jennifer Employee Data View & Onboarding","Admin|HOD|Self|HRBP|Manager|L2 Manager|Vice President|Deepta Mathur Employee Data View|Yogesh Employee Data View||Jennifer Employee Data View & Onboarding",Admin,,,,Disabled,Disabled,,Disabled,Disabled,Disabled,Disabled,Disabled,Disabled,Disabled,Disabled,Disabled,Disabled,Disabled,,,,,All,,NA,,NA,NA
Certifications,certification_details,8,"Certificate Issue Date",certificate_issue_date,4,No,,,,Enabled,ALL,,,Disabled,Disabled,N.A,Disabled,,Disabled,,Disabled,,,"Admin|Self|Manager|Yogesh Kochare|Vice President|Ragini|Operations / Director|Deepta Mathur Employee Data View|Chaithra Palladka & Rina Patel|Shreshta Alawandi Employee Data and Confirmation||Jennifer Employee Data View & Onboarding","Admin|HOD|Self|HRBP|Manager|L2 Manager|Vice President|Deepta Mathur Employee Data View|Yogesh Employee Data View||Jennifer Employee Data View & Onboarding","Admin|HOD|Self|HRBP|Manager|L2 Manager|Vice President|Deepta Mathur Employee Data View|Yogesh Employee Data View||Jennifer Employee Data View & Onboarding",Admin,,,,Disabled,Disabled,,Disabled,Disabled,Disabled,Disabled,Disabled,Disabled,Disabled,Disabled,Disabled,Disabled,Disabled,,,,,All,,NA,,NA,NA
Certifications,certification_details,8,"Certification Completion Date",certification_completion_date,5,No,,,,Enabled,ALL,,,Disabled,Disabled,N.A,Disabled,,Disabled,,Disabled,,,"Admin|Self|Manager|Yogesh Kochare|Vice President|Ragini|Operations / Director|Deepta Mathur Employee Data View|Chaithra Palladka & Rina Patel|Shreshta Alawandi Employee Data and Confirmation||Jennifer Employee Data View & Onboarding","Admin|HOD|Self|HRBP|Manager|L2 Manager|Vice President|Deepta Mathur Employee Data View|Yogesh Employee Data View||Jennifer Employee Data View & Onboarding","Admin|HOD|Self|HRBP|Manager|L2 Manager|Vice President|Deepta Mathur Employee Data View|Yogesh Employee Data View||Jennifer Employee Data View & Onboarding",Admin,,,,Disabled,Disabled,,Disabled,Disabled,Disabled,Disabled,Disabled,Disabled,Disabled,Disabled,Disabled,Disabled,Disabled,,,,,All,,NA,,NA,NA
Certifications,certification_details,8,"Certification Expiry Date",certification_expiry_date,6,No,,,,Enabled,ALL,,,Disabled,Disabled,N.A,Disabled,,Disabled,,Disabled,,,"Admin|Self|Manager|Yogesh Kochare|Vice President|Ragini|Operations / Director|Deepta Mathur Employee Data View|Chaithra Palladka & Rina Patel|Shreshta Alawandi Employee Data and Confirmation||Jennifer Employee Data View & Onboarding","Admin|HOD|Self|HRBP|Manager|L2 Manager|Vice President|Deepta Mathur Employee Data View|Yogesh Employee Data View||Jennifer Employee Data View & Onboarding","Admin|HOD|Self|HRBP|Manager|L2 Manager|Vice President|Deepta Mathur Employee Data View|Yogesh Employee Data View||Jennifer Employee Data View & Onboarding",Admin,,,,Disabled,Disabled,,Disabled,Disabled,Disabled,Disabled,Disabled,Disabled,Disabled,Disabled,Disabled,Disabled,Disabled,,,,,All,,NA,,NA,NA
Certifications,certification_details,8,"Certificate Attachment",a6531e44c812f0,7,Yes,"Multi File",,,Enabled,ALL,,,Disabled,Disabled,Disabled,Disabled,,Disabled,,Disabled,,,"Admin|Self|Manager|Yogesh Kochare|Vice President|Ragini|Operations / Director|Deepta Mathur Employee Data View|Chaithra Palladka & Rina Patel|Shreshta Alawandi Employee Data and Confirmation||Jennifer Employee Data View & Onboarding","Admin|HOD|Self|HRBP|Manager|L2 Manager|Vice President|Deepta Mathur Employee Data View|Yogesh Employee Data View||Jennifer Employee Data View & Onboarding","Admin|HOD|Self|HRBP|Manager|L2 Manager|Vice President|Deepta Mathur Employee Data View|Yogesh Employee Data View||Jennifer Employee Data View & Onboarding",,"Admin|Self|Manager|Yogesh Kochare|Vice President|Ragini|Operations / Director|Deepta Mathur Employee Data View|Chaithra Palladka & Rina Patel|Shreshta Alawandi Employee Data and Confirmation||Jennifer Employee Data View & Onboarding|HOD|HRBP|L2 Manager|Yogesh Employee Data View",,,Disabled,Disabled,,Disabled,Disabled,Disabled,Disabled,Disabled,Disabled,Disabled,Disabled,Disabled,Disabled,Disabled,All,,,,,,Disabled,,NA,NA
"Work Experience",work_experience,9,Company,work_company,1,No,,,,Enabled,ALL,,,Disabled,Disabled,N.A,Disabled,,Disabled,,Disabled,,,"Admin|Self|HRBP|Vice President|Ragini|Operations / Director|Deepta Mathur Employee Data View|Yogesh Employee Data View|Chaithra Palladka & Rina Patel|Shreshta Alawandi Employee Data and Confirmation||Jennifer Employee Data View & Onboarding","Admin|HOD|Self|HRBP|Manager|L2 Manager|Vice President|Deepta Mathur Employee Data View|Yogesh Employee Data View||Jennifer Employee Data View & Onboarding","Admin|HOD|Self|HRBP|Manager|L2 Manager|Vice President|Deepta Mathur Employee Data View|Yogesh Employee Data View||Jennifer Employee Data View & Onboarding",Admin,,,,Disabled,Disabled,,Enabled,Disabled,Enabled,Disabled,Disabled,Disabled,Disabled,Disabled,Disabled,Enabled,Enabled,All,Candidate,All,"Hiring Group|Scheduling Team|Screening Team|Shortlisting Team|Recruiter|Candidate|Yogesh Kochare|Deepta Mathur Recruitment Admin|Jennifer Recruitment Permission",All,,NA,,NA,NA
"Work Experience",work_experience,9,"Job Title",job_title,2,No,,,,Enabled,ALL,,,Disabled,Disabled,N.A,Disabled,,Disabled,,Disabled,,,"Admin|Self|HRBP|Vice President|Ragini|Operations / Director|Deepta Mathur Employee Data View|Yogesh Employee Data View|Chaithra Palladka & Rina Patel|Shreshta Alawandi Employee Data and Confirmation||Jennifer Employee Data View & Onboarding","Admin|HOD|Self|HRBP|Manager|L2 Manager|Vice President|Deepta Mathur Employee Data View|Yogesh Employee Data View||Jennifer Employee Data View & Onboarding","Admin|HOD|Self|HRBP|Manager|L2 Manager|Vice President|Deepta Mathur Employee Data View|Yogesh Employee Data View||Jennifer Employee Data View & Onboarding",Admin,,,,Disabled,Disabled,,Enabled,Disabled,Enabled,Disabled,Disabled,Disabled,Disabled,Disabled,Disabled,Enabled,Enabled,All,Candidate,All,"Hiring Group|Scheduling Team|Screening Team|Shortlisting Team|Recruiter|Candidate|Yogesh Kochare|HR - Recruitment Permission|Deepta Mathur Recruitment Admin|Jennifer Recruitment Permission",All,,NA,,NA,NA
"Work Experience",work_experience,9,"Job Location",job_location,3,No,,,,Enabled,ALL,,,Disabled,Disabled,N.A,Disabled,,Disabled,,Disabled,,,"Admin|Self|HRBP|Vice President|Ragini|Operations / Director|Deepta Mathur Employee Data View|Yogesh Employee Data View|Chaithra Palladka & Rina Patel|Shreshta Alawandi Employee Data and Confirmation||Jennifer Employee Data View & Onboarding","Admin|HOD|Self|HRBP|Manager|L2 Manager|Vice President|Deepta Mathur Employee Data View|Yogesh Employee Data View||Jennifer Employee Data View & Onboarding","Admin|HOD|Self|HRBP|Manager|L2 Manager|Vice President|Deepta Mathur Employee Data View|Yogesh Employee Data View||Jennifer Employee Data View & Onboarding",Admin,,,,Disabled,Disabled,,Enabled,Disabled,Enabled,Disabled,Disabled,Disabled,Disabled,Disabled,Disabled,Enabled,Enabled,All,Candidate,All,"Scheduling Team|Screening Team|Shortlisting Team|Recruiter|Candidate|Yogesh Kochare|Deepta Mathur Recruitment Admin|Jennifer Recruitment Permission",All,,NA,,NA,NA
"Work Experience",work_experience,9,"I am currently working here",iam_currently_working,4,No,,,,Enabled,ALL,,,Disabled,Disabled,N.A,Disabled,,Disabled,,Disabled,,,"Admin|Self|HRBP|Vice President|Ragini|Operations / Director|Deepta Mathur Employee Data View|Yogesh Employee Data View|Chaithra Palladka & Rina Patel|Shreshta Alawandi Employee Data and Confirmation||Jennifer Employee Data View & Onboarding","Admin|HOD|Self|HRBP|Manager|L2 Manager|Vice President|Deepta Mathur Employee Data View|Yogesh Employee Data View||Jennifer Employee Data View & Onboarding","Admin|HOD|Self|HRBP|Manager|L2 Manager|Vice President|Deepta Mathur Employee Data View|Yogesh Employee Data View||Jennifer Employee Data View & Onboarding",Admin,,,,Disabled,Disabled,,Enabled,Disabled,Enabled,Disabled,Disabled,Disabled,Disabled,Disabled,Disabled,Enabled,Disabled,All,Candidate,All,"Hiring Group|Scheduling Team|Screening Team|Shortlisting Team|Recruiter|Candidate|Yogesh Kochare|Deepta Mathur Recruitment Admin|Jennifer Recruitment Permission",All,,NA,,NA,NA
"Work Experience",work_experience,9,"From Date",work_from_date,5,No,,,,Enabled,ALL,,,Disabled,Disabled,N.A,Disabled,,Disabled,,Disabled,,,"Admin|Self|HRBP|Vice President|Ragini|Operations / Director|Deepta Mathur Employee Data View|Yogesh Employee Data View|Chaithra Palladka & Rina Patel|Shreshta Alawandi Employee Data and Confirmation||Jennifer Employee Data View & Onboarding","Admin|HOD|Self|HRBP|Manager|L2 Manager|Vice President|Deepta Mathur Employee Data View|Yogesh Employee Data View||Jennifer Employee Data View & Onboarding","Admin|HOD|Self|HRBP|Manager|L2 Manager|Vice President|Deepta Mathur Employee Data View|Yogesh Employee Data View||Jennifer Employee Data View & Onboarding",Admin,,,,Disabled,Disabled,,Enabled,Disabled,Enabled,Disabled,Disabled,Disabled,Disabled,Disabled,Disabled,Enabled,Enabled,All,Candidate,All,"Hiring Group|Scheduling Team|Screening Team|Shortlisting Team|Recruiter|Candidate|Yogesh Kochare|Deepta Mathur Recruitment Admin|Jennifer Recruitment Permission",All,,NA,,NA,NA
"Work Experience",work_experience,9,"To Date",work_to_date,6,No,,,,Enabled,ALL,,,Disabled,Disabled,N.A,Disabled,,Disabled,,Disabled,,,"Admin|Self|HRBP|Vice President|Ragini|Operations / Director|Deepta Mathur Employee Data View|Yogesh Employee Data View|Chaithra Palladka & Rina Patel|Shreshta Alawandi Employee Data and Confirmation||Jennifer Employee Data View & Onboarding","Admin|HOD|Self|HRBP|Manager|L2 Manager|Vice President|Deepta Mathur Employee Data View|Yogesh Employee Data View||Jennifer Employee Data View & Onboarding","Admin|HOD|Self|HRBP|Manager|L2 Manager|Vice President|Deepta Mathur Employee Data View|Yogesh Employee Data View||Jennifer Employee Data View & Onboarding",Admin,,,,Disabled,Disabled,,Enabled,Disabled,Enabled,Disabled,Disabled,Disabled,Disabled,Disabled,Disabled,Enabled,Disabled,All,Candidate,All,"Hiring Group|Scheduling Team|Screening Team|Shortlisting Team|Recruiter|Candidate|Yogesh Kochare|Deepta Mathur Recruitment Admin|Jennifer Recruitment Permission",All,,NA,,NA,NA
"Work Experience",work_experience,9,"Job Summary",work_summary,7,No,,,,Enabled,ALL,,,Disabled,Disabled,N.A,Disabled,,Disabled,,Disabled,,,"Admin|Self|HRBP|Vice President|Ragini|Operations / Director|Deepta Mathur Employee Data View|Yogesh Employee Data View|Chaithra Palladka & Rina Patel|Shreshta Alawandi Employee Data and Confirmation||Jennifer Employee Data View & Onboarding","Admin|HOD|Self|HRBP|Manager|L2 Manager|Vice President|Deepta Mathur Employee Data View|Yogesh Employee Data View||Jennifer Employee Data View & Onboarding","Admin|HOD|Self|HRBP|Manager|L2 Manager|Vice President|Deepta Mathur Employee Data View|Yogesh Employee Data View||Jennifer Employee Data View & Onboarding",Admin,,,,Disabled,Disabled,,Disabled,Disabled,Disabled,Disabled,Disabled,Disabled,Disabled,Disabled,Disabled,Disabled,Disabled,All,,,,All,,NA,,NA,NA
"Work Experience",work_experience,9,Skills,work_skills,8,No,,,,Enabled,ALL,,,Disabled,Disabled,N.A,Disabled,,Disabled,,Disabled,,,"Admin|Self|HRBP|Vice President|Ragini|Operations / Director|Deepta Mathur Employee Data View|Yogesh Employee Data View|Chaithra Palladka & Rina Patel|Shreshta Alawandi Employee Data and Confirmation||Jennifer Employee Data View & Onboarding","Admin|HOD|Self|HRBP|Manager|L2 Manager|Vice President|Deepta Mathur Employee Data View|Yogesh Employee Data View||Jennifer Employee Data View & Onboarding","Admin|HOD|Self|HRBP|Manager|L2 Manager|Vice President|Deepta Mathur Employee Data View|Yogesh Employee Data View||Jennifer Employee Data View & Onboarding",Admin,,,,Disabled,Disabled,,Disabled,Disabled,Disabled,Disabled,Disabled,Disabled,Disabled,Disabled,Disabled,Disabled,Disabled,All,,,,All,,NA,,NA,NA
"Work Experience",work_experience,9,"Work Sector",work_sector,9,No,,,,Disabled,ALL,,,Disabled,Disabled,N.A,Disabled,,Disabled,,Disabled,,,Admin|Self,Admin,Admin,Admin,,,,Disabled,Disabled,,Disabled,Disabled,Enabled,Disabled,Disabled,Disabled,Disabled,Disabled,Disabled,Disabled,Disabled,,,,,,,NA,,NA,NA
"Work Experience",work_experience,9,"Industry /  Sector",industry_sector,10,No,,,,Disabled,ALL,,,Disabled,Disabled,N.A,Disabled,,Disabled,,Disabled,,,"Admin|Self|HRBP|Vice President|Ragini|Operations / Director|Deepta Mathur Employee Data View|Yogesh Employee Data View|Chaithra Palladka & Rina Patel|Shreshta Alawandi Employee Data and Confirmation||Jennifer Employee Data View & Onboarding","Admin|HOD|Self|HRBP|Manager|L2 Manager|Vice President|Deepta Mathur Employee Data View|Yogesh Employee Data View||Jennifer Employee Data View & Onboarding","Admin|HOD|Self|HRBP|Manager|L2 Manager|Vice President|Deepta Mathur Employee Data View|Yogesh Employee Data View||Jennifer Employee Data View & Onboarding",Admin,,,,Disabled,Disabled,,Disabled,Disabled,Disabled,Disabled,Disabled,Disabled,Disabled,Disabled,Disabled,Disabled,Disabled,,,,,All,,NA,,NA,NA
"Work Experience",work_experience,9,"No. Of Years of Experience",a64c6359a3ba0c,11,Yes,Text,,Numbers,Enabled,ALL,,,Disabled,Disabled,Disabled,Disabled,,Disabled,,Disabled,,,"Admin|HOD|Self|HRBP|Manager|L2 Manager|L3 and above|Dotted Line Manager|Vice President|Ragini|Operations / Director|Deepta Mathur Employee Data View|Yogesh Employee Data View|Chaithra Palladka & Rina Patel|Shreshta Alawandi Employee Data and Confirmation||Jennifer Employee Data View & Onboarding","Admin|HOD|Self|HRBP|Manager|L2 Manager|Vice President|Deepta Mathur Employee Data View|Yogesh Employee Data View||Jennifer Employee Data View & Onboarding","Admin|HOD|Self|HRBP|Manager|L2 Manager|L3 and above|Dotted Line Manager|CEO|Yogesh Kochare|Vice President|HODs|Deepta Mathur Employee Data View|Yogesh Employee Data View||Jennifer Employee Data View & Onboarding",Admin|HOD,,,,Disabled,Disabled,,Disabled,Disabled,Disabled,Disabled,Disabled,Disabled,Disabled,Disabled,Disabled,Disabled,Disabled,All,All,All,All,All,All,Disabled,,NA,NA
"Work Experience",work_experience,9,"Employee ID no.",a64d5805e25bb0,12,Yes,Text,,,Enabled,ALL,,,Disabled,Disabled,Disabled,Disabled,,Disabled,,Disabled,,,"Admin|Self|HRBP|Vice President|Ragini|Operations / Director|Deepta Mathur Employee Data View|Yogesh Employee Data View|Chaithra Palladka & Rina Patel|Shreshta Alawandi Employee Data and Confirmation||Jennifer Employee Data View & Onboarding","Admin|HOD|Self|HRBP|Manager|L2 Manager|Vice President|Deepta Mathur Employee Data View|Yogesh Employee Data View||Jennifer Employee Data View & Onboarding","Admin|HOD|Self|HRBP|Manager|L2 Manager|Vice President|Deepta Mathur Employee Data View|Yogesh Employee Data View||Jennifer Employee Data View & Onboarding",Admin,,,,Disabled,Disabled,,Enabled,Disabled,Enabled,Disabled,Disabled,Disabled,Disabled,Disabled,Disabled,Enabled,Enabled,All,Candidate,All,"Scheduling Team|Screening Team|Shortlisting Team|Recruiter|Candidate|Yogesh Kochare|Deepta Mathur Recruitment Admin|Jennifer Recruitment Permission",All,,Disabled,,NA,NA
"Work Experience",work_experience,9,"Experience Letter",a64d9af52a793d,13,Yes,File,,,Enabled,ALL,,,Disabled,Disabled,Disabled,Disabled,,Disabled,,Disabled,,,"Admin|Self|HRBP|Vice President|Ragini|Operations / Director|Deepta Mathur Employee Data View|Yogesh Employee Data View|Chaithra Palladka & Rina Patel|Shreshta Alawandi Employee Data and Confirmation||Jennifer Employee Data View & Onboarding","Admin|HOD|Self|HRBP|Manager|L2 Manager|Vice President|Deepta Mathur Employee Data View|Yogesh Employee Data View||Jennifer Employee Data View & Onboarding","Admin|HOD|Self|HRBP|Manager|L2 Manager|Vice President|Deepta Mathur Employee Data View|Yogesh Employee Data View||Jennifer Employee Data View & Onboarding",Admin,"Admin|HOD|Self|HRBP|Manager|L2 Manager|Vice President|Ragini|Operations / Director|Deepta Mathur Employee Data View|Yogesh Employee Data View|Chaithra Palladka & Rina Patel|Shreshta Alawandi Employee Data and Confirmation||Jennifer Employee Data View & Onboarding",,,Disabled,Disabled,,Enabled,Disabled,Enabled,Disabled,Disabled,Disabled,Disabled,Disabled,Disabled,Enabled,Disabled,All,Candidate,All,Candidate,All,,Disabled,,NA,NA
"Work Experience",work_experience,9,"Relieving Letter",a64d9af7be3646,14,Yes,File,,,Enabled,ALL,,,Disabled,Disabled,Disabled,Disabled,,Disabled,,Disabled,,,"Admin|Self|HRBP|Vice President|Ragini|Operations / Director|Deepta Mathur Employee Data View|Yogesh Employee Data View|Chaithra Palladka & Rina Patel|Shreshta Alawandi Employee Data and Confirmation||Jennifer Employee Data View & Onboarding","Admin|HOD|Self|HRBP|Manager|L2 Manager|Vice President|Deepta Mathur Employee Data View|Yogesh Employee Data View||Jennifer Employee Data View & Onboarding","Admin|HOD|Self|HRBP|Manager|L2 Manager|Vice President|Deepta Mathur Employee Data View|Yogesh Employee Data View||Jennifer Employee Data View & Onboarding",Admin,"Admin|HOD|Self|HRBP|Manager|L2 Manager|Vice President|Ragini|Operations / Director|Deepta Mathur Employee Data View|Yogesh Employee Data View|Chaithra Palladka & Rina Patel|Shreshta Alawandi Employee Data and Confirmation||Jennifer Employee Data View & Onboarding",,,Disabled,Disabled,,Enabled,Disabled,Enabled,Disabled,Disabled,Disabled,Disabled,Disabled,Disabled,Enabled,Disabled,All,Candidate,All,"Scheduling Team|Screening Team|Shortlisting Team|Recruiter|Candidate|Yogesh Kochare|Deepta Mathur Recruitment Admin|Jennifer Recruitment Permission",All,,Disabled,,NA,NA
"Work Experience",work_experience,9,"Last 3 month's salary slips",a64d9b0dc4c43c,15,Yes,"Multi File",,,Enabled,ALL,,,Disabled,Disabled,Disabled,Disabled,,Disabled,,Disabled,,,"Admin|Self|HRBP|Vice President|Ragini|Operations / Director|Deepta Mathur Employee Data View|Yogesh Employee Data View|Chaithra Palladka & Rina Patel|Shreshta Alawandi Employee Data and Confirmation||Jennifer Employee Data View & Onboarding","Admin|HOD|Self|HRBP|Manager|L2 Manager|Vice President|Deepta Mathur Employee Data View|Yogesh Employee Data View||Jennifer Employee Data View & Onboarding","Admin|HOD|Self|HRBP|Manager|L2 Manager|Vice President|Deepta Mathur Employee Data View|Yogesh Employee Data View||Jennifer Employee Data View & Onboarding",Admin,"Admin|HOD|Self|HRBP|Manager|L2 Manager|Vice President|Ragini|Operations / Director|Deepta Mathur Employee Data View|Yogesh Employee Data View|Chaithra Palladka & Rina Patel|Shreshta Alawandi Employee Data and Confirmation||Jennifer Employee Data View & Onboarding",,,Disabled,Disabled,,Enabled,Disabled,Enabled,Disabled,Disabled,Disabled,Disabled,Disabled,Disabled,Enabled,Disabled,All,All,All,"Scheduling Team|Screening Team|Shortlisting Team|Recruiter|Candidate|Yogesh Kochare|Deepta Mathur Recruitment Admin|Jennifer Recruitment Permission",All,,Disabled,,NA,NA
"Work Experience",work_experience,9,"Work experience proof experience letter or salary slip or appointment letter",a65964c5ea8f00,16,Yes,File,,,Enabled,ALL,,,Disabled,Disabled,Disabled,Disabled,,Disabled,,Enabled,"India-Work Experience Proof",,"Admin|HOD|Self|HRBP|Manager|L2 Manager|Vice President|Operations / Director|Deepta Mathur Employee Data View|Yogesh Employee Data View||Jennifer Employee Data View & Onboarding","Admin|HOD|Self|HRBP|Manager|L2 Manager|Vice President|Deepta Mathur Employee Data View|Yogesh Employee Data View||Jennifer Employee Data View & Onboarding","Admin|HOD|Self|HRBP|Manager|L2 Manager|Vice President|Deepta Mathur Employee Data View|Yogesh Employee Data View||Jennifer Employee Data View & Onboarding",Admin,"Admin|HOD|Self|HRBP|Manager|L2 Manager|Vice President|Operations / Director|Deepta Mathur Employee Data View|Yogesh Employee Data View||Jennifer Employee Data View & Onboarding",,,Disabled,Disabled,,Enabled,Disabled,Enabled,Disabled,Disabled,Disabled,Disabled,Disabled,Disabled,Enabled,Disabled,All,"Scheduling Team|Screening Team|Shortlisting Team|Recruiter|Candidate",All,"Scheduling Team|Screening Team|Shortlisting Team|Recruiter|Candidate|Recruiters|Yogesh Kochare|HR - Recruitment Permission|Deepta Mathur Recruitment Admin|Jennifer Recruitment Permission",,,Disabled,,NA,NA
"Work Experience",work_experience,9,"Latest Hike Letter",a64eeae4f28de6,17,Yes,File,,,Enabled,ALL,,,Disabled,Disabled,Disabled,Disabled,,Disabled,,Enabled,"India-Hike letter",,"Admin|Self|HRBP|Vice President|Ragini|Operations / Director|Deepta Mathur Employee Data View|Yogesh Employee Data View|Chaithra Palladka & Rina Patel|Shreshta Alawandi Employee Data and Confirmation||Jennifer Employee Data View & Onboarding","Admin|HOD|Self|HRBP|Manager|L2 Manager|Vice President|Deepta Mathur Employee Data View|Yogesh Employee Data View||Jennifer Employee Data View & Onboarding","Admin|HOD|Self|HRBP|Manager|L2 Manager|Vice President|Deepta Mathur Employee Data View|Yogesh Employee Data View||Jennifer Employee Data View & Onboarding",Admin,"Admin|HOD|Self|HRBP|Manager|L2 Manager|Vice President|Ragini|Operations / Director|Deepta Mathur Employee Data View|Yogesh Employee Data View|Chaithra Palladka & Rina Patel|Shreshta Alawandi Employee Data and Confirmation||Jennifer Employee Data View & Onboarding",,,Disabled,Disabled,,Enabled,Disabled,Enabled,Disabled,Disabled,Disabled,Disabled,Disabled,Disabled,Enabled,Disabled,All,"Scheduling Team|Screening Team|Shortlisting Team|Recruiter|Candidate",All,"Scheduling Team|Screening Team|Shortlisting Team|Recruiter|Candidate|Yogesh Kochare|Deepta Mathur Recruitment Admin|Jennifer Recruitment Permission",All,,Disabled,,NA,NA
"Work Experience",work_experience,9,"Offer Letter(Current Organization)",a64eeae9eb55cf,18,Yes,File,,,Enabled,ALL,,,Disabled,Disabled,Disabled,Disabled,,Disabled,,Enabled,"India-Offer Letter",,"Admin|Self|HRBP|Vice President|Ragini|Operations / Director|Deepta Mathur Employee Data View|Yogesh Employee Data View|Chaithra Palladka & Rina Patel|Shreshta Alawandi Employee Data and Confirmation||Jennifer Employee Data View & Onboarding","Admin|HOD|Self|HRBP|Manager|L2 Manager|Vice President|Deepta Mathur Employee Data View|Yogesh Employee Data View||Jennifer Employee Data View & Onboarding","Admin|HOD|Self|HRBP|Manager|L2 Manager|Vice President|Deepta Mathur Employee Data View|Yogesh Employee Data View||Jennifer Employee Data View & Onboarding",Admin,"Admin|HOD|Self|HRBP|Manager|L2 Manager|Vice President|Ragini|Operations / Director|Deepta Mathur Employee Data View|Yogesh Employee Data View|Chaithra Palladka & Rina Patel|Shreshta Alawandi Employee Data and Confirmation||Jennifer Employee Data View & Onboarding",,,Disabled,Disabled,,Enabled,Disabled,Enabled,Disabled,Disabled,Disabled,Disabled,Disabled,Disabled,Enabled,Disabled,All,"Scheduling Team|Screening Team|Shortlisting Team|Recruiter|Candidate",All,"Scheduling Team|Screening Team|Shortlisting Team|Recruiter|Candidate|Yogesh Kochare|Deepta Mathur Recruitment Admin|Jennifer Recruitment Permission",All,,Disabled,,NA,NA
"Work Experience",work_experience,9,"Bank Statement",a650151ee42cc9,19,Yes,"Multi File",,,Enabled,ALL,,,Disabled,Disabled,Disabled,Disabled,,Disabled,,Disabled,,,"Admin|Self|HRBP|Vice President|Ragini|Operations / Director|Deepta Mathur Employee Data View|Yogesh Employee Data View|Chaithra Palladka & Rina Patel|Shreshta Alawandi Employee Data and Confirmation||Jennifer Employee Data View & Onboarding","Admin|HOD|Self|HRBP|Manager|L2 Manager|Vice President|Deepta Mathur Employee Data View|Yogesh Employee Data View||Jennifer Employee Data View & Onboarding","Admin|HOD|Self|HRBP|Manager|L2 Manager|Vice President|Deepta Mathur Employee Data View|Yogesh Employee Data View||Jennifer Employee Data View & Onboarding",Admin,"Admin|HOD|Self|HRBP|Manager|L2 Manager|Vice President|Ragini|Operations / Director|Deepta Mathur Employee Data View|Yogesh Employee Data View|Chaithra Palladka & Rina Patel|Shreshta Alawandi Employee Data and Confirmation||Jennifer Employee Data View & Onboarding",,,Disabled,Disabled,,Enabled,Disabled,Enabled,Disabled,Disabled,Disabled,Disabled,Disabled,Disabled,Enabled,Disabled,All,"Hiring Group|Scheduling Team|Screening Team|Shortlisting Team|Recruiter|Candidate",All,"Hiring Group|Scheduling Team|Screening Team|Shortlisting Team|Recruiter|Candidate|Yogesh Kochare|Deepta Mathur Recruitment Admin|Jennifer Recruitment Permission",,,Disabled,,NA,NA
"Work Experience",work_experience,9,"Candidates who have quit their current organization or have gaps in their experience need to submit, References, offer letters and experience lettters of previous organizations worked also",a64eeaf67ba906,20,Yes,Checkbox,Yes,,Disabled,ALL,,,Disabled,Disabled,Disabled,Disabled,,Disabled,,Enabled,"India-I have added all my previous Company's reference details, offer letter, experience/relieving letter and paylips.",,"Admin|Self|HRBP|Vice President|Ragini|Operations / Director|Deepta Mathur Employee Data View|Yogesh Employee Data View|Chaithra Palladka & Rina Patel|Shreshta Alawandi Employee Data and Confirmation||Jennifer Employee Data View & Onboarding","Admin|HOD|Self|HRBP|Manager|L2 Manager|Vice President|Deepta Mathur Employee Data View|Yogesh Employee Data View||Jennifer Employee Data View & Onboarding","Admin|HOD|Self|HRBP|Manager|L2 Manager|Vice President|Deepta Mathur Employee Data View|Yogesh Employee Data View||Jennifer Employee Data View & Onboarding",Admin,,,,Disabled,Disabled,,Disabled,Disabled,Disabled,Disabled,Disabled,Disabled,Disabled,Disabled,Disabled,Disabled,Disabled,All,Candidate,All,Candidate,All,,Disabled,,NA,NA
"Work Experience",work_experience,9,"Manager Name",a65015db8d82a3,21,Yes,Text,,,Enabled,ALL,,,Disabled,Disabled,Disabled,Disabled,,Disabled,,Disabled,,,"Admin|Self|HRBP|Vice President|Ragini|Operations / Director|Deepta Mathur Employee Data View|Yogesh Employee Data View|Chaithra Palladka & Rina Patel|Shreshta Alawandi Employee Data and Confirmation||Jennifer Employee Data View & Onboarding","Admin|HOD|Self|HRBP|Manager|L2 Manager|Vice President|Deepta Mathur Employee Data View|Yogesh Employee Data View||Jennifer Employee Data View & Onboarding","Admin|HOD|Self|HRBP|Manager|L2 Manager|Vice President|Deepta Mathur Employee Data View|Yogesh Employee Data View||Jennifer Employee Data View & Onboarding",,,,,Disabled,Disabled,,Enabled,Disabled,Enabled,Disabled,Disabled,Disabled,Disabled,Disabled,Disabled,Enabled,Disabled,All,,"Scheduling Team|Screening Team|Shortlisting Team|Recruiter|Candidate","Hiring Group|Scheduling Team|Screening Team|Shortlisting Team|Recruiter|Candidate|Yogesh Kochare|Deepta Mathur Recruitment Admin|Jennifer Recruitment Permission",,,Disabled,,NA,NA
"Work Experience",work_experience,9,"Manager Designation",a65015ed3d6884,22,Yes,Text,,,Enabled,ALL,,,Disabled,Disabled,Disabled,Disabled,,Disabled,,Disabled,,,"Admin|Self|HRBP|Vice President|Ragini|Operations / Director|Deepta Mathur Employee Data View|Yogesh Employee Data View|Chaithra Palladka & Rina Patel|Shreshta Alawandi Employee Data and Confirmation||Jennifer Employee Data View & Onboarding","Admin|HOD|Self|HRBP|Manager|L2 Manager|Vice President|Deepta Mathur Employee Data View|Yogesh Employee Data View||Jennifer Employee Data View & Onboarding","Admin|HOD|Self|HRBP|Manager|L2 Manager|Vice President|Deepta Mathur Employee Data View|Yogesh Employee Data View||Jennifer Employee Data View & Onboarding",,,,,Disabled,Disabled,,Enabled,Disabled,Enabled,Disabled,Disabled,Disabled,Disabled,Disabled,Disabled,Enabled,Disabled,All,,"Hiring Group|Scheduling Team|Screening Team|Shortlisting Team|Recruiter|Candidate","Hiring Group|Scheduling Team|Screening Team|Shortlisting Team|Recruiter|Candidate|Yogesh Kochare|HR - Recruitment Permission|Deepta Mathur Recruitment Admin|Jennifer Recruitment Permission",,,Disabled,,NA,NA
"Work Experience",work_experience,9,"Manager Number",a65015f1447866,23,Yes,Text,,"Number with 10 digits",Enabled,ALL,,,Disabled,Disabled,Disabled,Disabled,,Disabled,,Disabled,,,"Admin|Self|HRBP|Vice President|Ragini|Operations / Director|Deepta Mathur Employee Data View|Yogesh Employee Data View|Chaithra Palladka & Rina Patel|Shreshta Alawandi Employee Data and Confirmation||Jennifer Employee Data View & Onboarding","Admin|HOD|Self|HRBP|Manager|L2 Manager|Vice President|Deepta Mathur Employee Data View|Yogesh Employee Data View||Jennifer Employee Data View & Onboarding","Admin|HOD|Self|HRBP|Manager|L2 Manager|Vice President|Deepta Mathur Employee Data View|Yogesh Employee Data View||Jennifer Employee Data View & Onboarding",,,,,Disabled,Disabled,,Enabled,Disabled,Enabled,Disabled,Disabled,Disabled,Disabled,Disabled,Disabled,Enabled,Disabled,All,,"Scheduling Team|Screening Team|Shortlisting Team|Recruiter|Candidate","Scheduling Team|Screening Team|Shortlisting Team|Recruiter|Candidate|Yogesh Kochare|HR - Recruitment Permission|Deepta Mathur Recruitment Admin|Jennifer Recruitment Permission",,,Disabled,,NA,NA
"Work Experience",work_experience,9,"Manager E-Mail ID",a65015f711481b,24,Yes,Text,,Email,Enabled,ALL,,,Disabled,Disabled,Disabled,Disabled,,Disabled,,Disabled,,,"Admin|Self|HRBP|Vice President|Ragini|Operations / Director|Deepta Mathur Employee Data View|Yogesh Employee Data View|Chaithra Palladka & Rina Patel|Shreshta Alawandi Employee Data and Confirmation||Jennifer Employee Data View & Onboarding","Admin|HOD|Self|HRBP|Manager|L2 Manager|Vice President|Deepta Mathur Employee Data View|Yogesh Employee Data View||Jennifer Employee Data View & Onboarding","Admin|HOD|Self|HRBP|Manager|L2 Manager|Vice President|Deepta Mathur Employee Data View|Yogesh Employee Data View||Jennifer Employee Data View & Onboarding",,,,,Disabled,Disabled,,Enabled,Disabled,Enabled,Disabled,Disabled,Disabled,Disabled,Disabled,Disabled,Enabled,Disabled,All,,"Scheduling Team|Screening Team|Shortlisting Team|Recruiter|Candidate","Scheduling Team|Screening Team|Shortlisting Team|Recruiter|Candidate|Yogesh Kochare|HR - Recruitment Permission|Deepta Mathur Recruitment Admin|Jennifer Recruitment Permission",,,Disabled,,NA,NA
"Work Experience",work_experience,9,"HR Name",a65015fd15992c,25,Yes,Text,,,Enabled,ALL,,,Disabled,Disabled,Disabled,Disabled,,Disabled,,Disabled,,,"Admin|Self|HRBP|Vice President|Ragini|Operations / Director|Deepta Mathur Employee Data View|Yogesh Employee Data View|Chaithra Palladka & Rina Patel|Shreshta Alawandi Employee Data and Confirmation||Jennifer Employee Data View & Onboarding","Admin|HOD|Self|HRBP|Manager|L2 Manager|Vice President|Deepta Mathur Employee Data View|Yogesh Employee Data View||Jennifer Employee Data View & Onboarding","Admin|HOD|Self|HRBP|Manager|L2 Manager|Vice President|Deepta Mathur Employee Data View|Yogesh Employee Data View||Jennifer Employee Data View & Onboarding",,,,,Disabled,Disabled,,Enabled,Disabled,Enabled,Disabled,Disabled,Disabled,Disabled,Disabled,Disabled,Enabled,Disabled,All,,"Scheduling Team|Screening Team|Shortlisting Team|Recruiter|Candidate|||","Scheduling Team|Screening Team|Shortlisting Team|Recruiter|Candidate|||",,,Disabled,,NA,NA
"Work Experience",work_experience,9,"HR Designation",a65015fef00719,26,Yes,Text,,,Enabled,ALL,,,Disabled,Disabled,Disabled,Disabled,,Disabled,,Disabled,,,"Admin|Self|HRBP|Vice President|Ragini|Operations / Director|Deepta Mathur Employee Data View|Yogesh Employee Data View|Chaithra Palladka & Rina Patel|Shreshta Alawandi Employee Data and Confirmation||Jennifer Employee Data View & Onboarding","Admin|HOD|Self|HRBP|Manager|L2 Manager|Vice President|Deepta Mathur Employee Data View|Yogesh Employee Data View||Jennifer Employee Data View & Onboarding","Admin|HOD|Self|HRBP|Manager|L2 Manager|Vice President|Deepta Mathur Employee Data View|Yogesh Employee Data View||Jennifer Employee Data View & Onboarding",,,,,Disabled,Disabled,,Enabled,Disabled,Enabled,Disabled,Disabled,Disabled,Disabled,Disabled,Disabled,Enabled,Disabled,All,,"Hiring Group|Scheduling Team|Screening Team|Shortlisting Team|Recruiter|Candidate","Scheduling Team|Screening Team|Shortlisting Team|Recruiter|Candidate|Yogesh Kochare|HR - Recruitment Permission|Deepta Mathur Recruitment Admin|Jennifer Recruitment Permission",,,Disabled,,NA,NA
"Work Experience",work_experience,9,"HR Mobile Number",a65016033a3870,27,Yes,Text,,"Number with 10 digits",Enabled,ALL,,,Disabled,Disabled,Disabled,Disabled,,Disabled,,Disabled,,,"Admin|Self|HRBP|Vice President|Ragini|Operations / Director|Deepta Mathur Employee Data View|Yogesh Employee Data View|Chaithra Palladka & Rina Patel|Shreshta Alawandi Employee Data and Confirmation||Jennifer Employee Data View & Onboarding","Admin|HOD|Self|HRBP|Manager|L2 Manager|Vice President|Deepta Mathur Employee Data View|Yogesh Employee Data View||Jennifer Employee Data View & Onboarding","Admin|HOD|Self|HRBP|Manager|L2 Manager|Vice President|Deepta Mathur Employee Data View|Yogesh Employee Data View||Jennifer Employee Data View & Onboarding",,,,,Disabled,Disabled,,Enabled,Disabled,Enabled,Disabled,Disabled,Disabled,Disabled,Disabled,Disabled,Enabled,Disabled,All,"Hiring Group|Scheduling Team|Screening Team|Shortlisting Team|Recruiter|Candidate","Scheduling Team|Screening Team|Shortlisting Team|Recruiter|Candidate","Scheduling Team|Screening Team|Shortlisting Team|Recruiter|Candidate|Yogesh Kochare|Deepta Mathur Recruitment Admin|Jennifer Recruitment Permission",,,Disabled,,NA,NA
"Work Experience",work_experience,9,"HR Landline Number",a650160657cb1a,28,Yes,Text,,Numbers,Enabled,ALL,,,Disabled,Disabled,Disabled,Disabled,,Disabled,,Disabled,,,"Admin|Self|HRBP|Vice President|Ragini|Operations / Director|Deepta Mathur Employee Data View|Yogesh Employee Data View|Chaithra Palladka & Rina Patel|Shreshta Alawandi Employee Data and Confirmation||Jennifer Employee Data View & Onboarding","Admin|HOD|Self|HRBP|Manager|L2 Manager|Vice President|Deepta Mathur Employee Data View|Yogesh Employee Data View||Jennifer Employee Data View & Onboarding","Admin|HOD|Self|HRBP|Manager|L2 Manager|Vice President|Deepta Mathur Employee Data View|Yogesh Employee Data View||Jennifer Employee Data View & Onboarding",,,,,Disabled,Disabled,,Enabled,Disabled,Enabled,Disabled,Disabled,Disabled,Disabled,Disabled,Disabled,Enabled,Disabled,All,,"Scheduling Team|Screening Team|Shortlisting Team|Recruiter|Candidate","Scheduling Team|Screening Team|Shortlisting Team|Recruiter|Candidate|Yogesh Kochare|Deepta Mathur Recruitment Admin|Jennifer Recruitment Permission",,,Disabled,,NA,NA
"Work Experience",work_experience,9,"HR E-Mail ID",a65016080ddc91,29,Yes,Text,,Email,Enabled,ALL,,,Disabled,Disabled,Disabled,Disabled,,Disabled,,Disabled,,,"Admin|Self|HRBP|Vice President|Ragini|Operations / Director|Deepta Mathur Employee Data View|Yogesh Employee Data View|Chaithra Palladka & Rina Patel|Shreshta Alawandi Employee Data and Confirmation||Jennifer Employee Data View & Onboarding","Admin|HOD|Self|HRBP|Manager|L2 Manager|Vice President|Deepta Mathur Employee Data View|Yogesh Employee Data View||Jennifer Employee Data View & Onboarding","Admin|HOD|Self|HRBP|Manager|L2 Manager|Vice President|Deepta Mathur Employee Data View|Yogesh Employee Data View||Jennifer Employee Data View & Onboarding",,,,,Disabled,Disabled,,Enabled,Disabled,Enabled,Disabled,Disabled,Disabled,Disabled,Disabled,Disabled,Enabled,Disabled,All,,"Scheduling Team|Screening Team|Shortlisting Team|Recruiter|Candidate","Scheduling Team|Screening Team|Shortlisting Team|Recruiter|Candidate|Yogesh Kochare|Deepta Mathur Recruitment Admin|Jennifer Recruitment Permission",,,Disabled,,NA,NA
"Work Experience",work_experience,9,"I have added all my previous Company's reference details, offer letter, experience/relieving letter, hike letter and payslips.",a6501545862cfb,30,Yes,Checkbox,Yes,,Enabled,ALL,,,Disabled,Disabled,Disabled,Disabled,,Disabled,,Disabled,,,"Admin|Self|HRBP|Vice President|Ragini|Operations / Director|Deepta Mathur Employee Data View|Yogesh Employee Data View|Chaithra Palladka & Rina Patel|Shreshta Alawandi Employee Data and Confirmation||Jennifer Employee Data View & Onboarding","Admin|HOD|Self|HRBP|Manager|L2 Manager|Vice President|Deepta Mathur Employee Data View|Yogesh Employee Data View||Jennifer Employee Data View & Onboarding","Admin|HOD|Self|HRBP|Manager|L2 Manager|Vice President|Deepta Mathur Employee Data View|Yogesh Employee Data View||Jennifer Employee Data View & Onboarding",Admin,,,,Disabled,Disabled,,Enabled,Disabled,Enabled,Disabled,Disabled,Disabled,Disabled,Disabled,Disabled,Enabled,Disabled,All,"Scheduling Team|Screening Team|Shortlisting Team|Recruiter|Candidate",All,"Scheduling Team|Screening Team|Shortlisting Team|Recruiter|Candidate|Yogesh Kochare|Deepta Mathur Recruitment Admin|Jennifer Recruitment Permission",All,,Disabled,,NA,NA
"Reference Details Previous Company",references,10,"Reference Name",reference_name,1,No,,,,Disabled,ALL,,,Disabled,Disabled,N.A,Disabled,,Disabled,,Disabled,,,,,,,,,,Disabled,Disabled,,Disabled,Disabled,Disabled,Disabled,Disabled,Disabled,Disabled,Disabled,Disabled,Disabled,Disabled,All,All,All,All,All,All,NA,,NA,NA
"Reference Details Previous Company",references,10,"Reference Company",reference_company,2,No,,,,Disabled,ALL,,,Disabled,Disabled,N.A,Disabled,,Disabled,,Enabled,"India-Company Name",,,,,,,,,Disabled,Disabled,,Disabled,Disabled,Disabled,Disabled,Disabled,Disabled,Disabled,Disabled,Disabled,Disabled,Disabled,All,All,All,All,All,All,NA,,NA,NA
"Reference Details Previous Company",references,10,"Reference Designation",reference_designation,3,No,,,,Disabled,ALL,,,Disabled,Disabled,N.A,Disabled,,Disabled,,Enabled,"India-HR Name",,,,,,,,,Disabled,Disabled,,Disabled,Disabled,Disabled,Disabled,Disabled,Disabled,Disabled,Disabled,Disabled,Disabled,Disabled,All,All,All,All,All,All,NA,,NA,NA
"Reference Details Previous Company",references,10,"Reference Phone Country Code",reference_phone_country_code,4,No,,,,Disabled,ALL,,,Disabled,Disabled,N.A,Disabled,,Disabled,,Disabled,,,,,,,,,,Disabled,Disabled,,Disabled,Disabled,Disabled,Disabled,Disabled,Disabled,Disabled,Disabled,Disabled,Disabled,Disabled,,,,,All,,NA,,NA,NA
"Reference Details Previous Company",references,10,"Reference Phone",reference_phone,5,No,,,,Disabled,ALL,,,Disabled,Disabled,N.A,Disabled,,Disabled,,Disabled,,,,,,,,,,Disabled,Disabled,,Disabled,Disabled,Disabled,Disabled,Disabled,Disabled,Disabled,Disabled,Disabled,Disabled,Disabled,All,All,All,All,All,All,NA,,NA,NA
"Reference Details Previous Company",references,10,"Reference Email",reference_email,6,No,,,,Disabled,ALL,,,Disabled,Disabled,N.A,Disabled,,Disabled,,Disabled,,,,,,,,,,Disabled,Disabled,,Disabled,Disabled,Disabled,Disabled,Disabled,Disabled,Disabled,Disabled,Disabled,Disabled,Disabled,All,All,All,All,All,All,NA,,NA,NA
Skill,array_section_four,11,"Primary Skills",a648fe0420e63f,1,Yes,Text,,,Enabled,ALL,,,Disabled,Disabled,Disabled,Disabled,,Disabled,,Disabled,,,"Admin|Self|HRBP|Manager|Vice President|Ragini|Operations / Director|Deepta Mathur Employee Data View|Yogesh Employee Data View|Chaithra Palladka & Rina Patel|Shreshta Alawandi Employee Data and Confirmation||Jennifer Employee Data View & Onboarding","Admin|HOD|Self|HRBP|Manager|L2 Manager|Vice President|Deepta Mathur Employee Data View|Yogesh Employee Data View||Jennifer Employee Data View & Onboarding","Admin|HOD|Self|HRBP|Manager|L2 Manager|Vice President|Deepta Mathur Employee Data View|Yogesh Employee Data View||Jennifer Employee Data View & Onboarding",Admin,,HRBP,,Disabled,Disabled,,Enabled,Disabled,Enabled,Enabled,Disabled,Enabled,Disabled,Enabled,Disabled,Enabled,Disabled,All,"Hiring Group|Scheduling Team|Screening Team|Shortlisting Team|Recruiter|Candidate",All,"Hiring Group|Scheduling Team|Screening Team|Shortlisting Team|Recruiter|Candidate|||",All,All,Disabled,,NA,NA
Skill,array_section_four,11,"Secondary Skills",a648fe0634254e,2,Yes,Text,,,Enabled,ALL,,,Disabled,Disabled,Disabled,Disabled,,Disabled,,Disabled,,,"Admin|Self|HRBP|Manager|Vice President|Ragini|Operations / Director|Deepta Mathur Employee Data View|Yogesh Employee Data View|Chaithra Palladka & Rina Patel|Shreshta Alawandi Employee Data and Confirmation||Jennifer Employee Data View & Onboarding","Admin|HOD|Self|HRBP|Manager|L2 Manager|Vice President|Deepta Mathur Employee Data View|Yogesh Employee Data View||Jennifer Employee Data View & Onboarding","Admin|HOD|Self|HRBP|Manager|L2 Manager|Vice President|Deepta Mathur Employee Data View|Yogesh Employee Data View||Jennifer Employee Data View & Onboarding",Admin,,HRBP,,Disabled,Disabled,,Enabled,Disabled,Enabled,Enabled,Disabled,Enabled,Disabled,Enabled,Disabled,Enabled,Disabled,All,"Hiring Group|Scheduling Team|Screening Team|Shortlisting Team|Recruiter|Candidate",All,"Hiring Group|Scheduling Team|Screening Team|Shortlisting Team|Recruiter|Candidate|||",,,Disabled,,NA,NA
Skill,array_section_four,11,"Skill Summary",a648fe07962bb4,3,Yes,"Text Area",,,Enabled,ALL,,,Disabled,Disabled,Disabled,Disabled,,Disabled,,Disabled,,,"Admin|Self|HRBP|Manager|Vice President|Ragini|Operations / Director|Deepta Mathur Employee Data View|Yogesh Employee Data View|Chaithra Palladka & Rina Patel|Shreshta Alawandi Employee Data and Confirmation||Jennifer Employee Data View & Onboarding","Admin|HOD|Self|HRBP|Manager|L2 Manager|Vice President|Deepta Mathur Employee Data View|Yogesh Employee Data View||Jennifer Employee Data View & Onboarding","Admin|HOD|Self|HRBP|Manager|L2 Manager|Vice President|Deepta Mathur Employee Data View|Yogesh Employee Data View||Jennifer Employee Data View & Onboarding",Admin,,HRBP,,Disabled,Disabled,,Disabled,Disabled,Disabled,Disabled,Disabled,Disabled,Disabled,Disabled,Disabled,Disabled,Disabled,All,,,,,,Disabled,,NA,NA
Skill,array_section_four,11,"Years of Experience",a64904cbbf1ed2,4,Yes,Text,,Numbers,Enabled,ALL,,,Disabled,Disabled,Disabled,Disabled,,Disabled,,Disabled,,,"Admin|Self|HRBP|Manager|Vice President|Ragini|Operations / Director|Deepta Mathur Employee Data View|Yogesh Employee Data View|Chaithra Palladka & Rina Patel|Shreshta Alawandi Employee Data and Confirmation||Jennifer Employee Data View & Onboarding","Admin|HOD|Self|HRBP|Manager|L2 Manager|Vice President|Deepta Mathur Employee Data View|Yogesh Employee Data View||Jennifer Employee Data View & Onboarding","Admin|HOD|Self|HRBP|Manager|L2 Manager|Vice President|Deepta Mathur Employee Data View|Yogesh Employee Data View||Jennifer Employee Data View & Onboarding",Admin,,HRBP,,Disabled,Disabled,,Disabled,Disabled,Disabled,Disabled,Disabled,Disabled,Disabled,Disabled,Disabled,Disabled,Disabled,All,,,,,,Disabled,,NA,NA
Employment,job_details,12,"Employee ID",employee_id,1,No,,,,Enabled,ALL,,,Disabled,Disabled,Disabled,Disabled,,Disabled,,Disabled,,,"Admin|Self|HRBP|IT Admin|Accounts - Payroll|Vice President|Ragini|Operations / Director|Deepta Mathur Employee Data View|Yogesh Employee Data View|Chaithra Palladka & Rina Patel|Shreshta Alawandi Employee Data and Confirmation|Jennifer Employee Data View & Onboarding|Payroll - Admin",Admin,Admin,Admin,,,,Disabled,Disabled,,Disabled,Disabled,Disabled,Disabled,Disabled,Disabled,Disabled,Disabled,Disabled,Disabled,Disabled,,,,,All,,Disabled,,NA,Disabled
Employment,job_details,12,"Date of Joining",date_of_joining,2,No,,,,Enabled,ALL,,,Disabled,Disabled,Disabled,Disabled,,Disabled,,Disabled,,,"Admin|Self|HRBP|IT Admin|Accounts - Payroll|Vice President|Ragini|Operations / Director|Deepta Mathur Employee Data View|Yogesh Employee Data View|Chaithra Palladka & Rina Patel|Shreshta Alawandi Employee Data and Confirmation|Jennifer Employee Data View & Onboarding|Payroll - Admin","Admin|Accounts - Payroll|Deepta Mathur Employee Data View|Jennifer Employee Data View & Onboarding","Admin|Accounts - Payroll|Deepta Mathur Employee Data View|Jennifer Employee Data View & Onboarding",Admin,,,,Disabled,Disabled,,Disabled,Disabled,Disabled,Disabled,Disabled,Disabled,Disabled,Disabled,Disabled,Disabled,Disabled,All,,,,All,,Disabled,,NA,Disabled
Employment,job_details,12,"Base office location",base_office_location,3,No,,,,Disabled,ALL,,,Disabled,Disabled,Disabled,Disabled,,Disabled,,Disabled,,,"Admin|Self|HRBP|Recruiters|Vice President|Ragini|Operations / Director|Deepta Mathur Employee Data View|Yogesh Employee Data View|Chaithra Palladka & Rina Patel|Shreshta Alawandi Employee Data and Confirmation|Jennifer Employee Data View & Onboarding","Admin|Deepta Mathur Employee Data View|Jennifer Employee Data View & Onboarding","Admin|Deepta Mathur Employee Data View|Jennifer Employee Data View & Onboarding",Admin,,,,Disabled,Disabled,,Disabled,Disabled,Disabled,Disabled,Disabled,Disabled,Disabled,Disabled,Disabled,Disabled,Disabled,All,,,,All,,Disabled,,NA,Disabled
Employment,job_details,12,"Probation Period",probation_period,4,No,,,,Enabled,ALL,,,Disabled,Disabled,Disabled,Disabled,,Disabled,,Disabled,,,"Admin|Self|HRBP|Vice President|Ragini|Operations / Director|Deepta Mathur Employee Data View|Yogesh Employee Data View|Chaithra Palladka & Rina Patel|Shreshta Alawandi Employee Data and Confirmation|Jennifer Employee Data View & Onboarding","Admin|Deepta Mathur Employee Data View|Jennifer Employee Data View & Onboarding","Admin|Deepta Mathur Employee Data View|Jennifer Employee Data View & Onboarding",Admin,,,,Disabled,Disabled,,Disabled,Disabled,Disabled,Disabled,Disabled,Disabled,Disabled,Disabled,Disabled,Disabled,Disabled,,,,,All,,Disabled,,NA,Disabled
Employment,job_details,12,Timezone,timezone,5,No,,,,Enabled,ALL,,,Disabled,Disabled,Disabled,Disabled,,Disabled,,Disabled,,,"Admin|Self|HRBP|Vice President|Ragini|Operations / Director|Deepta Mathur Employee Data View|Yogesh Employee Data View|Chaithra Palladka & Rina Patel|Shreshta Alawandi Employee Data and Confirmation|Jennifer Employee Data View & Onboarding","Admin|Deepta Mathur Employee Data View|Jennifer Employee Data View & Onboarding","Admin|Deepta Mathur Employee Data View|Jennifer Employee Data View & Onboarding",Admin,,,,Disabled,Disabled,,Enabled,Disabled,Enabled,Disabled,Disabled,Disabled,Disabled,Disabled,Disabled,Disabled,Disabled,,,,,All,,Disabled,,NA,Disabled
Employment,job_details,12,"Preferred Language",preferred_language,6,No,,,,Disabled,ALL,,,Disabled,Disabled,Disabled,Disabled,,Disabled,,Disabled,,,"Admin|Self|HRBP|Vice President|Ragini|Operations / Director|Deepta Mathur Employee Data View|Yogesh Employee Data View|Chaithra Palladka & Rina Patel|Shreshta Alawandi Employee Data and Confirmation|Jennifer Employee Data View & Onboarding","Admin|Deepta Mathur Employee Data View|Jennifer Employee Data View & Onboarding","Admin|Deepta Mathur Employee Data View|Jennifer Employee Data View & Onboarding",Admin,,,,Disabled,Disabled,,Disabled,Disabled,Disabled,Disabled,Disabled,Disabled,Disabled,Disabled,Disabled,Disabled,Disabled,,,,,All,,Disabled,,NA,Disabled
Employment,job_details,12,"Group date of joining",group_doj,7,No,,,,Enabled,ALL,,,Disabled,Disabled,Disabled,Disabled,,Disabled,,Disabled,,,"Admin|Self|HRBP|Vice President|Ragini|Operations / Director|Deepta Mathur Employee Data View|Yogesh Employee Data View|Chaithra Palladka & Rina Patel|Shreshta Alawandi Employee Data and Confirmation|Jennifer Employee Data View & Onboarding","Admin|Deepta Mathur Employee Data View|Jennifer Employee Data View & Onboarding|Payroll - Admin","Admin|Deepta Mathur Employee Data View|Jennifer Employee Data View & Onboarding|Payroll - Admin",Admin,,,,Disabled,Disabled,,Disabled,Disabled,Disabled,Disabled,Disabled,Disabled,Disabled,Disabled,Disabled,Disabled,Disabled,All,,,,All,,Disabled,,NA,Disabled
Employment,job_details,12,"Languages Spoken",languages_spoken,8,No,,,,Enabled,ALL,,,Disabled,Disabled,Disabled,Disabled,,Disabled,,Disabled,,,"Admin|Self|HRBP|Vice President|Ragini|Operations / Director|Deepta Mathur Employee Data View|Yogesh Employee Data View|Chaithra Palladka & Rina Patel|Shreshta Alawandi Employee Data and Confirmation|Jennifer Employee Data View & Onboarding","Admin|Deepta Mathur Employee Data View|Jennifer Employee Data View & Onboarding","Admin|Deepta Mathur Employee Data View|Jennifer Employee Data View & Onboarding",Admin,,,,Disabled,Disabled,,Enabled,Disabled,Enabled,Disabled,Disabled,Disabled,Disabled,Disabled,Disabled,Disabled,Disabled,,,,,All,,Disabled,,NA,Disabled
Employment,job_details,12,"Designation Alias",designation_alias,9,No,,,,Disabled,ALL,,,Disabled,Disabled,Disabled,Disabled,,Disabled,,Disabled,,,"Admin|Self|HRBP|Vice President|Ragini|Operations / Director|Deepta Mathur Employee Data View|Yogesh Employee Data View|Chaithra Palladka & Rina Patel|Shreshta Alawandi Employee Data and Confirmation|Jennifer Employee Data View & Onboarding","Admin|Deepta Mathur Employee Data View|Jennifer Employee Data View & Onboarding","Admin|Deepta Mathur Employee Data View|Jennifer Employee Data View & Onboarding",Admin,,,,Disabled,Disabled,,Disabled,Disabled,Disabled,Disabled,Disabled,Disabled,Disabled,Disabled,Disabled,Disabled,Disabled,,,,,All,,Disabled,,NA,Disabled
Employment,job_details,12,"Criticality of Talent",criticality_of_talent,10,No,,,,Disabled,ALL,,,Disabled,Disabled,Disabled,Disabled,,Disabled,,Disabled,,,"Admin|Self|HRBP|Vice President|Ragini|Operations / Director|Deepta Mathur Employee Data View|Yogesh Employee Data View|Chaithra Palladka & Rina Patel|Shreshta Alawandi Employee Data and Confirmation|Jennifer Employee Data View & Onboarding","Admin|Deepta Mathur Employee Data View|Jennifer Employee Data View & Onboarding","Admin|Deepta Mathur Employee Data View|Jennifer Employee Data View & Onboarding",Admin,,,,Disabled,Disabled,,Disabled,Disabled,Disabled,Disabled,Disabled,Disabled,Disabled,Disabled,Disabled,Disabled,Disabled,,,,,All,,Disabled,,NA,Disabled
Employment,job_details,12,"Attrition risk",attrition_risk,11,No,,,,Disabled,ALL,,,Disabled,Disabled,Disabled,Disabled,,Disabled,,Disabled,,,"Admin|Self|HRBP|Vice President|Ragini|Operations / Director|Deepta Mathur Employee Data View|Yogesh Employee Data View|Chaithra Palladka & Rina Patel|Shreshta Alawandi Employee Data and Confirmation|Jennifer Employee Data View & Onboarding","Admin|Deepta Mathur Employee Data View|Jennifer Employee Data View & Onboarding","Admin|Deepta Mathur Employee Data View|Jennifer Employee Data View & Onboarding",Admin,,,,Disabled,Disabled,,Disabled,Disabled,Disabled,Disabled,Disabled,Disabled,Disabled,Disabled,Disabled,Disabled,Disabled,,,,,All,,Disabled,,NA,Disabled
Employment,job_details,12,"Impact of loss",impact_of_loss,12,No,,,,Disabled,ALL,,,Disabled,Disabled,Disabled,Disabled,,Disabled,,Disabled,,,"Admin|Self|HRBP|Vice President|Ragini|Operations / Director|Deepta Mathur Employee Data View|Yogesh Employee Data View|Chaithra Palladka & Rina Patel|Shreshta Alawandi Employee Data and Confirmation|Jennifer Employee Data View & Onboarding","Admin|Deepta Mathur Employee Data View|Jennifer Employee Data View & Onboarding","Admin|Deepta Mathur Employee Data View|Jennifer Employee Data View & Onboarding",Admin,,,,Disabled,Disabled,,Disabled,Disabled,Disabled,Disabled,Disabled,Disabled,Disabled,Disabled,Disabled,Disabled,Disabled,,,,,All,,Disabled,,NA,Disabled
Employment,job_details,12,"Engagement Level",engagement_level,13,No,,,,Disabled,ALL,,,Disabled,Disabled,Disabled,Disabled,,Disabled,,Disabled,,,"Admin|Self|HRBP|Vice President|Ragini|Operations / Director|Deepta Mathur Employee Data View|Yogesh Employee Data View|Chaithra Palladka & Rina Patel|Shreshta Alawandi Employee Data and Confirmation|Jennifer Employee Data View & Onboarding","Admin|Deepta Mathur Employee Data View|Jennifer Employee Data View & Onboarding","Admin|Deepta Mathur Employee Data View|Jennifer Employee Data View & Onboarding",Admin,,,,Disabled,Disabled,,Disabled,Disabled,Disabled,Disabled,Disabled,Disabled,Disabled,Disabled,Disabled,Disabled,Disabled,,,,,All,,Disabled,,NA,Disabled
Employment,job_details,12,"Potential Reason for Leaving",potential_reason_for_leaving,14,No,,,,Disabled,ALL,,,Disabled,Disabled,Disabled,Disabled,,Disabled,,Disabled,,,"Admin|Self|HRBP|Vice President|Ragini|Operations / Director|Deepta Mathur Employee Data View|Yogesh Employee Data View|Chaithra Palladka & Rina Patel|Shreshta Alawandi Employee Data and Confirmation|Jennifer Employee Data View & Onboarding","Admin|Deepta Mathur Employee Data View|Jennifer Employee Data View & Onboarding","Admin|Deepta Mathur Employee Data View|Jennifer Employee Data View & Onboarding",Admin,,,,Disabled,Disabled,,Disabled,Disabled,Disabled,Disabled,Disabled,Disabled,Disabled,Disabled,Disabled,Disabled,Disabled,,,,,All,,Disabled,,NA,Disabled
Employment,job_details,12,Currency,user_currency,15,No,,,,Disabled,ALL,,,Disabled,Disabled,Disabled,Disabled,,Disabled,,Disabled,,,"Admin|Self|HRBP|Vice President|Ragini|Operations / Director|Deepta Mathur Employee Data View|Yogesh Employee Data View|Chaithra Palladka & Rina Patel|Shreshta Alawandi Employee Data and Confirmation|Jennifer Employee Data View & Onboarding","Admin|Deepta Mathur Employee Data View|Jennifer Employee Data View & Onboarding","Admin|Deepta Mathur Employee Data View|Jennifer Employee Data View & Onboarding",Admin,,,,Disabled,Disabled,,Disabled,Disabled,Disabled,Disabled,Disabled,Disabled,Disabled,Disabled,Disabled,Disabled,Disabled,,,,,All,,Disabled,,NA,Disabled
Employment,job_details,12,"Do not Rehire",is_blacklisted,16,No,,,,Disabled,ALL,,,Disabled,Disabled,Disabled,Disabled,,Disabled,,Disabled,,,"Admin|Self|HRBP|Vice President|Ragini|Operations / Director|Deepta Mathur Employee Data View|Yogesh Employee Data View|Chaithra Palladka & Rina Patel|Shreshta Alawandi Employee Data and Confirmation|Jennifer Employee Data View & Onboarding","Admin|Deepta Mathur Employee Data View|Jennifer Employee Data View & Onboarding","Admin|Deepta Mathur Employee Data View|Jennifer Employee Data View & Onboarding",Admin,,,,Disabled,Disabled,,Disabled,Disabled,Disabled,Disabled,Disabled,Disabled,Disabled,Disabled,Disabled,Disabled,Disabled,,,,,All,,Disabled,,NA,Disabled
Employment,job_details,12,"Do not Rehire Comment",is_blacklisted_comment,17,No,,,,Disabled,ALL,,,Disabled,Disabled,Disabled,Disabled,,Disabled,,Disabled,,,"Admin|Self|HRBP|Vice President|Ragini|Operations / Director|Deepta Mathur Employee Data View|Yogesh Employee Data View|Chaithra Palladka & Rina Patel|Shreshta Alawandi Employee Data and Confirmation|Jennifer Employee Data View & Onboarding","Admin|Deepta Mathur Employee Data View|Jennifer Employee Data View & Onboarding","Admin|Deepta Mathur Employee Data View|Jennifer Employee Data View & Onboarding",Admin,,,,Disabled,Disabled,,Disabled,Disabled,Disabled,Disabled,Disabled,Disabled,Disabled,Disabled,Disabled,Disabled,Disabled,,,,,All,,Disabled,,NA,Disabled
Employment,job_details,12,"Retirement Date",retirement_date,18,No,,,,Enabled,ALL,,,Disabled,Disabled,Disabled,Disabled,,Disabled,,Disabled,,,"Admin|Self|HRBP|Vice President|Ragini|Operations / Director|Deepta Mathur Employee Data View|Yogesh Employee Data View|Chaithra Palladka & Rina Patel|Shreshta Alawandi Employee Data and Confirmation|Jennifer Employee Data View & Onboarding","Admin|Deepta Mathur Employee Data View|Jennifer Employee Data View & Onboarding","Admin|Deepta Mathur Employee Data View|Jennifer Employee Data View & Onboarding",Admin,,,,Disabled,Disabled,,Disabled,Disabled,Disabled,Disabled,Disabled,Disabled,Disabled,Disabled,Disabled,Disabled,Disabled,,,,,All,,Disabled,,NA,Disabled
Employment,job_details,12,Payscale,payscale,19,No,,,,Disabled,ALL,,,Disabled,Disabled,Disabled,Disabled,,Disabled,,Disabled,,,"Admin|Self|HRBP|Vice President|Ragini|Operations / Director|Deepta Mathur Employee Data View|Yogesh Employee Data View|Chaithra Palladka & Rina Patel|Shreshta Alawandi Employee Data and Confirmation|Jennifer Employee Data View & Onboarding","Admin|Deepta Mathur Employee Data View|Jennifer Employee Data View & Onboarding","Admin|Deepta Mathur Employee Data View|Jennifer Employee Data View & Onboarding",Admin,,,,Disabled,Disabled,,Disabled,Disabled,Disabled,Disabled,Disabled,Disabled,Disabled,Disabled,Disabled,Disabled,Disabled,,,,,All,,Disabled,,NA,Disabled
Employment,job_details,12,"Preferred Location",preferred_location,20,No,,,,Disabled,ALL,,,Disabled,Disabled,Disabled,Disabled,,Disabled,,Disabled,,,"Admin|Self|HRBP|Vice President|Ragini|Operations / Director|Deepta Mathur Employee Data View|Yogesh Employee Data View|Chaithra Palladka & Rina Patel|Shreshta Alawandi Employee Data and Confirmation|Jennifer Employee Data View & Onboarding","Admin|Deepta Mathur Employee Data View|Jennifer Employee Data View & Onboarding","Admin|Deepta Mathur Employee Data View|Jennifer Employee Data View & Onboarding",Admin,,,,Disabled,Disabled,,Disabled,Disabled,Disabled,Disabled,Disabled,Disabled,Disabled,Disabled,Disabled,Disabled,Disabled,,,,,All,,Disabled,,NA,Disabled
Employment,job_details,12,"Federation ID",federation_id,21,No,,,,Disabled,ALL,,,Disabled,Disabled,Disabled,Disabled,,Disabled,,Disabled,,,"Admin|Self|HRBP|Vice President|Ragini|Operations / Director|Deepta Mathur Employee Data View|Yogesh Employee Data View|Chaithra Palladka & Rina Patel|Shreshta Alawandi Employee Data and Confirmation|Jennifer Employee Data View & Onboarding","Admin|Deepta Mathur Employee Data View|Jennifer Employee Data View & Onboarding","Admin|Deepta Mathur Employee Data View|Jennifer Employee Data View & Onboarding",Admin,,,,Disabled,Disabled,,Disabled,Disabled,Disabled,Disabled,Disabled,Disabled,Disabled,Disabled,Disabled,Disabled,Disabled,,,,,All,,Disabled,,NA,Disabled
Employment,job_details,12,"Notice Period",notice_period,22,No,,,,Disabled,ALL,,,Disabled,Disabled,Disabled,Disabled,,Disabled,,Disabled,,,"Admin|Self|HRBP|Vice President|Ragini|Operations / Director|Deepta Mathur Employee Data View|Yogesh Employee Data View|Chaithra Palladka & Rina Patel|Shreshta Alawandi Employee Data and Confirmation|Jennifer Employee Data View & Onboarding","Admin|Deepta Mathur Employee Data View|Jennifer Employee Data View & Onboarding","Admin|Deepta Mathur Employee Data View|Jennifer Employee Data View & Onboarding",Admin,,,,Disabled,Disabled,,Disabled,Disabled,Disabled,Disabled,Disabled,Disabled,Disabled,Disabled,Disabled,Disabled,Disabled,,,,,All,,Disabled,,NA,Disabled
Employment,job_details,12,"Actual Job for Visa",actual_job_for_visa,23,No,,,,Disabled,ALL,,,Disabled,Disabled,Disabled,Disabled,,Disabled,,Disabled,,,,,,,,,,Disabled,Disabled,,Disabled,Disabled,Disabled,Disabled,Disabled,Disabled,Disabled,Disabled,Disabled,Disabled,Disabled,,,,,All,,Disabled,,NA,Disabled
Employment,job_details,12,"Attrition Risk ML",attrition_risk_ml,24,No,,,,Disabled,ALL,,,Disabled,Disabled,Disabled,Disabled,,Disabled,,Disabled,,,"Admin|Self|HRBP|Vice President|Ragini|Operations / Director|Deepta Mathur Employee Data View|Yogesh Employee Data View|Chaithra Palladka & Rina Patel|Shreshta Alawandi Employee Data and Confirmation|Jennifer Employee Data View & Onboarding","Admin|Deepta Mathur Employee Data View|Jennifer Employee Data View & Onboarding","Admin|Deepta Mathur Employee Data View|Jennifer Employee Data View & Onboarding",Admin,,,,Disabled,Disabled,,Disabled,Disabled,Disabled,Disabled,Disabled,Disabled,Disabled,Disabled,Disabled,Disabled,Disabled,,,,,All,,Disabled,,NA,Disabled
Employment,job_details,12,"Profession as per the Passport",profession_as_per_the_passport,25,No,,,,Disabled,ALL,,,Disabled,Disabled,Disabled,Disabled,,Disabled,,Disabled,,,,,,,,,,Disabled,Disabled,,Disabled,Disabled,Disabled,Disabled,Disabled,Disabled,Disabled,Disabled,Disabled,Disabled,Disabled,,,,,All,,Disabled,,NA,Disabled
Employment,job_details,12,"Exclude from Legal Reporting",exclude_from_legal_reporting,26,No,,,,Disabled,ALL,,,Disabled,Disabled,Disabled,Disabled,,Disabled,,Disabled,,,,,,,,,,Disabled,Disabled,,Disabled,Disabled,Disabled,Disabled,Disabled,Disabled,Disabled,Disabled,Disabled,Disabled,Disabled,,,,,All,,Disabled,,NA,Disabled
Employment,job_details,12,"Continuous Service Date",continuous_service_date,27,No,,,,Disabled,ALL,,,Disabled,Disabled,Disabled,Disabled,,Disabled,,Disabled,,,"Admin|Self|HRBP|Vice President|Ragini|Operations / Director|Deepta Mathur Employee Data View|Yogesh Employee Data View|Chaithra Palladka & Rina Patel|Shreshta Alawandi Employee Data and Confirmation|Jennifer Employee Data View & Onboarding","Admin|Deepta Mathur Employee Data View|Jennifer Employee Data View & Onboarding","Admin|Deepta Mathur Employee Data View|Jennifer Employee Data View & Onboarding",Admin,,,,Disabled,Disabled,,Disabled,Disabled,Disabled,Disabled,Disabled,Disabled,Disabled,Disabled,Disabled,Disabled,Disabled,,,,,All,,Disabled,,NA,Disabled
Employment,job_details,12,"Profession for Legal Reporting",profession_for_legal_reporting,28,No,,,,Disabled,ALL,,,Disabled,Disabled,Disabled,Disabled,,Disabled,,Disabled,,,,,,,,,,Disabled,Disabled,,Disabled,Disabled,Disabled,Disabled,Disabled,Disabled,Disabled,Disabled,Disabled,Disabled,Disabled,,,,,All,,Disabled,,NA,Disabled
Employment,job_details,12,"Profile Classification for Visa",profile_classification_for_visa,29,No,,,,Disabled,ALL,,,Disabled,Disabled,Disabled,Disabled,,Disabled,,Disabled,,,,,,,,,,Disabled,Disabled,,Disabled,Disabled,Disabled,Disabled,Disabled,Disabled,Disabled,Disabled,Disabled,Disabled,Disabled,,,,,All,,Disabled,,NA,Disabled
Employment,job_details,12,"Performance designation & department",pms_designation_jobsection,30,No,,,,Disabled,ALL,,,Disabled,Disabled,Disabled,Disabled,,Disabled,,Disabled,,,"Admin|Self|HRBP|Vice President|Ragini|Operations / Director|Deepta Mathur Employee Data View|Yogesh Employee Data View|Chaithra Palladka & Rina Patel|Shreshta Alawandi Employee Data and Confirmation|Jennifer Employee Data View & Onboarding","Admin|Deepta Mathur Employee Data View|Jennifer Employee Data View & Onboarding","Admin|Deepta Mathur Employee Data View|Jennifer Employee Data View & Onboarding",Admin,,,,Disabled,Disabled,,Disabled,Disabled,Disabled,Disabled,Disabled,Disabled,Disabled,Disabled,Disabled,Disabled,Disabled,,,,,All,,Disabled,,NA,Disabled
Employment,job_details,12,"WPS Code (Code on Labor Card)",wps_code,31,No,,,,Disabled,ALL,,,Disabled,Disabled,Disabled,Disabled,,Disabled,,Disabled,,,,,,,,,,Disabled,Disabled,,Disabled,Disabled,Disabled,Disabled,Disabled,Disabled,Disabled,Disabled,Disabled,Disabled,Disabled,,,,,All,,Disabled,,NA,Disabled
Employment,job_details,12,"Place legal hold",place_legal_hold,32,No,,,,Disabled,ALL,,,Disabled,Disabled,Disabled,Disabled,,Disabled,,Disabled,,,Admin|Self,Admin,Admin,Admin,,,,Disabled,Disabled,,Disabled,Disabled,Disabled,Disabled,Disabled,Disabled,Disabled,Disabled,Disabled,Disabled,Disabled,,,,,All,,Disabled,,NA,Disabled
Employment,job_details,12,"Recommended Buddy",recommended_work_buddy,33,No,,,,Disabled,ALL,,,Disabled,Disabled,Disabled,Disabled,,Disabled,,Disabled,,,Admin|Self,Admin,Admin,Admin,,,,Disabled,Disabled,,Disabled,Disabled,Disabled,Disabled,Disabled,Disabled,Disabled,Disabled,Disabled,Disabled,Disabled,,,,,All,,Disabled,,NA,Disabled
Employment,job_details,12,"Ready to relocate",ready_to_relocate,35,No,,,,Disabled,ALL,,,Disabled,Disabled,Disabled,Disabled,,Disabled,,Disabled,,,Admin|Self,Admin,Admin,Admin,,,,Disabled,Disabled,,Disabled,Disabled,Disabled,Disabled,Disabled,Disabled,Disabled,Disabled,Disabled,Disabled,Disabled,,,,,,,Disabled,,NA,Disabled
Employment,job_details,12,"Insurance Region",insurance_region,36,No,,,,Disabled,ALL,,,Disabled,Disabled,Disabled,Disabled,,Disabled,,Disabled,,,,,,,,,,Disabled,Disabled,,Disabled,Disabled,Disabled,Disabled,Disabled,Disabled,Disabled,Disabled,Disabled,Disabled,Disabled,,,,,All,,Disabled,,NA,Disabled
Employment,job_details,12,"Applicable Locations",applicable_locations,37,No,,,,Disabled,ALL,,,Disabled,Disabled,Disabled,Disabled,,Disabled,,Disabled,,,Admin|Self,Admin,Admin,Admin,,,,Disabled,Disabled,,Disabled,Disabled,Disabled,Disabled,Disabled,Disabled,Disabled,Disabled,Disabled,Disabled,Disabled,,,,,All,,Disabled,,NA,Disabled
Employment,job_details,12,"Group of Employment",group_of_employment,38,No,,,,Disabled,ALL,,,Disabled,Disabled,Disabled,Disabled,,Disabled,,Disabled,,,,,,,,,,Disabled,Disabled,,Disabled,Disabled,Disabled,Disabled,Disabled,Disabled,Disabled,Disabled,Disabled,Disabled,Disabled,,,,,All,,Disabled,,NA,Disabled
Employment,job_details,12,"Preferred Industry",preferred_industry,39,Yes,Text,,,Disabled,ALL,,,Disabled,Disabled,Disabled,Disabled,,Disabled,,Disabled,,,"Admin|Self|HRBP|Vice President|Ragini|Operations / Director|Deepta Mathur Employee Data View|Yogesh Employee Data View|Chaithra Palladka & Rina Patel|Shreshta Alawandi Employee Data and Confirmation|Jennifer Employee Data View & Onboarding","Admin|Deepta Mathur Employee Data View|Jennifer Employee Data View & Onboarding","Admin|Deepta Mathur Employee Data View|Jennifer Employee Data View & Onboarding",Admin,,,,Disabled,Disabled,,Disabled,Disabled,Disabled,Disabled,Disabled,Disabled,Disabled,Disabled,Disabled,Disabled,Disabled,,,,,All,,Disabled,,NA,Disabled
Employment,job_details,12,"Preferred Roles",preferred_roles,40,Yes,Text,,,Disabled,ALL,,,Disabled,Disabled,Disabled,Disabled,,Disabled,,Disabled,,,"Admin|Self|HRBP|Vice President|Ragini|Operations / Director|Deepta Mathur Employee Data View|Yogesh Employee Data View|Chaithra Palladka & Rina Patel|Shreshta Alawandi Employee Data and Confirmation|Jennifer Employee Data View & Onboarding","Admin|Deepta Mathur Employee Data View|Jennifer Employee Data View & Onboarding","Admin|Deepta Mathur Employee Data View|Jennifer Employee Data View & Onboarding",Admin,,,,Disabled,Disabled,,Disabled,Disabled,Disabled,Disabled,Disabled,Disabled,Disabled,Disabled,Disabled,Disabled,Disabled,,,,,All,,Disabled,,NA,Disabled
Employment,job_details,12,"Willing to Travel",willing_to_travel,41,Yes,Text,Yes,,Disabled,ALL,,,Disabled,Disabled,Disabled,Disabled,,Disabled,,Disabled,,,"Admin|Self|HRBP|Vice President|Ragini|Operations / Director|Deepta Mathur Employee Data View|Yogesh Employee Data View|Chaithra Palladka & Rina Patel|Shreshta Alawandi Employee Data and Confirmation|Jennifer Employee Data View & Onboarding","Admin|Deepta Mathur Employee Data View|Jennifer Employee Data View & Onboarding","Admin|Deepta Mathur Employee Data View|Jennifer Employee Data View & Onboarding",Admin,,,,Disabled,Disabled,,Disabled,Disabled,Disabled,Disabled,Disabled,Disabled,Disabled,Disabled,Disabled,Disabled,Disabled,,,,,All,,Disabled,,NA,Disabled
Employment,job_details,12,"Willing to Relocate",willing_to_relocate,42,Yes,Text,Yes,,Disabled,ALL,,,Disabled,Disabled,Disabled,Disabled,,Disabled,,Disabled,,,"Admin|Self|HRBP|Vice President|Ragini|Operations / Director|Deepta Mathur Employee Data View|Yogesh Employee Data View|Chaithra Palladka & Rina Patel|Shreshta Alawandi Employee Data and Confirmation|Jennifer Employee Data View & Onboarding","Admin|Deepta Mathur Employee Data View|Jennifer Employee Data View & Onboarding","Admin|Deepta Mathur Employee Data View|Jennifer Employee Data View & Onboarding",Admin,,,,Disabled,Disabled,,Disabled,Disabled,Disabled,Disabled,Disabled,Disabled,Disabled,Disabled,Disabled,Disabled,Disabled,,,,,All,,Disabled,,NA,Disabled
Employment,job_details,12,"Desired Salary",desired_salary,43,Yes,Text,,,Disabled,ALL,,,Disabled,Disabled,Disabled,Disabled,,Disabled,,Disabled,,,"Admin|Self|HRBP|Vice President|Ragini|Operations / Director|Deepta Mathur Employee Data View|Yogesh Employee Data View|Chaithra Palladka & Rina Patel|Shreshta Alawandi Employee Data and Confirmation|Jennifer Employee Data View & Onboarding","Admin|Deepta Mathur Employee Data View|Jennifer Employee Data View & Onboarding","Admin|Deepta Mathur Employee Data View|Jennifer Employee Data View & Onboarding",Admin,,,,Disabled,Disabled,,Disabled,Disabled,Disabled,Disabled,Disabled,Disabled,Disabled,Disabled,Disabled,Disabled,Disabled,,,,,All,,Disabled,,NA,Disabled
Employment,job_details,12,"Reference (Current Employee)",current_emp_ref,44,Yes,Text,,,Disabled,ALL,,,Disabled,Disabled,Disabled,Disabled,,Disabled,,Disabled,,,"Admin|Self|HRBP|Vice President|Ragini|Operations / Director|Deepta Mathur Employee Data View|Yogesh Employee Data View|Chaithra Palladka & Rina Patel|Shreshta Alawandi Employee Data and Confirmation|Jennifer Employee Data View & Onboarding","Admin|Deepta Mathur Employee Data View|Jennifer Employee Data View & Onboarding","Admin|Deepta Mathur Employee Data View|Jennifer Employee Data View & Onboarding",Admin,,,,Disabled,Disabled,,Disabled,Disabled,Disabled,Disabled,Disabled,Disabled,Disabled,Disabled,Disabled,Disabled,Disabled,,,,,All,,Disabled,,NA,Disabled
Employment,job_details,12,"Contact Details of Reference",contact_details_of_ref,45,Yes,"Text Area",,,Disabled,ALL,,,Disabled,Disabled,Disabled,Disabled,,Disabled,,Disabled,,,"Admin|Self|HRBP|Vice President|Ragini|Operations / Director|Deepta Mathur Employee Data View|Yogesh Employee Data View|Chaithra Palladka & Rina Patel|Shreshta Alawandi Employee Data and Confirmation|Jennifer Employee Data View & Onboarding","Admin|Deepta Mathur Employee Data View|Jennifer Employee Data View & Onboarding","Admin|Deepta Mathur Employee Data View|Jennifer Employee Data View & Onboarding",Admin,,,,Disabled,Disabled,,Disabled,Disabled,Disabled,Disabled,Disabled,Disabled,Disabled,Disabled,Disabled,Disabled,Disabled,,,,,All,,Disabled,,NA,Disabled
Employment,job_details,12,"What makes you unique ?",how_unique,46,Yes,"Text Area",,,Disabled,ALL,,,Disabled,Disabled,Disabled,Disabled,,Disabled,,Disabled,,,"Admin|Self|HRBP|Vice President|Ragini|Operations / Director|Deepta Mathur Employee Data View|Yogesh Employee Data View|Chaithra Palladka & Rina Patel|Shreshta Alawandi Employee Data and Confirmation|Jennifer Employee Data View & Onboarding","Admin|Deepta Mathur Employee Data View|Jennifer Employee Data View & Onboarding","Admin|Deepta Mathur Employee Data View|Jennifer Employee Data View & Onboarding",Admin,,,,Disabled,Disabled,,Disabled,Disabled,Disabled,Disabled,Disabled,Disabled,Disabled,Disabled,Disabled,Disabled,Disabled,,,,,All,,Disabled,,NA,Disabled
Employment,job_details,12,"Why do you want to work for our company ?",work_for_company,47,Yes,"Text Area",,,Disabled,ALL,,,Disabled,Disabled,Disabled,Disabled,,Disabled,,Disabled,,,"Admin|Self|HRBP|Vice President|Ragini|Operations / Director|Deepta Mathur Employee Data View|Yogesh Employee Data View|Chaithra Palladka & Rina Patel|Shreshta Alawandi Employee Data and Confirmation|Jennifer Employee Data View & Onboarding","Admin|Deepta Mathur Employee Data View|Jennifer Employee Data View & Onboarding","Admin|Deepta Mathur Employee Data View|Jennifer Employee Data View & Onboarding",Admin,,,,Disabled,Disabled,,Disabled,Disabled,Disabled,Disabled,Disabled,Disabled,Disabled,Disabled,Disabled,Disabled,Disabled,,,,,All,,Disabled,,NA,Disabled
Employment,job_details,12,"Why are you interested in this particular profile ?",particular_profile,48,Yes,"Text Area",,,Disabled,ALL,,,Disabled,Disabled,Disabled,Disabled,,Disabled,,Disabled,,,"Admin|Self|HRBP|Vice President|Ragini|Operations / Director|Deepta Mathur Employee Data View|Yogesh Employee Data View|Chaithra Palladka & Rina Patel|Shreshta Alawandi Employee Data and Confirmation|Jennifer Employee Data View & Onboarding","Admin|Deepta Mathur Employee Data View|Jennifer Employee Data View & Onboarding","Admin|Deepta Mathur Employee Data View|Jennifer Employee Data View & Onboarding",Admin,,,,Disabled,Disabled,,Disabled,Disabled,Disabled,Disabled,Disabled,Disabled,Disabled,Disabled,Disabled,Disabled,Disabled,,,,,All,,Disabled,,NA,Disabled
Employment,job_details,12,"Date Available",date_available,49,Yes,Date,,,Disabled,ALL,,,Disabled,Disabled,Disabled,Disabled,,Disabled,,Disabled,,,"Admin|Self|HRBP|Vice President|Ragini|Operations / Director|Deepta Mathur Employee Data View|Yogesh Employee Data View|Chaithra Palladka & Rina Patel|Shreshta Alawandi Employee Data and Confirmation|Jennifer Employee Data View & Onboarding","Admin|Deepta Mathur Employee Data View|Jennifer Employee Data View & Onboarding","Admin|Deepta Mathur Employee Data View|Jennifer Employee Data View & Onboarding",Admin,,,,Disabled,Disabled,,Disabled,Disabled,Disabled,Disabled,Disabled,Disabled,Disabled,Disabled,Disabled,Disabled,Disabled,,,,,All,,Disabled,,NA,Disabled
Employment,job_details,12,"Recruiter Name",recruiter_name,50,Yes,Text,,,Disabled,ALL,,,Disabled,Disabled,Disabled,Disabled,,Disabled,,Disabled,,,"Admin|Self|HRBP|Vice President|Ragini|Operations / Director|Deepta Mathur Employee Data View|Yogesh Employee Data View|Chaithra Palladka & Rina Patel|Shreshta Alawandi Employee Data and Confirmation|Jennifer Employee Data View & Onboarding","Admin|Deepta Mathur Employee Data View|Jennifer Employee Data View & Onboarding","Admin|Deepta Mathur Employee Data View|Jennifer Employee Data View & Onboarding",Admin,,,,Disabled,Disabled,,Disabled,Disabled,Disabled,Disabled,Disabled,Disabled,Disabled,Disabled,Disabled,Disabled,Disabled,,,,,All,,Disabled,,NA,Disabled
Employment,job_details,12,"Recruiter Email",recruiter_email,51,Yes,Text,,,Disabled,ALL,,,Disabled,Disabled,Disabled,Disabled,,Disabled,,Disabled,,,"Admin|Self|HRBP|Vice President|Ragini|Operations / Director|Deepta Mathur Employee Data View|Yogesh Employee Data View|Chaithra Palladka & Rina Patel|Shreshta Alawandi Employee Data and Confirmation|Jennifer Employee Data View & Onboarding","Admin|Deepta Mathur Employee Data View|Jennifer Employee Data View & Onboarding","Admin|Deepta Mathur Employee Data View|Jennifer Employee Data View & Onboarding",Admin,,,,Disabled,Disabled,,Disabled,Disabled,Disabled,Disabled,Disabled,Disabled,Disabled,Disabled,Disabled,Disabled,Disabled,,,,,All,,Disabled,,NA,Disabled
Employment,job_details,12,Skills,job_details_skills,52,Yes,Text,,,Disabled,ALL,,,Disabled,Disabled,Disabled,Disabled,,Disabled,,Disabled,,,"Admin|Self|HRBP|Vice President|Ragini|Operations / Director|Deepta Mathur Employee Data View|Yogesh Employee Data View|Chaithra Palladka & Rina Patel|Shreshta Alawandi Employee Data and Confirmation|Jennifer Employee Data View & Onboarding","Admin|Deepta Mathur Employee Data View|Jennifer Employee Data View & Onboarding","Admin|Deepta Mathur Employee Data View|Jennifer Employee Data View & Onboarding",Admin,,,,Disabled,Disabled,,Disabled,Disabled,Disabled,Disabled,Disabled,Disabled,Disabled,Disabled,Disabled,Disabled,Disabled,,,,,All,,Disabled,,NA,Disabled
Employment,job_details,12,"Total Experience",total_experience,53,Yes,Text,,,Disabled,ALL,,,Disabled,Disabled,Disabled,Disabled,,Disabled,,Disabled,,,"Admin|Self|HRBP|Vice President|Ragini|Operations / Director|Deepta Mathur Employee Data View|Yogesh Employee Data View|Chaithra Palladka & Rina Patel|Shreshta Alawandi Employee Data and Confirmation|Jennifer Employee Data View & Onboarding","Admin|Deepta Mathur Employee Data View|Jennifer Employee Data View & Onboarding","Admin|Deepta Mathur Employee Data View|Jennifer Employee Data View & Onboarding",Admin,,,,Disabled,Disabled,,Disabled,Disabled,Disabled,Disabled,Disabled,Disabled,Disabled,Disabled,Disabled,Disabled,Disabled,,,,,All,,Disabled,,NA,Disabled
Employment,job_details,12,"Employee Group",a648fdd6d1391d,54,Yes,"Single Select",Staffing|ODC|Bench|Support|Product,,Enabled,ALL,,,Disabled,Disabled,Disabled,Disabled,,Disabled,,Disabled,,,"Admin|Self|HRBP|Vice President|Ragini|Operations / Director|Deepta Mathur Employee Data View|Yogesh Employee Data View|Chaithra Palladka & Rina Patel|Shreshta Alawandi Employee Data and Confirmation|Jennifer Employee Data View & Onboarding","Admin|Deepta Mathur Employee Data View|Jennifer Employee Data View & Onboarding","Admin|Deepta Mathur Employee Data View|Jennifer Employee Data View & Onboarding",Admin,,,,Disabled,Disabled,,Disabled,Disabled,Disabled,Disabled,Disabled,Disabled,Disabled,Disabled,Disabled,Disabled,Disabled,All,,,,,,Disabled,,NA,Disabled
Employment,job_details,12,"Work Location for Staffing employees",a648fe0bc79724,55,Yes,Text,,,Disabled,ALL,,,Disabled,Disabled,Disabled,Disabled,,Disabled,,Disabled,,,"Admin|Self|HRBP|Vice President|Ragini|Operations / Director|Deepta Mathur Employee Data View|Yogesh Employee Data View|Chaithra Palladka & Rina Patel|Shreshta Alawandi Employee Data and Confirmation|Jennifer Employee Data View & Onboarding","Admin|Deepta Mathur Employee Data View|Jennifer Employee Data View & Onboarding","Admin|Deepta Mathur Employee Data View|Jennifer Employee Data View & Onboarding",Admin,,,,Disabled,Disabled,,Disabled,Disabled,Disabled,Disabled,Disabled,Disabled,Disabled,Disabled,Disabled,Disabled,Disabled,All,,,,,,Disabled,,NA,Disabled
Employment,job_details,12,"Client Office Location",a64ae3460127af,56,Yes,"Single Select","Ghansoli-Mumbai|Prabhadevi-Mumbai|M. G Road-Bengaluru|Airoli-Mumbai|Goregaon East|Andheri East|Pune|Santacruz|Vashi|Vikroli|Goregoan|Thane|Kurla|NA",,Enabled,ALL,,,Disabled,Enabled,Disabled,Enabled,,Disabled,,Disabled,,,"Admin|Self|HRBP|Vice President|Ragini|Operations / Director|Deepta Mathur Employee Data View|Yogesh Employee Data View|Chaithra Palladka & Rina Patel|Shreshta Alawandi Employee Data and Confirmation|Jennifer Employee Data View & Onboarding","Admin|Deepta Mathur Employee Data View|Jennifer Employee Data View & Onboarding","Admin|Deepta Mathur Employee Data View|Jennifer Employee Data View & Onboarding",Admin,,,,Disabled,Disabled,,Disabled,Disabled,Disabled,Disabled,Disabled,Disabled,Disabled,Disabled,Disabled,Disabled,Disabled,All,,,,,,Disabled,,NA,Disabled
Employment,job_details,12,"Performance Appraisal Month",a64dd2e8fafe82,57,Yes,"Single Select",January|February|March|April|May|June|July|August|September|October|November|December|NA,,Enabled,ALL,,,Disabled,Disabled,Disabled,Disabled,,Disabled,,Disabled,,,"Admin|Self|HRBP|Vice President|Ragini|Operations / Director|Deepta Mathur Employee Data View|Yogesh Employee Data View|Chaithra Palladka & Rina Patel|Shreshta Alawandi Employee Data and Confirmation|Jennifer Employee Data View & Onboarding","Admin|Deepta Mathur Employee Data View|Jennifer Employee Data View & Onboarding","Admin|Deepta Mathur Employee Data View|Jennifer Employee Data View & Onboarding",Admin|HRBP,,,,Disabled,Disabled,,Disabled,Disabled,Disabled,Disabled,Disabled,Disabled,Disabled,Disabled,Disabled,Disabled,Disabled,All,,,,,,Disabled,,NA,Disabled
Employment,job_details,12,"Performance Appraisal Period",a64dd2ec2e0b70,58,Yes,Text,,,Enabled,ALL,,,Disabled,Disabled,Disabled,Disabled,,Disabled,,Disabled,,,"Admin|Self|HRBP|Vice President|Ragini|Operations / Director|Deepta Mathur Employee Data View|Yogesh Employee Data View|Chaithra Palladka & Rina Patel|Shreshta Alawandi Employee Data and Confirmation|Jennifer Employee Data View & Onboarding","Admin|Deepta Mathur Employee Data View|Jennifer Employee Data View & Onboarding","Admin|Deepta Mathur Employee Data View|Jennifer Employee Data View & Onboarding",Admin|HRBP,,,,Disabled,Disabled,,Disabled,Disabled,Disabled,Disabled,Disabled,Disabled,Disabled,Disabled,Disabled,Disabled,Disabled,All,,,,,,Disabled,,NA,Disabled
Employment,job_details,12,"Contract End Date",a6513f77d0bbec,59,Yes,Date,,,Enabled,,,"Contract and Consultant Leave",Disabled,Disabled,Disabled,Disabled,,Disabled,,Disabled,,,"Admin|Self|HRBP|Vice President|Ragini|Operations / Director|Deepta Mathur Employee Data View|Yogesh Employee Data View|Chaithra Palladka & Rina Patel|Shreshta Alawandi Employee Data and Confirmation|Jennifer Employee Data View & Onboarding","Admin|Deepta Mathur Employee Data View|Jennifer Employee Data View & Onboarding","Admin|Deepta Mathur Employee Data View|Jennifer Employee Data View & Onboarding",Admin,,,,Disabled,Disabled,,Disabled,Disabled,Disabled,Disabled,Disabled,Disabled,Disabled,Disabled,Disabled,Disabled,Disabled,All,,,,,,Disabled,,NA,Disabled
Employment,job_details,12,"Contract Status",a651fac585d847,60,Yes,"Single Select","extended by 1 month|extended by 2 months|extended by 3 months|extended by 4 months|extended by5 months|extended by 6 months|Separate",,Enabled,,,"Contract and Consultant Leave",Disabled,Disabled,Disabled,Disabled,,Disabled,,Disabled,,,"Admin|Self|HRBP|Vice President|Ragini|Operations / Director|Deepta Mathur Employee Data View|Yogesh Employee Data View|Chaithra Palladka & Rina Patel|Shreshta Alawandi Employee Data and Confirmation|Jennifer Employee Data View & Onboarding","Admin|Deepta Mathur Employee Data View|Jennifer Employee Data View & Onboarding","Admin|Deepta Mathur Employee Data View|Jennifer Employee Data View & Onboarding",Admin,,,,Disabled,Disabled,,Disabled,Disabled,Disabled,Disabled,Disabled,Disabled,Disabled,Disabled,Disabled,Disabled,Disabled,All,,,,,,Disabled,,NA,Disabled
Employment,job_details,12,"Work Type",a653f5a0f9e064,61,Yes,"Single Select","Permanent Work From Home|Hybrid|Full Time in Office|Client Location|Temporary Work From Home",,Enabled,ALL,,,Disabled,Disabled,Disabled,Enabled,,Disabled,,Disabled,,,"Admin|Self|HRBP|Vice President|Ragini|Operations / Director|Deepta Mathur Employee Data View|Yogesh Employee Data View|Chaithra Palladka & Rina Patel|Shreshta Alawandi Employee Data and Confirmation|Jennifer Employee Data View & Onboarding","Admin|Deepta Mathur Employee Data View|Jennifer Employee Data View & Onboarding","Admin|Deepta Mathur Employee Data View|Jennifer Employee Data View & Onboarding",Admin,,,,Disabled,Disabled,,Disabled,Disabled,Disabled,Disabled,Disabled,Disabled,Disabled,Disabled,Disabled,Disabled,Disabled,All,,,,,,Disabled,,NA,Disabled
Employment,job_details,12,"Former Project",a655f03582c6aa,62,Yes,"Multi Select",".net|AB Inbev|Aditya Birla|Aditya Birla Health Insurance|Admin|Airtel Payment Bank|Axis Bank|Bench|Benu|Benu Networks|BIS|Care Risk|Cellibrite|Cimetrix|Clix2app|Cold Fusion|Concordia|Covance|Critical|DataMT|Deloitte|Direct Focus|Dot Studio|Euronet|Experian Gurgaon|Fable|Fasttrack|First Data|First Data Thane|Freecharge|Fugawi|Game Tech|Geico|Grab|Givesmart|Grab|HP|HR|ICICI Lombard|Igenero|IIFL|Iksula|Indus IN|IndusInd Bank|Inside Sales|Intellect|Interlink|Intranet|Invaluable|ISG|IT|IVR Net|Ivrnet|KAA Federal|Kotak Securities|L and T|Labcorp|Marketing|Marsh|Mcharts|Medifast|Medstar|Medtronic|ML|MTS|Mumbai Accounts|Mumbai Admin|Mumbai BD team|Mumbai HR|Mytopia|Nakina|NSDL|Particle|Pelitas|Pelitas Tejora|Philips|Polaris|Polycom|PrimeSoft|PrimeSquare|Princess Auto|QA|Quintech|ROR|Safedata|Saffron Square|SaffronPay|Sales|Sales Tejora|SCI|Sciformix|Scitara|Shift|Shilf|Sirenum|Sitecore|Stoke|Tata Aig|Tejora|Tely|Tely Networks|Teradici|Teradici CB|Teradici GSS|Thoughtwire|UI UX Tejora|Unassigned|Vertical|VOIP Support Polycom|WCLC|Welldoc|Wlapp|Work4labs|Yes Bank|Zeugma|NA",,Enabled,ALL,,,Disabled,Disabled,Disabled,Disabled,,Disabled,,Disabled,,,"Admin|Self|HRBP|Vice President|Ragini|Operations / Director|Deepta Mathur Employee Data View|Yogesh Employee Data View|Chaithra Palladka & Rina Patel|Shreshta Alawandi Employee Data and Confirmation|Jennifer Employee Data View & Onboarding","Admin|Deepta Mathur Employee Data View|Jennifer Employee Data View & Onboarding","Admin|Deepta Mathur Employee Data View|Jennifer Employee Data View & Onboarding",Admin,,,,Disabled,Disabled,,Disabled,Disabled,Disabled,Disabled,Disabled,Disabled,Disabled,Disabled,Disabled,Disabled,Disabled,All,,,,,,Disabled,,NA,Disabled
"Bond Details",array_section_two,13,Bond,a648fdf32e43ca,1,Yes,"Single Select",Yes|No,,Enabled,ALL,,,Disabled,Disabled,Disabled,Disabled,,Disabled,,Disabled,,,"Admin|HRBP|Vice President|Ragini|Deepta Mathur Employee Data View|Chaithra Palladka & Rina Patel|Shreshta Alawandi Employee Data and Confirmation||Jennifer Employee Data View & Onboarding","Admin|Deepta Mathur Employee Data View||Jennifer Employee Data View & Onboarding","Admin|Deepta Mathur Employee Data View||Jennifer Employee Data View & Onboarding",Admin,,,,Disabled,Disabled,,Disabled,Disabled,Disabled,Disabled,Disabled,Disabled,Disabled,Disabled,Disabled,Disabled,Disabled,All,,,,,,Disabled,,NA,NA
"Bond Details",array_section_two,13,"Bond Start Date",a648fdf5094d93,2,Yes,Date,,,Enabled,ALL,,,Disabled,Disabled,Disabled,Disabled,,Disabled,,Disabled,,,"Admin|HRBP|Vice President|Ragini|Deepta Mathur Employee Data View|Chaithra Palladka & Rina Patel|Shreshta Alawandi Employee Data and Confirmation||Jennifer Employee Data View & Onboarding","Admin|Deepta Mathur Employee Data View||Jennifer Employee Data View & Onboarding","Admin|Deepta Mathur Employee Data View||Jennifer Employee Data View & Onboarding",Admin,,,,Disabled,Disabled,,Disabled,Disabled,Disabled,Disabled,Disabled,Disabled,Disabled,Disabled,Disabled,Disabled,Disabled,All,,,,,,Disabled,,NA,NA
"Bond Details",array_section_two,13,"Bond End Date",a648fdf6e5d0ce,3,Yes,Date,,,Enabled,ALL,,,Disabled,Disabled,Disabled,Disabled,,Disabled,,Disabled,,,"Admin|HRBP|Vice President|Ragini|Deepta Mathur Employee Data View|Chaithra Palladka & Rina Patel|Shreshta Alawandi Employee Data and Confirmation||Jennifer Employee Data View & Onboarding","Admin|Deepta Mathur Employee Data View||Jennifer Employee Data View & Onboarding","Admin|Deepta Mathur Employee Data View||Jennifer Employee Data View & Onboarding",Admin,,,,Disabled,Disabled,,Disabled,Disabled,Disabled,Disabled,Disabled,Disabled,Disabled,Disabled,Disabled,Disabled,Disabled,All,,,,,,Disabled,,NA,NA
"Project Details",array_section_one,14,"Project Name",a649417365cbd2,1,Yes,"Multi Select","PrimeSoft|PrimeSquare|Ciena|HP|Zafin|Geico|Freecharge|Medstar|Saffron Square|WellDoc|Intellect|Teradici GSS|Medtronic|Yes Bank|Talent Acquisition|Intellect|Evertz|Scitara|Teradici|Geico|Igenero|SaffronSquare|Terradici LSS|HP|Igenero|PrimeSquare|Elekta|Labcorp|Elekta|Unassigned|PrimeSoft|Airtel Payment Bank|Indus IN|Kotak|Inside Sales|NSDL|Axis Securities Limited|React|Ciene|Product|Saffron Pay|ICICI Lombard|Mumbai BD team|Iksula|Kotak Securities|Prove|Terradici|AXIS Bank|Aditya Birla|Evertz|Erollcall|GSS Teradici",,Disabled,ALL,,,Disabled,Disabled,N.A,Disabled,,Disabled,,Disabled,,,Admin|Self|Manager,Admin,Admin,Admin,,,,Disabled,Disabled,,Disabled,Disabled,Disabled,Disabled,Disabled,Disabled,Disabled,Disabled,Disabled,Disabled,Disabled,All,,,,,,Disabled,,NA,NA
"Project Details",array_section_one,14,"Start Date",a649417bd9ab21,2,Yes,Date,,,Disabled,ALL,,,Disabled,Disabled,N.A,Disabled,,Disabled,,Disabled,,,Admin|Self|Manager,Admin,Admin,Admin,,,,Disabled,Disabled,,Disabled,Disabled,Disabled,Disabled,Disabled,Disabled,Disabled,Disabled,Disabled,Disabled,Disabled,All,,,,,,Disabled,,NA,NA
"Project Details",array_section_one,14,"End Date",a6494181054067,3,Yes,Date,,,Disabled,ALL,,,Disabled,Disabled,N.A,Disabled,,Disabled,,Disabled,,,Admin|Self|Manager,Admin,Admin,Admin,,,,Disabled,Disabled,,Disabled,Disabled,Disabled,Disabled,Disabled,Disabled,Disabled,Disabled,Disabled,Disabled,Disabled,All,,,,,,Disabled,,NA,NA
"Billing Details",array_section_three,15,Billing,a648fdfdd777de,1,Yes,"Single Select","Billed|Billable|In Training|NA",,Enabled,ALL,,,Disabled,Disabled,Disabled,Disabled,,Disabled,,Disabled,,,"Admin|CEO|Operations / Director|Yogesh Employee Data View|Suraj Shetty","Admin|CEO|Operations / Director|Akshaya|Yogesh Employee Data View|Suraj Shetty|Payroll - Admin","Admin|CEO|Operations / Director|Akshaya|Yogesh Employee Data View|Suraj Shetty|Payroll - Admin",Admin,,,,Disabled,Disabled,,Disabled,Disabled,Disabled,Disabled,Disabled,Disabled,Disabled,Disabled,Disabled,Disabled,Disabled,All,,,,,,Disabled,,NA,NA
"Personal Identity",personal_identity,16,Aadhaar,adhar_card_number,1,No,,,,Enabled,ALL,,,Disabled,Disabled,N.A,Disabled,,Disabled,,Disabled,,,"Admin|Self|HRBP|Accounts - Payroll|Vice President|Ragini|Deepta Mathur Employee Data View|Yogesh Employee Data View|Chaithra Palladka & Rina Patel|Shreshta Alawandi Employee Data and Confirmation||Jennifer Employee Data View & Onboarding","Admin|Self|HRBP|Deepta Mathur Employee Data View||Jennifer Employee Data View & Onboarding","Admin|Self|HRBP|Deepta Mathur Employee Data View||Jennifer Employee Data View & Onboarding",Admin,,,,Disabled,Disabled,,Enabled,Disabled,Enabled,Disabled,Disabled,Disabled,Disabled,Disabled,Disabled,Enabled,Enabled,All,All,All,All,All,All,NA,,NA,NA
"Personal Identity",personal_identity,16,PAN,bank_pan_num,2,No,,,,Enabled,ALL,,,Disabled,Disabled,N.A,Disabled,,Disabled,,Disabled,,,"Admin|Self|HRBP|Vice President|Ragini|Deepta Mathur Employee Data View|Yogesh Employee Data View|Chaithra Palladka & Rina Patel|Shreshta Alawandi Employee Data and Confirmation||Jennifer Employee Data View & Onboarding","Admin|Self|HRBP|Accounts - Payroll|Deepta Mathur Employee Data View||Jennifer Employee Data View & Onboarding","Admin|Self|HRBP|Accounts - Payroll|Deepta Mathur Employee Data View||Jennifer Employee Data View & Onboarding","Admin|Accounts - Payroll",,,,Disabled,Disabled,,Enabled,Disabled,Enabled,Disabled,Disabled,Disabled,Disabled,Disabled,Disabled,Enabled,Disabled,All,All,All,All,All,All,NA,,NA,NA
"Personal Identity",personal_identity,16,"Passport number",passport_number,3,No,,,,Enabled,ALL,,,Disabled,Disabled,N.A,Disabled,,Disabled,,Disabled,,,"Admin|Self|HRBP|Vice President|Ragini|Deepta Mathur Employee Data View|Yogesh Employee Data View|Chaithra Palladka & Rina Patel|Shreshta Alawandi Employee Data and Confirmation||Jennifer Employee Data View & Onboarding","Admin|Self|HRBP|Deepta Mathur Employee Data View||Jennifer Employee Data View & Onboarding","Admin|Self|HRBP|Deepta Mathur Employee Data View||Jennifer Employee Data View & Onboarding",Admin,,,,Disabled,Disabled,,Enabled,Disabled,Enabled,Disabled,Disabled,Disabled,Disabled,Disabled,Disabled,Enabled,Disabled,All,All,All,All,All,All,NA,,NA,NA
"Personal Identity",personal_identity,16,"Passport Address",passport_address,4,No,,,,Disabled,ALL,,,Disabled,Disabled,N.A,Disabled,,Disabled,,Disabled,,,"Admin|Self|HRBP|Vice President|Ragini|Deepta Mathur Employee Data View|Yogesh Employee Data View|Chaithra Palladka & Rina Patel|Shreshta Alawandi Employee Data and Confirmation||Jennifer Employee Data View & Onboarding","Admin|HRBP|Deepta Mathur Employee Data View||Jennifer Employee Data View & Onboarding","Admin|HRBP|Deepta Mathur Employee Data View||Jennifer Employee Data View & Onboarding",Admin,,,,Disabled,Disabled,,Enabled,Disabled,Enabled,Disabled,Disabled,Disabled,Disabled,Disabled,Disabled,Disabled,Disabled,,,,,All,,NA,,NA,NA
"Personal Identity",personal_identity,16,"Passport country",passport_country,5,No,,,,Disabled,ALL,,,Disabled,Disabled,N.A,Disabled,,Disabled,,Disabled,,,"Admin|Self|HRBP|Vice President|Ragini|Deepta Mathur Employee Data View|Yogesh Employee Data View|Chaithra Palladka & Rina Patel|Shreshta Alawandi Employee Data and Confirmation||Jennifer Employee Data View & Onboarding","Admin|HRBP|Deepta Mathur Employee Data View||Jennifer Employee Data View & Onboarding","Admin|HRBP|Deepta Mathur Employee Data View||Jennifer Employee Data View & Onboarding",Admin,,,,Disabled,Disabled,,Enabled,Disabled,Enabled,Disabled,Disabled,Disabled,Disabled,Disabled,Disabled,Enabled,Disabled,All,All,All,All,All,All,NA,,NA,NA
"Personal Identity",personal_identity,16,"Passport type",passport_type,6,No,,,,Disabled,ALL,,,Disabled,Disabled,N.A,Disabled,,Disabled,,Disabled,,,"Admin|Self|HRBP|Vice President|Ragini|Deepta Mathur Employee Data View|Yogesh Employee Data View|Chaithra Palladka & Rina Patel|Shreshta Alawandi Employee Data and Confirmation||Jennifer Employee Data View & Onboarding","Admin|HRBP|Deepta Mathur Employee Data View||Jennifer Employee Data View & Onboarding","Admin|HRBP|Deepta Mathur Employee Data View||Jennifer Employee Data View & Onboarding",Admin,,,,Disabled,Disabled,,Enabled,Disabled,Enabled,Disabled,Disabled,Disabled,Disabled,Disabled,Disabled,Disabled,Disabled,,,,,All,,NA,,NA,NA
"Personal Identity",personal_identity,16,"Issue place",issue_place,7,No,,,,Disabled,ALL,,,Disabled,Disabled,N.A,Disabled,,Disabled,,Disabled,,,"Admin|Self|HRBP|Vice President|Ragini|Deepta Mathur Employee Data View|Yogesh Employee Data View|Chaithra Palladka & Rina Patel|Shreshta Alawandi Employee Data and Confirmation||Jennifer Employee Data View & Onboarding","Admin|HRBP|Deepta Mathur Employee Data View||Jennifer Employee Data View & Onboarding","Admin|HRBP|Deepta Mathur Employee Data View||Jennifer Employee Data View & Onboarding",Admin,,,,Disabled,Disabled,,Enabled,Disabled,Enabled,Disabled,Disabled,Disabled,Disabled,Disabled,Disabled,Disabled,Disabled,,,,,All,,NA,,NA,NA
"Personal Identity",personal_identity,16,"Issue date",issue_date,8,No,,,,Enabled,ALL,,,Disabled,Disabled,N.A,Disabled,,Disabled,,Disabled,,,"Admin|Self|HRBP|Vice President|Ragini|Deepta Mathur Employee Data View|Yogesh Employee Data View|Chaithra Palladka & Rina Patel|Shreshta Alawandi Employee Data and Confirmation||Jennifer Employee Data View & Onboarding","Admin|Self|HRBP|Deepta Mathur Employee Data View||Jennifer Employee Data View & Onboarding","Admin|Self|HRBP|Deepta Mathur Employee Data View||Jennifer Employee Data View & Onboarding",Admin,,,,Disabled,Disabled,,Enabled,Disabled,Enabled,Disabled,Disabled,Disabled,Disabled,Disabled,Disabled,Enabled,Disabled,All,All,All,All,All,All,NA,,NA,NA
"Personal Identity",personal_identity,16,"Valid till",valid_till,9,No,,,,Enabled,ALL,,,Disabled,Disabled,N.A,Disabled,,Disabled,,Disabled,,,"Admin|Self|HRBP|Vice President|Ragini|Deepta Mathur Employee Data View|Yogesh Employee Data View|Chaithra Palladka & Rina Patel|Shreshta Alawandi Employee Data and Confirmation||Jennifer Employee Data View & Onboarding","Admin|Self|HRBP|Deepta Mathur Employee Data View||Jennifer Employee Data View & Onboarding","Admin|Self|HRBP|Deepta Mathur Employee Data View||Jennifer Employee Data View & Onboarding",Admin,,,,Disabled,Disabled,,Enabled,Disabled,Enabled,Disabled,Disabled,Disabled,Disabled,Disabled,Disabled,Enabled,Disabled,All,All,All,All,All,All,NA,,NA,NA
"Personal Identity",personal_identity,16,"Country Code Primary Mobile Number",primary_mobile_country_code,10,No,,,,Enabled,ALL,,,Disabled,Disabled,N.A,Disabled,,Disabled,,Disabled,,,"Admin|Self|HRBP|Vice President|Ragini|Deepta Mathur Employee Data View|Yogesh Employee Data View|Chaithra Palladka & Rina Patel|Shreshta Alawandi Employee Data and Confirmation||Jennifer Employee Data View & Onboarding","Admin|Self|HRBP|Deepta Mathur Employee Data View||Jennifer Employee Data View & Onboarding","Admin|Self|HRBP|Deepta Mathur Employee Data View||Jennifer Employee Data View & Onboarding",Admin,,,,Disabled,Disabled,,Disabled,Disabled,Disabled,Disabled,Disabled,Disabled,Disabled,Disabled,Disabled,Disabled,Disabled,All,,,,All,,NA,,NA,NA
"Personal Identity",personal_identity,16,"Primary Mobile Number",primary_mobile,11,No,,,,Enabled,ALL,,,Disabled,Disabled,N.A,Disabled,,Disabled,,Disabled,,,"Admin|Self|HRBP|Vice President|Ragini|Deepta Mathur Employee Data View|Yogesh Employee Data View|Chaithra Palladka & Rina Patel|Shreshta Alawandi Employee Data and Confirmation||Jennifer Employee Data View & Onboarding","Admin|Self|HRBP|Deepta Mathur Employee Data View||Jennifer Employee Data View & Onboarding","Admin|Self|HRBP|Deepta Mathur Employee Data View||Jennifer Employee Data View & Onboarding",Admin,,,,Disabled,Disabled,,Disabled,Disabled,Disabled,Disabled,Disabled,Disabled,Disabled,Disabled,Disabled,Disabled,Disabled,All,,,,All,,NA,,NA,NA
"Personal Identity",personal_identity,16,"Driving License",driving_licence_number,12,No,,,,Enabled,ALL,,,Disabled,Disabled,N.A,Disabled,,Disabled,,Disabled,,,"Admin|Self|HRBP|Vice President|Ragini|Deepta Mathur Employee Data View|Yogesh Employee Data View|Chaithra Palladka & Rina Patel|Shreshta Alawandi Employee Data and Confirmation||Jennifer Employee Data View & Onboarding","Admin|Self|HRBP|Deepta Mathur Employee Data View||Jennifer Employee Data View & Onboarding","Admin|Self|HRBP|Deepta Mathur Employee Data View||Jennifer Employee Data View & Onboarding",Admin,,,,Disabled,Disabled,,Disabled,Disabled,Disabled,Disabled,Disabled,Disabled,Disabled,Disabled,Disabled,Disabled,Disabled,,,,,All,,NA,,NA,NA
"Personal Identity",personal_identity,16,"Aadhaar Details (Verified)",aadhaar_details,13,No,,,,Disabled,ALL,,,Disabled,Disabled,N.A,Disabled,,Disabled,,Disabled,,,"Admin|Self|HRBP|Vice President|Ragini|Deepta Mathur Employee Data View|Yogesh Employee Data View|Chaithra Palladka & Rina Patel|Shreshta Alawandi Employee Data and Confirmation||Jennifer Employee Data View & Onboarding","Admin|HRBP|Deepta Mathur Employee Data View||Jennifer Employee Data View & Onboarding","Admin|HRBP|Deepta Mathur Employee Data View||Jennifer Employee Data View & Onboarding",Admin,,,,Disabled,Disabled,,Disabled,Disabled,Disabled,Disabled,Disabled,Disabled,Disabled,Disabled,Disabled,Disabled,Disabled,,,,,All,,NA,,NA,NA
"Personal Identity",personal_identity,16,"PAN Details (Verified)",pan_details,14,No,,,,Disabled,ALL,,,Disabled,Disabled,N.A,Disabled,,Disabled,,Disabled,,,"Admin|Self|HRBP|Vice President|Ragini|Deepta Mathur Employee Data View|Yogesh Employee Data View|Chaithra Palladka & Rina Patel|Shreshta Alawandi Employee Data and Confirmation||Jennifer Employee Data View & Onboarding","Admin|HRBP|Deepta Mathur Employee Data View||Jennifer Employee Data View & Onboarding","Admin|HRBP|Deepta Mathur Employee Data View||Jennifer Employee Data View & Onboarding",Admin,,,,Disabled,Disabled,,Disabled,Disabled,Disabled,Disabled,Disabled,Disabled,Disabled,Disabled,Disabled,Disabled,Disabled,,,,,All,,NA,,NA,NA
"Personal Identity",personal_identity,16,"Driving License Details (Verified)",dl_details,15,No,,,,Disabled,ALL,,,Disabled,Disabled,N.A,Disabled,,Disabled,,Disabled,,,"Admin|Self|HRBP|Vice President|Ragini|Deepta Mathur Employee Data View|Yogesh Employee Data View|Chaithra Palladka & Rina Patel|Shreshta Alawandi Employee Data and Confirmation||Jennifer Employee Data View & Onboarding","Admin|HRBP|Deepta Mathur Employee Data View||Jennifer Employee Data View & Onboarding","Admin|HRBP|Deepta Mathur Employee Data View||Jennifer Employee Data View & Onboarding",Admin,,,,Disabled,Disabled,,Disabled,Disabled,Disabled,Disabled,Disabled,Disabled,Disabled,Disabled,Disabled,Disabled,Disabled,,,,,All,,NA,,NA,NA
"Personal Identity",personal_identity,16,"Khmer ID Card Number",cambodia_national_identity_card_number,16,No,,,,Disabled,ALL,,,Disabled,Disabled,N.A,Disabled,,Disabled,,Disabled,,,"Admin|Self|HRBP|Vice President|Ragini|Deepta Mathur Employee Data View|Yogesh Employee Data View|Chaithra Palladka & Rina Patel|Shreshta Alawandi Employee Data and Confirmation||Jennifer Employee Data View & Onboarding","Admin|HRBP|Deepta Mathur Employee Data View||Jennifer Employee Data View & Onboarding","Admin|HRBP|Deepta Mathur Employee Data View||Jennifer Employee Data View & Onboarding",Admin,,,,Disabled,Disabled,,Disabled,Disabled,Disabled,Disabled,Disabled,Disabled,Disabled,Disabled,Disabled,Disabled,Disabled,,,,,All,,NA,,NA,NA
"Personal Identity",personal_identity,16,"Cambodia National Social Security Fund(NSSF)",cambodia_national_health_insurance_card_number,17,No,,,,Disabled,ALL,,,Disabled,Disabled,N.A,Disabled,,Disabled,,Disabled,,,"Admin|Self|HRBP|Vice President|Ragini|Deepta Mathur Employee Data View|Yogesh Employee Data View|Chaithra Palladka & Rina Patel|Shreshta Alawandi Employee Data and Confirmation||Jennifer Employee Data View & Onboarding","Admin|HRBP|Deepta Mathur Employee Data View||Jennifer Employee Data View & Onboarding","Admin|HRBP|Deepta Mathur Employee Data View||Jennifer Employee Data View & Onboarding",Admin,,,,Disabled,Disabled,,Disabled,Disabled,Disabled,Disabled,Disabled,Disabled,Disabled,Disabled,Disabled,Disabled,Disabled,,,,,All,,NA,,NA,NA
"Personal Identity",personal_identity,16,"Tax Number (Nomor Pokok Wajib Pajak) (NPWP) (Indonesia)",indonesia_taxpayer_identification_card_number,19,No,,,,Disabled,ALL,,,Disabled,Disabled,N.A,Disabled,,Disabled,,Disabled,,,"Admin|Self|HRBP|Vice President|Ragini|Deepta Mathur Employee Data View|Yogesh Employee Data View|Chaithra Palladka & Rina Patel|Shreshta Alawandi Employee Data and Confirmation||Jennifer Employee Data View & Onboarding","Admin|HRBP|Deepta Mathur Employee Data View||Jennifer Employee Data View & Onboarding","Admin|HRBP|Deepta Mathur Employee Data View||Jennifer Employee Data View & Onboarding",Admin,,,,Disabled,Disabled,,Disabled,Disabled,Disabled,Disabled,Disabled,Disabled,Disabled,Disabled,Disabled,Disabled,Disabled,,,,,All,,NA,,NA,NA
"Personal Identity",personal_identity,16,"Badan Penyelenggara Jaminan Sosial (BPJS) Tenaga Kerja (Indonesia)",indonesia_national_health_insurance_card_number,20,No,,,,Disabled,ALL,,,Disabled,Disabled,N.A,Disabled,,Disabled,,Disabled,,,"Admin|Self|HRBP|Vice President|Ragini|Deepta Mathur Employee Data View|Yogesh Employee Data View|Chaithra Palladka & Rina Patel|Shreshta Alawandi Employee Data and Confirmation||Jennifer Employee Data View & Onboarding","Admin|HRBP|Deepta Mathur Employee Data View||Jennifer Employee Data View & Onboarding","Admin|HRBP|Deepta Mathur Employee Data View||Jennifer Employee Data View & Onboarding",Admin,,,,Disabled,Disabled,,Disabled,Disabled,Disabled,Disabled,Disabled,Disabled,Disabled,Disabled,Disabled,Disabled,Disabled,,,,,All,,NA,,NA,NA
"Personal Identity",personal_identity,16,"MyKad Number",malaysia_national_identity_card_number,21,No,,,,Disabled,ALL,,,Disabled,Disabled,N.A,Disabled,,Disabled,,Disabled,,,"Admin|Self|HRBP|Vice President|Ragini|Deepta Mathur Employee Data View|Yogesh Employee Data View|Chaithra Palladka & Rina Patel|Shreshta Alawandi Employee Data and Confirmation||Jennifer Employee Data View & Onboarding","Admin|HRBP|Deepta Mathur Employee Data View||Jennifer Employee Data View & Onboarding","Admin|HRBP|Deepta Mathur Employee Data View||Jennifer Employee Data View & Onboarding",Admin,,,,Disabled,Disabled,,Disabled,Disabled,Disabled,Disabled,Disabled,Disabled,Disabled,Disabled,Disabled,Disabled,Disabled,,,,,All,,NA,,NA,NA
"Personal Identity",personal_identity,16,"Myanmar National Registration Card (Identity Card)",myanmar_national_identity_card_number,22,No,,,,Disabled,ALL,,,Disabled,Disabled,N.A,Disabled,,Disabled,,Disabled,,,"Admin|Self|HRBP|Vice President|Ragini|Deepta Mathur Employee Data View|Yogesh Employee Data View|Chaithra Palladka & Rina Patel|Shreshta Alawandi Employee Data and Confirmation||Jennifer Employee Data View & Onboarding","Admin|HRBP|Deepta Mathur Employee Data View||Jennifer Employee Data View & Onboarding","Admin|HRBP|Deepta Mathur Employee Data View||Jennifer Employee Data View & Onboarding",Admin,,,,Disabled,Disabled,,Disabled,Disabled,Disabled,Disabled,Disabled,Disabled,Disabled,Disabled,Disabled,Disabled,Disabled,,,,,All,,NA,,NA,NA
"Personal Identity",personal_identity,16,"Philippines Taxpayer Identification Number (TIN)",philippines_taxpayer_identification_card_number,24,No,,,,Disabled,ALL,,,Disabled,Disabled,N.A,Disabled,,Disabled,,Disabled,,,"Admin|Self|HRBP|Vice President|Ragini|Deepta Mathur Employee Data View|Yogesh Employee Data View|Chaithra Palladka & Rina Patel|Shreshta Alawandi Employee Data and Confirmation||Jennifer Employee Data View & Onboarding","Admin|HRBP|Deepta Mathur Employee Data View||Jennifer Employee Data View & Onboarding","Admin|HRBP|Deepta Mathur Employee Data View||Jennifer Employee Data View & Onboarding",Admin,,,,Disabled,Disabled,,Disabled,Disabled,Disabled,Disabled,Disabled,Disabled,Disabled,Disabled,Disabled,Disabled,Disabled,,,,,All,,NA,,NA,NA
"Personal Identity",personal_identity,16,"National Registration Identity Card (NRIC) Foreign Identification Number (FIN)",singapore_national_identity_card_number,26,No,,,,Disabled,ALL,,,Disabled,Disabled,N.A,Disabled,,Disabled,,Disabled,,,"Admin|Self|HRBP|Vice President|Ragini|Deepta Mathur Employee Data View|Yogesh Employee Data View|Chaithra Palladka & Rina Patel|Shreshta Alawandi Employee Data and Confirmation||Jennifer Employee Data View & Onboarding","Admin|HRBP|Deepta Mathur Employee Data View||Jennifer Employee Data View & Onboarding","Admin|HRBP|Deepta Mathur Employee Data View||Jennifer Employee Data View & Onboarding",Admin,,,,Disabled,Disabled,,Disabled,Disabled,Disabled,Disabled,Disabled,Disabled,Disabled,Disabled,Disabled,Disabled,Disabled,,,,,All,,NA,,NA,NA
"Personal Identity",personal_identity,16,"Inland Revenue Authority of Singapore (IRAS) Unique Entity Number (UEN)",singapore_taxpayer_identification_card_number,27,No,,,,Disabled,ALL,,,Disabled,Disabled,N.A,Disabled,,Disabled,,Disabled,,,"Admin|Self|HRBP|Vice President|Ragini|Deepta Mathur Employee Data View|Yogesh Employee Data View|Chaithra Palladka & Rina Patel|Shreshta Alawandi Employee Data and Confirmation||Jennifer Employee Data View & Onboarding","Admin|HRBP|Deepta Mathur Employee Data View||Jennifer Employee Data View & Onboarding","Admin|HRBP|Deepta Mathur Employee Data View||Jennifer Employee Data View & Onboarding",Admin,,,,Disabled,Disabled,,Disabled,Disabled,Disabled,Disabled,Disabled,Disabled,Disabled,Disabled,Disabled,Disabled,Disabled,,,,,All,,NA,,NA,NA
"Personal Identity",personal_identity,16,"Việt Nam Social Insurance (VSI)",vietnam_national_health_insurance_card_number,30,No,,,,Disabled,ALL,,,Disabled,Disabled,N.A,Disabled,,Disabled,,Disabled,,,"Admin|Self|HRBP|Vice President|Ragini|Deepta Mathur Employee Data View|Yogesh Employee Data View|Chaithra Palladka & Rina Patel|Shreshta Alawandi Employee Data and Confirmation||Jennifer Employee Data View & Onboarding","Admin|HRBP|Deepta Mathur Employee Data View||Jennifer Employee Data View & Onboarding","Admin|HRBP|Deepta Mathur Employee Data View||Jennifer Employee Data View & Onboarding",Admin,,,,Disabled,Disabled,,Disabled,Disabled,Disabled,Disabled,Disabled,Disabled,Disabled,Disabled,Disabled,Disabled,Disabled,,,,,All,,NA,,NA,NA
"Personal Identity",personal_identity,16,"Cambodia Taxpayer Identification Number (TIN)",cambodia_taxpayer_identification_card_number,31,No,,,,Disabled,ALL,,,Disabled,Disabled,N.A,Disabled,,Disabled,,Disabled,,,"Admin|Self|HRBP|Vice President|Ragini|Deepta Mathur Employee Data View|Yogesh Employee Data View|Chaithra Palladka & Rina Patel|Shreshta Alawandi Employee Data and Confirmation||Jennifer Employee Data View & Onboarding","Admin|HRBP|Deepta Mathur Employee Data View||Jennifer Employee Data View & Onboarding","Admin|HRBP|Deepta Mathur Employee Data View||Jennifer Employee Data View & Onboarding",Admin,,,,Disabled,Disabled,,Disabled,Disabled,Disabled,Disabled,Disabled,Disabled,Disabled,Disabled,Disabled,Disabled,Disabled,,,,,All,,NA,,NA,NA
"Personal Identity",personal_identity,16,"Nombor Cukai Pendapatan (NCP)",malaysia_taxpayer_identification_card_number,32,No,,,,Disabled,ALL,,,Disabled,Disabled,N.A,Disabled,,Disabled,,Disabled,,,"Admin|Self|HRBP|Vice President|Ragini|Deepta Mathur Employee Data View|Yogesh Employee Data View|Chaithra Palladka & Rina Patel|Shreshta Alawandi Employee Data and Confirmation||Jennifer Employee Data View & Onboarding","Admin|HRBP|Deepta Mathur Employee Data View||Jennifer Employee Data View & Onboarding","Admin|HRBP|Deepta Mathur Employee Data View||Jennifer Employee Data View & Onboarding",Admin,,,,Disabled,Disabled,,Disabled,Disabled,Disabled,Disabled,Disabled,Disabled,Disabled,Disabled,Disabled,Disabled,Disabled,,,,,All,,NA,,NA,NA
"Personal Identity",personal_identity,16,"Thailand Taxpayer Identification Number (TIN)",thailand_taxpayer_identification_card_number,33,No,,,,Disabled,ALL,,,Disabled,Disabled,N.A,Disabled,,Disabled,,Disabled,,,"Admin|Self|HRBP|Vice President|Ragini|Deepta Mathur Employee Data View|Yogesh Employee Data View|Chaithra Palladka & Rina Patel|Shreshta Alawandi Employee Data and Confirmation||Jennifer Employee Data View & Onboarding","Admin|HRBP|Deepta Mathur Employee Data View||Jennifer Employee Data View & Onboarding","Admin|HRBP|Deepta Mathur Employee Data View||Jennifer Employee Data View & Onboarding",Admin,,,,Disabled,Disabled,,Disabled,Disabled,Disabled,Disabled,Disabled,Disabled,Disabled,Disabled,Disabled,Disabled,Disabled,,,,,All,,NA,,NA,NA
"Personal Identity",personal_identity,16,"Tax Code (Mã Sṍ Thuḗ)",vietnam_taxpayer_identification_card_number,34,No,,,,Disabled,ALL,,,Disabled,Disabled,N.A,Disabled,,Disabled,,Disabled,,,"Admin|Self|HRBP|Vice President|Ragini|Deepta Mathur Employee Data View|Yogesh Employee Data View|Chaithra Palladka & Rina Patel|Shreshta Alawandi Employee Data and Confirmation||Jennifer Employee Data View & Onboarding","Admin|HRBP|Deepta Mathur Employee Data View||Jennifer Employee Data View & Onboarding","Admin|HRBP|Deepta Mathur Employee Data View||Jennifer Employee Data View & Onboarding",Admin,,,,Disabled,Disabled,,Disabled,Disabled,Disabled,Disabled,Disabled,Disabled,Disabled,Disabled,Disabled,Disabled,Disabled,,,,,All,,NA,,NA,NA
"Personal Identity",personal_identity,16,"Badan Penyelenggara Jaminan Sosial Kesehatan (BPJSKES) (Indonesia)",indonesia_national_health_insurance_kesehatan_card_number,35,No,,,,Disabled,ALL,,,Disabled,Disabled,N.A,Disabled,,Disabled,,Disabled,,,"Admin|Self|HRBP|Vice President|Ragini|Deepta Mathur Employee Data View|Yogesh Employee Data View|Chaithra Palladka & Rina Patel|Shreshta Alawandi Employee Data and Confirmation||Jennifer Employee Data View & Onboarding","Admin|HRBP|Deepta Mathur Employee Data View||Jennifer Employee Data View & Onboarding","Admin|HRBP|Deepta Mathur Employee Data View||Jennifer Employee Data View & Onboarding",Admin,,,,Disabled,Disabled,,Disabled,Disabled,Disabled,Disabled,Disabled,Disabled,Disabled,Disabled,Disabled,Disabled,Disabled,,,,,All,,NA,,NA,NA
"Personal Identity",personal_identity,16,"Emirates ID",emirates_card_number,36,No,,,,Disabled,ALL,,,Disabled,Disabled,N.A,Disabled,,Disabled,,Disabled,,,"Admin|Self|HRBP|Vice President|Ragini|Deepta Mathur Employee Data View|Yogesh Employee Data View|Chaithra Palladka & Rina Patel|Shreshta Alawandi Employee Data and Confirmation||Jennifer Employee Data View & Onboarding","Admin|HRBP|Deepta Mathur Employee Data View||Jennifer Employee Data View & Onboarding","Admin|HRBP|Deepta Mathur Employee Data View||Jennifer Employee Data View & Onboarding",Admin,,,,Disabled,Disabled,,Disabled,Disabled,Disabled,Disabled,Disabled,Disabled,Disabled,Disabled,Disabled,Disabled,Disabled,,,,,All,,NA,,NA,NA
"Personal Identity",personal_identity,16,"IQAMA Number",iqama_number,37,No,,,,Disabled,ALL,,,Disabled,Disabled,N.A,Disabled,,Disabled,,Disabled,,,"Admin|Self|HRBP|Vice President|Ragini|Deepta Mathur Employee Data View|Yogesh Employee Data View|Chaithra Palladka & Rina Patel|Shreshta Alawandi Employee Data and Confirmation||Jennifer Employee Data View & Onboarding","Admin|HRBP|Deepta Mathur Employee Data View||Jennifer Employee Data View & Onboarding","Admin|HRBP|Deepta Mathur Employee Data View||Jennifer Employee Data View & Onboarding",Admin,,,,Disabled,Disabled,,Enabled,Disabled,Enabled,Disabled,Disabled,Disabled,Disabled,Disabled,Disabled,Disabled,Disabled,,,,,All,,NA,,NA,NA
"Personal Identity",personal_identity,16,"Personal ID (Letërnjoftimi) Number(Albania)",albania_personal_id_number,38,No,,,,Disabled,ALL,,,Disabled,Disabled,N.A,Disabled,,Disabled,,Disabled,,,"Admin|Self|HRBP|Vice President|Ragini|Deepta Mathur Employee Data View|Yogesh Employee Data View|Chaithra Palladka & Rina Patel|Shreshta Alawandi Employee Data and Confirmation||Jennifer Employee Data View & Onboarding","Admin|HRBP|Deepta Mathur Employee Data View||Jennifer Employee Data View & Onboarding","Admin|HRBP|Deepta Mathur Employee Data View||Jennifer Employee Data View & Onboarding",Admin,,,,Disabled,Disabled,,Enabled,Disabled,Enabled,Disabled,Disabled,Disabled,Disabled,Disabled,Disabled,Disabled,Disabled,,,,,All,,NA,,NA,NA
"Personal Identity",personal_identity,16,"National ID Card Number (Algeria)",algeria_national_id_number,39,No,,,,Disabled,ALL,,,Disabled,Disabled,N.A,Disabled,,Disabled,,Disabled,,,"Admin|Self|HRBP|Vice President|Ragini|Deepta Mathur Employee Data View|Yogesh Employee Data View|Chaithra Palladka & Rina Patel|Shreshta Alawandi Employee Data and Confirmation||Jennifer Employee Data View & Onboarding","Admin|HRBP|Deepta Mathur Employee Data View||Jennifer Employee Data View & Onboarding","Admin|HRBP|Deepta Mathur Employee Data View||Jennifer Employee Data View & Onboarding",Admin,,,,Disabled,Disabled,,Enabled,Disabled,Enabled,Disabled,Disabled,Disabled,Disabled,Disabled,Disabled,Disabled,Disabled,,,,,All,,NA,,NA,NA
"Personal Identity",personal_identity,16,"CASS Number (Andorra)",andorra_cass_number,40,No,,,,Disabled,ALL,,,Disabled,Disabled,N.A,Disabled,,Disabled,,Disabled,,,"Admin|Self|HRBP|Vice President|Ragini|Deepta Mathur Employee Data View|Yogesh Employee Data View|Chaithra Palladka & Rina Patel|Shreshta Alawandi Employee Data and Confirmation||Jennifer Employee Data View & Onboarding","Admin|HRBP|Deepta Mathur Employee Data View||Jennifer Employee Data View & Onboarding","Admin|HRBP|Deepta Mathur Employee Data View||Jennifer Employee Data View & Onboarding",Admin,,,,Disabled,Disabled,,Enabled,Disabled,Enabled,Disabled,Disabled,Disabled,Disabled,Disabled,Disabled,Disabled,Disabled,,,,,All,,NA,,NA,NA
"Personal Identity",personal_identity,16,"Identity Card (BI) Number (Angola)",angola_identity_card_number,41,No,,,,Disabled,ALL,,,Disabled,Disabled,N.A,Disabled,,Disabled,,Disabled,,,"Admin|Self|HRBP|Vice President|Ragini|Deepta Mathur Employee Data View|Yogesh Employee Data View|Chaithra Palladka & Rina Patel|Shreshta Alawandi Employee Data and Confirmation||Jennifer Employee Data View & Onboarding","Admin|HRBP|Deepta Mathur Employee Data View||Jennifer Employee Data View & Onboarding","Admin|HRBP|Deepta Mathur Employee Data View||Jennifer Employee Data View & Onboarding",Admin,,,,Disabled,Disabled,,Enabled,Disabled,Enabled,Disabled,Disabled,Disabled,Disabled,Disabled,Disabled,Disabled,Disabled,,,,,All,,NA,,NA,NA
"Personal Identity",personal_identity,16,"Social Security Identification Number (NISS) (Angola)",angola_social_security_identification_number,42,No,,,,Disabled,ALL,,,Disabled,Disabled,N.A,Disabled,,Disabled,,Disabled,,,"Admin|Self|HRBP|Vice President|Ragini|Deepta Mathur Employee Data View|Yogesh Employee Data View|Chaithra Palladka & Rina Patel|Shreshta Alawandi Employee Data and Confirmation||Jennifer Employee Data View & Onboarding","Admin|HRBP|Deepta Mathur Employee Data View||Jennifer Employee Data View & Onboarding","Admin|HRBP|Deepta Mathur Employee Data View||Jennifer Employee Data View & Onboarding",Admin,,,,Disabled,Disabled,,Enabled,Disabled,Enabled,Disabled,Disabled,Disabled,Disabled,Disabled,Disabled,Disabled,Disabled,,,,,All,,NA,,NA,NA
"Personal Identity",personal_identity,16,"Certificate of Identity (CID) (angola)",anguilla_certificate_of_identity_number,43,No,,,,Disabled,ALL,,,Disabled,Disabled,N.A,Disabled,,Disabled,,Disabled,,,"Admin|Self|HRBP|Vice President|Ragini|Deepta Mathur Employee Data View|Yogesh Employee Data View|Chaithra Palladka & Rina Patel|Shreshta Alawandi Employee Data and Confirmation||Jennifer Employee Data View & Onboarding","Admin|HRBP|Deepta Mathur Employee Data View||Jennifer Employee Data View & Onboarding","Admin|HRBP|Deepta Mathur Employee Data View||Jennifer Employee Data View & Onboarding",Admin,,,,Disabled,Disabled,,Enabled,Disabled,Enabled,Disabled,Disabled,Disabled,Disabled,Disabled,Disabled,Disabled,Disabled,,,,,All,,NA,,NA,NA
"Personal Identity",personal_identity,16,"Passport Number (PAS) (Anguilla)",anguilla_passport_number,44,No,,,,Disabled,ALL,,,Disabled,Disabled,N.A,Disabled,,Disabled,,Disabled,,,"Admin|Self|HRBP|Vice President|Ragini|Deepta Mathur Employee Data View|Yogesh Employee Data View|Chaithra Palladka & Rina Patel|Shreshta Alawandi Employee Data and Confirmation||Jennifer Employee Data View & Onboarding","Admin|HRBP|Deepta Mathur Employee Data View||Jennifer Employee Data View & Onboarding","Admin|HRBP|Deepta Mathur Employee Data View||Jennifer Employee Data View & Onboarding",Admin,,,,Disabled,Disabled,,Enabled,Disabled,Enabled,Disabled,Disabled,Disabled,Disabled,Disabled,Disabled,Disabled,Disabled,,,,,All,,NA,,NA,NA
"Personal Identity",personal_identity,16,"DNI Number (Argentina)",argentina_dni_number,45,No,,,,Disabled,ALL,,,Disabled,Disabled,N.A,Disabled,,Disabled,,Disabled,,,"Admin|Self|HRBP|Vice President|Ragini|Deepta Mathur Employee Data View|Yogesh Employee Data View|Chaithra Palladka & Rina Patel|Shreshta Alawandi Employee Data and Confirmation||Jennifer Employee Data View & Onboarding","Admin|HRBP|Deepta Mathur Employee Data View||Jennifer Employee Data View & Onboarding","Admin|HRBP|Deepta Mathur Employee Data View||Jennifer Employee Data View & Onboarding",Admin,,,,Disabled,Disabled,,Enabled,Disabled,Enabled,Disabled,Disabled,Disabled,Disabled,Disabled,Disabled,Disabled,Disabled,,,,,All,,NA,,NA,NA
"Personal Identity",personal_identity,16,"ID Card (CI) Number (Argentina)",argentina_id_card_number,46,No,,,,Disabled,ALL,,,Disabled,Disabled,N.A,Disabled,,Disabled,,Disabled,,,"Admin|Self|HRBP|Vice President|Ragini|Deepta Mathur Employee Data View|Yogesh Employee Data View|Chaithra Palladka & Rina Patel|Shreshta Alawandi Employee Data and Confirmation||Jennifer Employee Data View & Onboarding","Admin|HRBP|Deepta Mathur Employee Data View||Jennifer Employee Data View & Onboarding","Admin|HRBP|Deepta Mathur Employee Data View||Jennifer Employee Data View & Onboarding",Admin,,,,Disabled,Disabled,,Enabled,Disabled,Enabled,Disabled,Disabled,Disabled,Disabled,Disabled,Disabled,Disabled,Disabled,,,,,All,,NA,,NA,NA
"Personal Identity",personal_identity,16,"Worker Identification Number (CUIL) (Argentina)",argentina_worker_identification_number,47,No,,,,Disabled,ALL,,,Disabled,Disabled,N.A,Disabled,,Disabled,,Disabled,,,"Admin|Self|HRBP|Vice President|Ragini|Deepta Mathur Employee Data View|Yogesh Employee Data View|Chaithra Palladka & Rina Patel|Shreshta Alawandi Employee Data and Confirmation||Jennifer Employee Data View & Onboarding","Admin|HRBP|Deepta Mathur Employee Data View||Jennifer Employee Data View & Onboarding","Admin|HRBP|Deepta Mathur Employee Data View||Jennifer Employee Data View & Onboarding",Admin,,,,Disabled,Disabled,,Enabled,Disabled,Enabled,Disabled,Disabled,Disabled,Disabled,Disabled,Disabled,Disabled,Disabled,,,,,All,,NA,,NA,NA
"Personal Identity",personal_identity,16,"Social Card Number (Armenia)",armenia_social_card_number,48,No,,,,Disabled,ALL,,,Disabled,Disabled,N.A,Disabled,,Disabled,,Disabled,,,"Admin|Self|HRBP|Vice President|Ragini|Deepta Mathur Employee Data View|Yogesh Employee Data View|Chaithra Palladka & Rina Patel|Shreshta Alawandi Employee Data and Confirmation||Jennifer Employee Data View & Onboarding","Admin|HRBP|Deepta Mathur Employee Data View||Jennifer Employee Data View & Onboarding","Admin|HRBP|Deepta Mathur Employee Data View||Jennifer Employee Data View & Onboarding",Admin,,,,Disabled,Disabled,,Enabled,Disabled,Enabled,Disabled,Disabled,Disabled,Disabled,Disabled,Disabled,Disabled,Disabled,,,,,All,,NA,,NA,NA
"Personal Identity",personal_identity,16,"Tax File Number (TFN) (Australia)",australia_tax_file_number,49,No,,,,Disabled,ALL,,,Disabled,Disabled,N.A,Disabled,,Disabled,,Disabled,,,"Admin|Self|HRBP|Vice President|Ragini|Deepta Mathur Employee Data View|Yogesh Employee Data View|Chaithra Palladka & Rina Patel|Shreshta Alawandi Employee Data and Confirmation||Jennifer Employee Data View & Onboarding","Admin|HRBP|Deepta Mathur Employee Data View||Jennifer Employee Data View & Onboarding","Admin|HRBP|Deepta Mathur Employee Data View||Jennifer Employee Data View & Onboarding",Admin,,,,Disabled,Disabled,,Enabled,Disabled,Enabled,Disabled,Disabled,Disabled,Disabled,Disabled,Disabled,Disabled,Disabled,,,,,All,,NA,,NA,NA
"Personal Identity",personal_identity,16,"National Insurance Number (Bahamas)",bahamas_national_insurance_number,50,No,,,,Disabled,ALL,,,Disabled,Disabled,N.A,Disabled,,Disabled,,Disabled,,,"Admin|Self|HRBP|Vice President|Ragini|Deepta Mathur Employee Data View|Yogesh Employee Data View|Chaithra Palladka & Rina Patel|Shreshta Alawandi Employee Data and Confirmation||Jennifer Employee Data View & Onboarding","Admin|HRBP|Deepta Mathur Employee Data View||Jennifer Employee Data View & Onboarding","Admin|HRBP|Deepta Mathur Employee Data View||Jennifer Employee Data View & Onboarding",Admin,,,,Disabled,Disabled,,Enabled,Disabled,Enabled,Disabled,Disabled,Disabled,Disabled,Disabled,Disabled,Disabled,Disabled,,,,,All,,NA,,NA,NA
"Personal Identity",personal_identity,16,"National Insurance Number (Barbados)",barbados_national_insurance_number,51,No,,,,Disabled,ALL,,,Disabled,Disabled,N.A,Disabled,,Disabled,,Disabled,,,"Admin|Self|HRBP|Vice President|Ragini|Deepta Mathur Employee Data View|Yogesh Employee Data View|Chaithra Palladka & Rina Patel|Shreshta Alawandi Employee Data and Confirmation||Jennifer Employee Data View & Onboarding","Admin|HRBP|Deepta Mathur Employee Data View||Jennifer Employee Data View & Onboarding","Admin|HRBP|Deepta Mathur Employee Data View||Jennifer Employee Data View & Onboarding",Admin,,,,Disabled,Disabled,,Enabled,Disabled,Enabled,Disabled,Disabled,Disabled,Disabled,Disabled,Disabled,Disabled,Disabled,,,,,All,,NA,,NA,NA
"Personal Identity",personal_identity,16,"ID Card Number (Belize)",belize_id_card_number,52,No,,,,Disabled,ALL,,,Disabled,Disabled,N.A,Disabled,,Disabled,,Disabled,,,"Admin|Self|HRBP|Vice President|Ragini|Deepta Mathur Employee Data View|Yogesh Employee Data View|Chaithra Palladka & Rina Patel|Shreshta Alawandi Employee Data and Confirmation||Jennifer Employee Data View & Onboarding","Admin|HRBP|Deepta Mathur Employee Data View||Jennifer Employee Data View & Onboarding","Admin|HRBP|Deepta Mathur Employee Data View||Jennifer Employee Data View & Onboarding",Admin,,,,Disabled,Disabled,,Enabled,Disabled,Enabled,Disabled,Disabled,Disabled,Disabled,Disabled,Disabled,Disabled,Disabled,,,,,All,,NA,,NA,NA
"Personal Identity",personal_identity,16,"Social Security Number (Belize)",belize_social_security_number,53,No,,,,Disabled,ALL,,,Disabled,Disabled,N.A,Disabled,,Disabled,,Disabled,,,"Admin|Self|HRBP|Vice President|Ragini|Deepta Mathur Employee Data View|Yogesh Employee Data View|Chaithra Palladka & Rina Patel|Shreshta Alawandi Employee Data and Confirmation||Jennifer Employee Data View & Onboarding","Admin|HRBP|Deepta Mathur Employee Data View||Jennifer Employee Data View & Onboarding","Admin|HRBP|Deepta Mathur Employee Data View||Jennifer Employee Data View & Onboarding",Admin,,,,Disabled,Disabled,,Enabled,Disabled,Enabled,Disabled,Disabled,Disabled,Disabled,Disabled,Disabled,Disabled,Disabled,,,,,All,,NA,,NA,NA
"Personal Identity",personal_identity,16,"Tax Identification Number (TIN) (Belize)",belize_tax_identification_number,54,No,,,,Disabled,ALL,,,Disabled,Disabled,N.A,Disabled,,Disabled,,Disabled,,,"Admin|Self|HRBP|Vice President|Ragini|Deepta Mathur Employee Data View|Yogesh Employee Data View|Chaithra Palladka & Rina Patel|Shreshta Alawandi Employee Data and Confirmation||Jennifer Employee Data View & Onboarding","Admin|HRBP|Deepta Mathur Employee Data View||Jennifer Employee Data View & Onboarding","Admin|HRBP|Deepta Mathur Employee Data View||Jennifer Employee Data View & Onboarding",Admin,,,,Disabled,Disabled,,Enabled,Disabled,Enabled,Disabled,Disabled,Disabled,Disabled,Disabled,Disabled,Disabled,Disabled,,,,,All,,NA,,NA,NA
"Personal Identity",personal_identity,16,"NATIONAL I.D. CARD (CNI) number (Benin)",benin_national_id_card_number,55,No,,,,Disabled,ALL,,,Disabled,Disabled,N.A,Disabled,,Disabled,,Disabled,,,"Admin|Self|HRBP|Vice President|Ragini|Deepta Mathur Employee Data View|Yogesh Employee Data View|Chaithra Palladka & Rina Patel|Shreshta Alawandi Employee Data and Confirmation||Jennifer Employee Data View & Onboarding","Admin|HRBP|Deepta Mathur Employee Data View||Jennifer Employee Data View & Onboarding","Admin|HRBP|Deepta Mathur Employee Data View||Jennifer Employee Data View & Onboarding",Admin,,,,Disabled,Disabled,,Enabled,Disabled,Enabled,Disabled,Disabled,Disabled,Disabled,Disabled,Disabled,Disabled,Disabled,,,,,All,,NA,,NA,NA
"Personal Identity",personal_identity,16,"Unique Tax Identification Number (IFU) (Benin)",benin_unique_tax_identification_number,56,No,,,,Disabled,ALL,,,Disabled,Disabled,N.A,Disabled,,Disabled,,Disabled,,,"Admin|Self|HRBP|Vice President|Ragini|Deepta Mathur Employee Data View|Yogesh Employee Data View|Chaithra Palladka & Rina Patel|Shreshta Alawandi Employee Data and Confirmation||Jennifer Employee Data View & Onboarding","Admin|HRBP|Deepta Mathur Employee Data View||Jennifer Employee Data View & Onboarding","Admin|HRBP|Deepta Mathur Employee Data View||Jennifer Employee Data View & Onboarding",Admin,,,,Disabled,Disabled,,Enabled,Disabled,Enabled,Disabled,Disabled,Disabled,Disabled,Disabled,Disabled,Disabled,Disabled,,,,,All,,NA,,NA,NA
"Personal Identity",personal_identity,16,"Social Insurance Number (Bermuda)",bermuda_social_insurance_number,57,No,,,,Disabled,ALL,,,Disabled,Disabled,N.A,Disabled,,Disabled,,Disabled,,,"Admin|Self|HRBP|Vice President|Ragini|Deepta Mathur Employee Data View|Yogesh Employee Data View|Chaithra Palladka & Rina Patel|Shreshta Alawandi Employee Data and Confirmation||Jennifer Employee Data View & Onboarding","Admin|HRBP|Deepta Mathur Employee Data View||Jennifer Employee Data View & Onboarding","Admin|HRBP|Deepta Mathur Employee Data View||Jennifer Employee Data View & Onboarding",Admin,,,,Disabled,Disabled,,Enabled,Disabled,Enabled,Disabled,Disabled,Disabled,Disabled,Disabled,Disabled,Disabled,Disabled,,,,,All,,NA,,NA,NA
"Personal Identity",personal_identity,16,"ID Card (CI) Number (Bolivia)",bolivia_id_card_number,58,No,,,,Disabled,ALL,,,Disabled,Disabled,N.A,Disabled,,Disabled,,Disabled,,,"Admin|Self|HRBP|Vice President|Ragini|Deepta Mathur Employee Data View|Yogesh Employee Data View|Chaithra Palladka & Rina Patel|Shreshta Alawandi Employee Data and Confirmation||Jennifer Employee Data View & Onboarding","Admin|HRBP|Deepta Mathur Employee Data View||Jennifer Employee Data View & Onboarding","Admin|HRBP|Deepta Mathur Employee Data View||Jennifer Employee Data View & Onboarding",Admin,,,,Disabled,Disabled,,Enabled,Disabled,Enabled,Disabled,Disabled,Disabled,Disabled,Disabled,Disabled,Disabled,Disabled,,,,,All,,NA,,NA,NA
"Personal Identity",personal_identity,16,"Taxpayer ID Number (NIT) (Bolivia)",bolivia_taxpayer_id_card_number,59,No,,,,Disabled,ALL,,,Disabled,Disabled,N.A,Disabled,,Disabled,,Disabled,,,"Admin|Self|HRBP|Vice President|Ragini|Deepta Mathur Employee Data View|Yogesh Employee Data View|Chaithra Palladka & Rina Patel|Shreshta Alawandi Employee Data and Confirmation||Jennifer Employee Data View & Onboarding","Admin|HRBP|Deepta Mathur Employee Data View||Jennifer Employee Data View & Onboarding","Admin|HRBP|Deepta Mathur Employee Data View||Jennifer Employee Data View & Onboarding",Admin,,,,Disabled,Disabled,,Enabled,Disabled,Enabled,Disabled,Disabled,Disabled,Disabled,Disabled,Disabled,Disabled,Disabled,,,,,All,,NA,,NA,NA
"Personal Identity",personal_identity,16,"Identification Card (Identiteitskaart) number (Bonaire, Sint Eustatius, and Saba)",bonaire_sint_eustatius_saba_identification_card_number,60,No,,,,Disabled,ALL,,,Disabled,Disabled,N.A,Disabled,,Disabled,,Disabled,,,"Admin|Self|HRBP|Vice President|Ragini|Deepta Mathur Employee Data View|Yogesh Employee Data View|Chaithra Palladka & Rina Patel|Shreshta Alawandi Employee Data and Confirmation||Jennifer Employee Data View & Onboarding","Admin|HRBP|Deepta Mathur Employee Data View||Jennifer Employee Data View & Onboarding","Admin|HRBP|Deepta Mathur Employee Data View||Jennifer Employee Data View & Onboarding",Admin,,,,Disabled,Disabled,,Enabled,Disabled,Enabled,Disabled,Disabled,Disabled,Disabled,Disabled,Disabled,Disabled,Disabled,,,,,All,,NA,,NA,NA
"Personal Identity",personal_identity,16,"Omang Number (Botswana)",botswana_omang_number,61,No,,,,Disabled,ALL,,,Disabled,Disabled,N.A,Disabled,,Disabled,,Disabled,,,"Admin|Self|HRBP|Vice President|Ragini|Deepta Mathur Employee Data View|Yogesh Employee Data View|Chaithra Palladka & Rina Patel|Shreshta Alawandi Employee Data and Confirmation||Jennifer Employee Data View & Onboarding","Admin|HRBP|Deepta Mathur Employee Data View||Jennifer Employee Data View & Onboarding","Admin|HRBP|Deepta Mathur Employee Data View||Jennifer Employee Data View & Onboarding",Admin,,,,Disabled,Disabled,,Enabled,Disabled,Enabled,Disabled,Disabled,Disabled,Disabled,Disabled,Disabled,Disabled,Disabled,,,,,All,,NA,,NA,NA
"Personal Identity",personal_identity,16,"CPF Number (Brazil)",brazil_cpf_number,62,No,,,,Disabled,ALL,,,Disabled,Disabled,N.A,Disabled,,Disabled,,Disabled,,,"Admin|Self|HRBP|Vice President|Ragini|Deepta Mathur Employee Data View|Yogesh Employee Data View|Chaithra Palladka & Rina Patel|Shreshta Alawandi Employee Data and Confirmation||Jennifer Employee Data View & Onboarding","Admin|HRBP|Deepta Mathur Employee Data View||Jennifer Employee Data View & Onboarding","Admin|HRBP|Deepta Mathur Employee Data View||Jennifer Employee Data View & Onboarding",Admin,,,,Disabled,Disabled,,Enabled,Disabled,Enabled,Disabled,Disabled,Disabled,Disabled,Disabled,Disabled,Disabled,Disabled,,,,,All,,NA,,NA,NA
"Personal Identity",personal_identity,16,"CTPS Number (Brazil)",brazil_ctps_number,63,No,,,,Disabled,ALL,,,Disabled,Disabled,N.A,Disabled,,Disabled,,Disabled,,,"Admin|Self|HRBP|Vice President|Ragini|Deepta Mathur Employee Data View|Yogesh Employee Data View|Chaithra Palladka & Rina Patel|Shreshta Alawandi Employee Data and Confirmation||Jennifer Employee Data View & Onboarding","Admin|HRBP|Deepta Mathur Employee Data View||Jennifer Employee Data View & Onboarding","Admin|HRBP|Deepta Mathur Employee Data View||Jennifer Employee Data View & Onboarding",Admin,,,,Disabled,Disabled,,Enabled,Disabled,Enabled,Disabled,Disabled,Disabled,Disabled,Disabled,Disabled,Disabled,Disabled,,,,,All,,NA,,NA,NA
"Personal Identity",personal_identity,16,"Foreign National Registration (RNE) Number (Brazil)",brazil_foreign_national_registration_number,64,No,,,,Disabled,ALL,,,Disabled,Disabled,N.A,Disabled,,Disabled,,Disabled,,,"Admin|Self|HRBP|Vice President|Ragini|Deepta Mathur Employee Data View|Yogesh Employee Data View|Chaithra Palladka & Rina Patel|Shreshta Alawandi Employee Data and Confirmation||Jennifer Employee Data View & Onboarding","Admin|HRBP|Deepta Mathur Employee Data View||Jennifer Employee Data View & Onboarding","Admin|HRBP|Deepta Mathur Employee Data View||Jennifer Employee Data View & Onboarding",Admin,,,,Disabled,Disabled,,Enabled,Disabled,Enabled,Disabled,Disabled,Disabled,Disabled,Disabled,Disabled,Disabled,Disabled,,,,,All,,NA,,NA,NA
"Personal Identity",personal_identity,16,"General Registration (RG) Number (Brazil)",brazil_general_registration_number,65,No,,,,Disabled,ALL,,,Disabled,Disabled,N.A,Disabled,,Disabled,,Disabled,,,"Admin|Self|HRBP|Vice President|Ragini|Deepta Mathur Employee Data View|Yogesh Employee Data View|Chaithra Palladka & Rina Patel|Shreshta Alawandi Employee Data and Confirmation||Jennifer Employee Data View & Onboarding","Admin|HRBP|Deepta Mathur Employee Data View||Jennifer Employee Data View & Onboarding","Admin|HRBP|Deepta Mathur Employee Data View||Jennifer Employee Data View & Onboarding",Admin,,,,Disabled,Disabled,,Enabled,Disabled,Enabled,Disabled,Disabled,Disabled,Disabled,Disabled,Disabled,Disabled,Disabled,,,,,All,,NA,,NA,NA
"Personal Identity",personal_identity,16,"National Civil Identification (NCI) Number (Brazil)",brazil_national_civil_identification_number,66,No,,,,Disabled,ALL,,,Disabled,Disabled,N.A,Disabled,,Disabled,,Disabled,,,"Admin|Self|HRBP|Vice President|Ragini|Deepta Mathur Employee Data View|Yogesh Employee Data View|Chaithra Palladka & Rina Patel|Shreshta Alawandi Employee Data and Confirmation||Jennifer Employee Data View & Onboarding","Admin|HRBP|Deepta Mathur Employee Data View||Jennifer Employee Data View & Onboarding","Admin|HRBP|Deepta Mathur Employee Data View||Jennifer Employee Data View & Onboarding",Admin,,,,Disabled,Disabled,,Enabled,Disabled,Enabled,Disabled,Disabled,Disabled,Disabled,Disabled,Disabled,Disabled,Disabled,,,,,All,,NA,,NA,NA
"Personal Identity",personal_identity,16,"National Migration Registration Card (CRNM) Number (Brazil)",brazil_national_migration_registration_card_number,67,No,,,,Disabled,ALL,,,Disabled,Disabled,N.A,Disabled,,Disabled,,Disabled,,,"Admin|Self|HRBP|Vice President|Ragini|Deepta Mathur Employee Data View|Yogesh Employee Data View|Chaithra Palladka & Rina Patel|Shreshta Alawandi Employee Data and Confirmation||Jennifer Employee Data View & Onboarding","Admin|HRBP|Deepta Mathur Employee Data View||Jennifer Employee Data View & Onboarding","Admin|HRBP|Deepta Mathur Employee Data View||Jennifer Employee Data View & Onboarding",Admin,,,,Disabled,Disabled,,Enabled,Disabled,Enabled,Disabled,Disabled,Disabled,Disabled,Disabled,Disabled,Disabled,Disabled,,,,,All,,NA,,NA,NA
"Personal Identity",personal_identity,16,"PIS Number (Brazil)",brazil_pis_number,68,No,,,,Disabled,ALL,,,Disabled,Disabled,N.A,Disabled,,Disabled,,Disabled,,,"Admin|Self|HRBP|Vice President|Ragini|Deepta Mathur Employee Data View|Yogesh Employee Data View|Chaithra Palladka & Rina Patel|Shreshta Alawandi Employee Data and Confirmation||Jennifer Employee Data View & Onboarding","Admin|HRBP|Deepta Mathur Employee Data View||Jennifer Employee Data View & Onboarding","Admin|HRBP|Deepta Mathur Employee Data View||Jennifer Employee Data View & Onboarding",Admin,,,,Disabled,Disabled,,Enabled,Disabled,Enabled,Disabled,Disabled,Disabled,Disabled,Disabled,Disabled,Disabled,Disabled,,,,,All,,NA,,NA,NA
"Personal Identity",personal_identity,16,"Voter Registration Number (Brazil)",brazil_voter_registration_number,69,No,,,,Disabled,ALL,,,Disabled,Disabled,N.A,Disabled,,Disabled,,Disabled,,,"Admin|Self|HRBP|Vice President|Ragini|Deepta Mathur Employee Data View|Yogesh Employee Data View|Chaithra Palladka & Rina Patel|Shreshta Alawandi Employee Data and Confirmation||Jennifer Employee Data View & Onboarding","Admin|HRBP|Deepta Mathur Employee Data View||Jennifer Employee Data View & Onboarding","Admin|HRBP|Deepta Mathur Employee Data View||Jennifer Employee Data View & Onboarding",Admin,,,,Disabled,Disabled,,Enabled,Disabled,Enabled,Disabled,Disabled,Disabled,Disabled,Disabled,Disabled,Disabled,Disabled,,,,,All,,NA,,NA,NA
"Personal Identity",personal_identity,16,"National Identity Card (CNI) Number (Burkina Faso)",burkina_faso_national_identity_card_number,70,No,,,,Disabled,ALL,,,Disabled,Disabled,N.A,Disabled,,Disabled,,Disabled,,,"Admin|Self|HRBP|Vice President|Ragini|Deepta Mathur Employee Data View|Yogesh Employee Data View|Chaithra Palladka & Rina Patel|Shreshta Alawandi Employee Data and Confirmation||Jennifer Employee Data View & Onboarding","Admin|HRBP|Deepta Mathur Employee Data View||Jennifer Employee Data View & Onboarding","Admin|HRBP|Deepta Mathur Employee Data View||Jennifer Employee Data View & Onboarding",Admin,,,,Disabled,Disabled,,Enabled,Disabled,Enabled,Disabled,Disabled,Disabled,Disabled,Disabled,Disabled,Disabled,Disabled,,,,,All,,NA,,NA,NA
"Personal Identity",personal_identity,16,"National Identity Card (CNI) Number (Cameroon)",cameroon_national_identity_card_number,71,No,,,,Disabled,ALL,,,Disabled,Disabled,N.A,Disabled,,Disabled,,Disabled,,,"Admin|Self|HRBP|Vice President|Ragini|Deepta Mathur Employee Data View|Yogesh Employee Data View|Chaithra Palladka & Rina Patel|Shreshta Alawandi Employee Data and Confirmation||Jennifer Employee Data View & Onboarding","Admin|HRBP|Deepta Mathur Employee Data View||Jennifer Employee Data View & Onboarding","Admin|HRBP|Deepta Mathur Employee Data View||Jennifer Employee Data View & Onboarding",Admin,,,,Disabled,Disabled,,Enabled,Disabled,Enabled,Disabled,Disabled,Disabled,Disabled,Disabled,Disabled,Disabled,Disabled,,,,,All,,NA,,NA,NA
"Personal Identity",personal_identity,16,"RUT Number (Chile)",chile_rut_number,72,No,,,,Disabled,ALL,,,Disabled,Disabled,N.A,Disabled,,Disabled,,Disabled,,,"Admin|Self|HRBP|Vice President|Ragini|Deepta Mathur Employee Data View|Yogesh Employee Data View|Chaithra Palladka & Rina Patel|Shreshta Alawandi Employee Data and Confirmation||Jennifer Employee Data View & Onboarding","Admin|HRBP|Deepta Mathur Employee Data View||Jennifer Employee Data View & Onboarding","Admin|HRBP|Deepta Mathur Employee Data View||Jennifer Employee Data View & Onboarding",Admin,,,,Disabled,Disabled,,Enabled,Disabled,Enabled,Disabled,Disabled,Disabled,Disabled,Disabled,Disabled,Disabled,Disabled,,,,,All,,NA,,NA,NA
"Personal Identity",personal_identity,16,"Alien Registration Card Number (Colombia)",colombia_alien_registration_card_number,73,No,,,,Disabled,ALL,,,Disabled,Disabled,N.A,Disabled,,Disabled,,Disabled,,,"Admin|Self|HRBP|Vice President|Ragini|Deepta Mathur Employee Data View|Yogesh Employee Data View|Chaithra Palladka & Rina Patel|Shreshta Alawandi Employee Data and Confirmation||Jennifer Employee Data View & Onboarding","Admin|HRBP|Deepta Mathur Employee Data View||Jennifer Employee Data View & Onboarding","Admin|HRBP|Deepta Mathur Employee Data View||Jennifer Employee Data View & Onboarding",Admin,,,,Disabled,Disabled,,Enabled,Disabled,Enabled,Disabled,Disabled,Disabled,Disabled,Disabled,Disabled,Disabled,Disabled,,,,,All,,NA,,NA,NA
"Personal Identity",personal_identity,16,"Citizen Card Number (Colombia)",colombia_citizen_card_number,74,No,,,,Disabled,ALL,,,Disabled,Disabled,N.A,Disabled,,Disabled,,Disabled,,,"Admin|Self|HRBP|Vice President|Ragini|Deepta Mathur Employee Data View|Yogesh Employee Data View|Chaithra Palladka & Rina Patel|Shreshta Alawandi Employee Data and Confirmation||Jennifer Employee Data View & Onboarding","Admin|HRBP|Deepta Mathur Employee Data View||Jennifer Employee Data View & Onboarding","Admin|HRBP|Deepta Mathur Employee Data View||Jennifer Employee Data View & Onboarding",Admin,,,,Disabled,Disabled,,Enabled,Disabled,Enabled,Disabled,Disabled,Disabled,Disabled,Disabled,Disabled,Disabled,Disabled,,,,,All,,NA,,NA,NA
"Personal Identity",personal_identity,16,"Identity Card Number (Colombia)",colombia_identity_card_number,75,No,,,,Disabled,ALL,,,Disabled,Disabled,N.A,Disabled,,Disabled,,Disabled,,,"Admin|Self|HRBP|Vice President|Ragini|Deepta Mathur Employee Data View|Yogesh Employee Data View|Chaithra Palladka & Rina Patel|Shreshta Alawandi Employee Data and Confirmation||Jennifer Employee Data View & Onboarding","Admin|HRBP|Deepta Mathur Employee Data View||Jennifer Employee Data View & Onboarding","Admin|HRBP|Deepta Mathur Employee Data View||Jennifer Employee Data View & Onboarding",Admin,,,,Disabled,Disabled,,Enabled,Disabled,Enabled,Disabled,Disabled,Disabled,Disabled,Disabled,Disabled,Disabled,Disabled,,,,,All,,NA,,NA,NA
"Personal Identity",personal_identity,16,"Personal ID Number (NUIP) (Colombia)",colombia_personal_id_number,76,No,,,,Disabled,ALL,,,Disabled,Disabled,N.A,Disabled,,Disabled,,Disabled,,,"Admin|Self|HRBP|Vice President|Ragini|Deepta Mathur Employee Data View|Yogesh Employee Data View|Chaithra Palladka & Rina Patel|Shreshta Alawandi Employee Data and Confirmation||Jennifer Employee Data View & Onboarding","Admin|HRBP|Deepta Mathur Employee Data View||Jennifer Employee Data View & Onboarding","Admin|HRBP|Deepta Mathur Employee Data View||Jennifer Employee Data View & Onboarding",Admin,,,,Disabled,Disabled,,Enabled,Disabled,Enabled,Disabled,Disabled,Disabled,Disabled,Disabled,Disabled,Disabled,Disabled,,,,,All,,NA,,NA,NA
"Personal Identity",personal_identity,16,"Social Security Number (NSS) (Colombia)",colombia_social_security_number,77,No,,,,Disabled,ALL,,,Disabled,Disabled,N.A,Disabled,,Disabled,,Disabled,,,"Admin|Self|HRBP|Vice President|Ragini|Deepta Mathur Employee Data View|Yogesh Employee Data View|Chaithra Palladka & Rina Patel|Shreshta Alawandi Employee Data and Confirmation||Jennifer Employee Data View & Onboarding","Admin|HRBP|Deepta Mathur Employee Data View||Jennifer Employee Data View & Onboarding","Admin|HRBP|Deepta Mathur Employee Data View||Jennifer Employee Data View & Onboarding",Admin,,,,Disabled,Disabled,,Enabled,Disabled,Enabled,Disabled,Disabled,Disabled,Disabled,Disabled,Disabled,Disabled,Disabled,,,,,All,,NA,,NA,NA
"Personal Identity",personal_identity,16,"Special Permit of Stay (PEP) (Colombia)",colombia_special_permit_of_stay_number,78,No,,,,Disabled,ALL,,,Disabled,Disabled,N.A,Disabled,,Disabled,,Disabled,,,"Admin|Self|HRBP|Vice President|Ragini|Deepta Mathur Employee Data View|Yogesh Employee Data View|Chaithra Palladka & Rina Patel|Shreshta Alawandi Employee Data and Confirmation||Jennifer Employee Data View & Onboarding","Admin|HRBP|Deepta Mathur Employee Data View||Jennifer Employee Data View & Onboarding","Admin|HRBP|Deepta Mathur Employee Data View||Jennifer Employee Data View & Onboarding",Admin,,,,Disabled,Disabled,,Enabled,Disabled,Enabled,Disabled,Disabled,Disabled,Disabled,Disabled,Disabled,Disabled,Disabled,,,,,All,,NA,,NA,NA
"Personal Identity",personal_identity,16,"Social Security ID Number (Congo)",congo_democratic_republic_social_security_ID_number,79,No,,,,Disabled,ALL,,,Disabled,Disabled,N.A,Disabled,,Disabled,,Disabled,,,"Admin|Self|HRBP|Vice President|Ragini|Deepta Mathur Employee Data View|Yogesh Employee Data View|Chaithra Palladka & Rina Patel|Shreshta Alawandi Employee Data and Confirmation||Jennifer Employee Data View & Onboarding","Admin|HRBP|Deepta Mathur Employee Data View||Jennifer Employee Data View & Onboarding","Admin|HRBP|Deepta Mathur Employee Data View||Jennifer Employee Data View & Onboarding",Admin,,,,Disabled,Disabled,,Enabled,Disabled,Enabled,Disabled,Disabled,Disabled,Disabled,Disabled,Disabled,Disabled,Disabled,,,,,All,,NA,,NA,NA
"Personal Identity",personal_identity,16,"National ID Card Number (Congo)",congo_national_id_card_number,80,No,,,,Disabled,ALL,,,Disabled,Disabled,N.A,Disabled,,Disabled,,Disabled,,,"Admin|Self|HRBP|Vice President|Ragini|Deepta Mathur Employee Data View|Yogesh Employee Data View|Chaithra Palladka & Rina Patel|Shreshta Alawandi Employee Data and Confirmation||Jennifer Employee Data View & Onboarding","Admin|HRBP|Deepta Mathur Employee Data View||Jennifer Employee Data View & Onboarding","Admin|HRBP|Deepta Mathur Employee Data View||Jennifer Employee Data View & Onboarding",Admin,,,,Disabled,Disabled,,Enabled,Disabled,Enabled,Disabled,Disabled,Disabled,Disabled,Disabled,Disabled,Disabled,Disabled,,,,,All,,NA,,NA,NA
"Personal Identity",personal_identity,16,"Diplomatic Identification Document number (Costa Rica)",costa_rica_diplomatic_identification_document_number,81,No,,,,Disabled,ALL,,,Disabled,Disabled,N.A,Disabled,,Disabled,,Disabled,,,"Admin|Self|HRBP|Vice President|Ragini|Deepta Mathur Employee Data View|Yogesh Employee Data View|Chaithra Palladka & Rina Patel|Shreshta Alawandi Employee Data and Confirmation||Jennifer Employee Data View & Onboarding","Admin|HRBP|Deepta Mathur Employee Data View||Jennifer Employee Data View & Onboarding","Admin|HRBP|Deepta Mathur Employee Data View||Jennifer Employee Data View & Onboarding",Admin,,,,Disabled,Disabled,,Enabled,Disabled,Enabled,Disabled,Disabled,Disabled,Disabled,Disabled,Disabled,Disabled,Disabled,,,,,All,,NA,,NA,NA
"Personal Identity",personal_identity,16,"ID Card Number (Costa Rica)",costa_rica_id_card_number,82,No,,,,Disabled,ALL,,,Disabled,Disabled,N.A,Disabled,,Disabled,,Disabled,,,"Admin|Self|HRBP|Vice President|Ragini|Deepta Mathur Employee Data View|Yogesh Employee Data View|Chaithra Palladka & Rina Patel|Shreshta Alawandi Employee Data and Confirmation||Jennifer Employee Data View & Onboarding","Admin|HRBP|Deepta Mathur Employee Data View||Jennifer Employee Data View & Onboarding","Admin|HRBP|Deepta Mathur Employee Data View||Jennifer Employee Data View & Onboarding",Admin,,,,Disabled,Disabled,,Enabled,Disabled,Enabled,Disabled,Disabled,Disabled,Disabled,Disabled,Disabled,Disabled,Disabled,,,,,All,,NA,,NA,NA
"Personal Identity",personal_identity,16,"Residence Card (DIMEX) NUmber (Costa Rica)",costa_rica_residence_card_number,83,No,,,,Disabled,ALL,,,Disabled,Disabled,N.A,Disabled,,Disabled,,Disabled,,,"Admin|Self|HRBP|Vice President|Ragini|Deepta Mathur Employee Data View|Yogesh Employee Data View|Chaithra Palladka & Rina Patel|Shreshta Alawandi Employee Data and Confirmation||Jennifer Employee Data View & Onboarding","Admin|HRBP|Deepta Mathur Employee Data View||Jennifer Employee Data View & Onboarding","Admin|HRBP|Deepta Mathur Employee Data View||Jennifer Employee Data View & Onboarding",Admin,,,,Disabled,Disabled,,Enabled,Disabled,Enabled,Disabled,Disabled,Disabled,Disabled,Disabled,Disabled,Disabled,Disabled,,,,,All,,NA,,NA,NA
"Personal Identity",personal_identity,16,"Social Security Number (NSS) (Costa Rica)",costa_rica_social_security_number,84,No,,,,Disabled,ALL,,,Disabled,Disabled,N.A,Disabled,,Disabled,,Disabled,,,"Admin|Self|HRBP|Vice President|Ragini|Deepta Mathur Employee Data View|Yogesh Employee Data View|Chaithra Palladka & Rina Patel|Shreshta Alawandi Employee Data and Confirmation||Jennifer Employee Data View & Onboarding","Admin|HRBP|Deepta Mathur Employee Data View||Jennifer Employee Data View & Onboarding","Admin|HRBP|Deepta Mathur Employee Data View||Jennifer Employee Data View & Onboarding",Admin,,,,Disabled,Disabled,,Enabled,Disabled,Enabled,Disabled,Disabled,Disabled,Disabled,Disabled,Disabled,Disabled,Disabled,,,,,All,,NA,,NA,NA
"Personal Identity",personal_identity,16,"CNPS Number (Côte d'Ivoire)",cote_divoire_cnps_number,85,No,,,,Disabled,ALL,,,Disabled,Disabled,N.A,Disabled,,Disabled,,Disabled,,,"Admin|Self|HRBP|Vice President|Ragini|Deepta Mathur Employee Data View|Yogesh Employee Data View|Chaithra Palladka & Rina Patel|Shreshta Alawandi Employee Data and Confirmation||Jennifer Employee Data View & Onboarding","Admin|HRBP|Deepta Mathur Employee Data View||Jennifer Employee Data View & Onboarding","Admin|HRBP|Deepta Mathur Employee Data View||Jennifer Employee Data View & Onboarding",Admin,,,,Disabled,Disabled,,Enabled,Disabled,Enabled,Disabled,Disabled,Disabled,Disabled,Disabled,Disabled,Disabled,Disabled,,,,,All,,NA,,NA,NA
"Personal Identity",personal_identity,16,"National Identity Card (CNI) Number (Côte d'Ivoire)",cote_divoire_national_identity_card_number,86,No,,,,Disabled,ALL,,,Disabled,Disabled,N.A,Disabled,,Disabled,,Disabled,,,"Admin|Self|HRBP|Vice President|Ragini|Deepta Mathur Employee Data View|Yogesh Employee Data View|Chaithra Palladka & Rina Patel|Shreshta Alawandi Employee Data and Confirmation||Jennifer Employee Data View & Onboarding","Admin|HRBP|Deepta Mathur Employee Data View||Jennifer Employee Data View & Onboarding","Admin|HRBP|Deepta Mathur Employee Data View||Jennifer Employee Data View & Onboarding",Admin,,,,Disabled,Disabled,,Enabled,Disabled,Enabled,Disabled,Disabled,Disabled,Disabled,Disabled,Disabled,Disabled,Disabled,,,,,All,,NA,,NA,NA
"Personal Identity",personal_identity,16,"Personal ID Number (OIB) (Croatia)",croatia_personal_id_number,87,No,,,,Disabled,ALL,,,Disabled,Disabled,N.A,Disabled,,Disabled,,Disabled,,,"Admin|Self|HRBP|Vice President|Ragini|Deepta Mathur Employee Data View|Yogesh Employee Data View|Chaithra Palladka & Rina Patel|Shreshta Alawandi Employee Data and Confirmation||Jennifer Employee Data View & Onboarding","Admin|HRBP|Deepta Mathur Employee Data View||Jennifer Employee Data View & Onboarding","Admin|HRBP|Deepta Mathur Employee Data View||Jennifer Employee Data View & Onboarding",Admin,,,,Disabled,Disabled,,Enabled,Disabled,Enabled,Disabled,Disabled,Disabled,Disabled,Disabled,Disabled,Disabled,Disabled,,,,,All,,NA,,NA,NA
"Personal Identity",personal_identity,16,"Identity Card (CI) Number (Cuba)",cuba_identity_card_number,88,No,,,,Disabled,ALL,,,Disabled,Disabled,N.A,Disabled,,Disabled,,Disabled,,,"Admin|Self|HRBP|Vice President|Ragini|Deepta Mathur Employee Data View|Yogesh Employee Data View|Chaithra Palladka & Rina Patel|Shreshta Alawandi Employee Data and Confirmation||Jennifer Employee Data View & Onboarding","Admin|HRBP|Deepta Mathur Employee Data View||Jennifer Employee Data View & Onboarding","Admin|HRBP|Deepta Mathur Employee Data View||Jennifer Employee Data View & Onboarding",Admin,,,,Disabled,Disabled,,Enabled,Disabled,Enabled,Disabled,Disabled,Disabled,Disabled,Disabled,Disabled,Disabled,Disabled,,,,,All,,NA,,NA,NA
"Personal Identity",personal_identity,16,"National ID Number (Curaçao)",curacao_nation_id_number,89,No,,,,Disabled,ALL,,,Disabled,Disabled,N.A,Disabled,,Disabled,,Disabled,,,"Admin|Self|HRBP|Vice President|Ragini|Deepta Mathur Employee Data View|Yogesh Employee Data View|Chaithra Palladka & Rina Patel|Shreshta Alawandi Employee Data and Confirmation||Jennifer Employee Data View & Onboarding","Admin|HRBP|Deepta Mathur Employee Data View||Jennifer Employee Data View & Onboarding","Admin|HRBP|Deepta Mathur Employee Data View||Jennifer Employee Data View & Onboarding",Admin,,,,Disabled,Disabled,,Enabled,Disabled,Enabled,Disabled,Disabled,Disabled,Disabled,Disabled,Disabled,Disabled,Disabled,,,,,All,,NA,,NA,NA
"Personal Identity",personal_identity,16,"Alien Registration Number (Cyprus)",cyprus_alien_registration_number,90,No,,,,Disabled,ALL,,,Disabled,Disabled,N.A,Disabled,,Disabled,,Disabled,,,"Admin|Self|HRBP|Vice President|Ragini|Deepta Mathur Employee Data View|Yogesh Employee Data View|Chaithra Palladka & Rina Patel|Shreshta Alawandi Employee Data and Confirmation||Jennifer Employee Data View & Onboarding","Admin|HRBP|Deepta Mathur Employee Data View||Jennifer Employee Data View & Onboarding","Admin|HRBP|Deepta Mathur Employee Data View||Jennifer Employee Data View & Onboarding",Admin,,,,Disabled,Disabled,,Enabled,Disabled,Enabled,Disabled,Disabled,Disabled,Disabled,Disabled,Disabled,Disabled,Disabled,,,,,All,,NA,,NA,NA
"Personal Identity",personal_identity,16,"Identification Card Number (Cyprus)",cyprus_identification_card_number,91,No,,,,Disabled,ALL,,,Disabled,Disabled,N.A,Disabled,,Disabled,,Disabled,,,"Admin|Self|HRBP|Vice President|Ragini|Deepta Mathur Employee Data View|Yogesh Employee Data View|Chaithra Palladka & Rina Patel|Shreshta Alawandi Employee Data and Confirmation||Jennifer Employee Data View & Onboarding","Admin|HRBP|Deepta Mathur Employee Data View||Jennifer Employee Data View & Onboarding","Admin|HRBP|Deepta Mathur Employee Data View||Jennifer Employee Data View & Onboarding",Admin,,,,Disabled,Disabled,,Enabled,Disabled,Enabled,Disabled,Disabled,Disabled,Disabled,Disabled,Disabled,Disabled,Disabled,,,,,All,,NA,,NA,NA
"Personal Identity",personal_identity,16,"Social Insurance Number (Cyprus)",cyprus_social_insurance_number,92,No,,,,Disabled,ALL,,,Disabled,Disabled,N.A,Disabled,,Disabled,,Disabled,,,"Admin|Self|HRBP|Vice President|Ragini|Deepta Mathur Employee Data View|Yogesh Employee Data View|Chaithra Palladka & Rina Patel|Shreshta Alawandi Employee Data and Confirmation||Jennifer Employee Data View & Onboarding","Admin|HRBP|Deepta Mathur Employee Data View||Jennifer Employee Data View & Onboarding","Admin|HRBP|Deepta Mathur Employee Data View||Jennifer Employee Data View & Onboarding",Admin,,,,Disabled,Disabled,,Enabled,Disabled,Enabled,Disabled,Disabled,Disabled,Disabled,Disabled,Disabled,Disabled,Disabled,,,,,All,,NA,,NA,NA
"Personal Identity",personal_identity,16,"Citizen ID Number (ČOP) (Czechia)",czechia_citizen_id_number,93,No,,,,Disabled,ALL,,,Disabled,Disabled,N.A,Disabled,,Disabled,,Disabled,,,"Admin|Self|HRBP|Vice President|Ragini|Deepta Mathur Employee Data View|Yogesh Employee Data View|Chaithra Palladka & Rina Patel|Shreshta Alawandi Employee Data and Confirmation||Jennifer Employee Data View & Onboarding","Admin|HRBP|Deepta Mathur Employee Data View||Jennifer Employee Data View & Onboarding","Admin|HRBP|Deepta Mathur Employee Data View||Jennifer Employee Data View & Onboarding",Admin,,,,Disabled,Disabled,,Enabled,Disabled,Enabled,Disabled,Disabled,Disabled,Disabled,Disabled,Disabled,Disabled,Disabled,,,,,All,,NA,,NA,NA
"Personal Identity",personal_identity,16,"Personal Number (RČ) (Czechia)",czechia_personal_number,94,No,,,,Disabled,ALL,,,Disabled,Disabled,N.A,Disabled,,Disabled,,Disabled,,,"Admin|Self|HRBP|Vice President|Ragini|Deepta Mathur Employee Data View|Yogesh Employee Data View|Chaithra Palladka & Rina Patel|Shreshta Alawandi Employee Data and Confirmation||Jennifer Employee Data View & Onboarding","Admin|HRBP|Deepta Mathur Employee Data View||Jennifer Employee Data View & Onboarding","Admin|HRBP|Deepta Mathur Employee Data View||Jennifer Employee Data View & Onboarding",Admin,,,,Disabled,Disabled,,Enabled,Disabled,Enabled,Disabled,Disabled,Disabled,Disabled,Disabled,Disabled,Disabled,Disabled,,,,,All,,NA,,NA,NA
"Personal Identity",personal_identity,16,"National Contribution ID (RNC) Number (Dominican Republic)",dominican_republic_national_contribution_id_number,95,No,,,,Disabled,ALL,,,Disabled,Disabled,N.A,Disabled,,Disabled,,Disabled,,,"Admin|Self|HRBP|Vice President|Ragini|Deepta Mathur Employee Data View|Yogesh Employee Data View|Chaithra Palladka & Rina Patel|Shreshta Alawandi Employee Data and Confirmation||Jennifer Employee Data View & Onboarding","Admin|HRBP|Deepta Mathur Employee Data View||Jennifer Employee Data View & Onboarding","Admin|HRBP|Deepta Mathur Employee Data View||Jennifer Employee Data View & Onboarding",Admin,,,,Disabled,Disabled,,Enabled,Disabled,Enabled,Disabled,Disabled,Disabled,Disabled,Disabled,Disabled,Disabled,Disabled,,,,,All,,NA,,NA,NA
"Personal Identity",personal_identity,16,"National ID (Cédula) Number (Dominican Republic)",dominican_republic_national_id_number,96,No,,,,Disabled,ALL,,,Disabled,Disabled,N.A,Disabled,,Disabled,,Disabled,,,"Admin|Self|HRBP|Vice President|Ragini|Deepta Mathur Employee Data View|Yogesh Employee Data View|Chaithra Palladka & Rina Patel|Shreshta Alawandi Employee Data and Confirmation||Jennifer Employee Data View & Onboarding","Admin|HRBP|Deepta Mathur Employee Data View||Jennifer Employee Data View & Onboarding","Admin|HRBP|Deepta Mathur Employee Data View||Jennifer Employee Data View & Onboarding",Admin,,,,Disabled,Disabled,,Enabled,Disabled,Enabled,Disabled,Disabled,Disabled,Disabled,Disabled,Disabled,Disabled,Disabled,,,,,All,,NA,,NA,NA
"Personal Identity",personal_identity,16,"Social Security Number (NSS) (Dominican Republic)",dominican_republic_social_security_number,97,No,,,,Disabled,ALL,,,Disabled,Disabled,N.A,Disabled,,Disabled,,Disabled,,,"Admin|Self|HRBP|Vice President|Ragini|Deepta Mathur Employee Data View|Yogesh Employee Data View|Chaithra Palladka & Rina Patel|Shreshta Alawandi Employee Data and Confirmation||Jennifer Employee Data View & Onboarding","Admin|HRBP|Deepta Mathur Employee Data View||Jennifer Employee Data View & Onboarding","Admin|HRBP|Deepta Mathur Employee Data View||Jennifer Employee Data View & Onboarding",Admin,,,,Disabled,Disabled,,Enabled,Disabled,Enabled,Disabled,Disabled,Disabled,Disabled,Disabled,Disabled,Disabled,Disabled,,,,,All,,NA,,NA,NA
"Personal Identity",personal_identity,16,"Identity Card Number (Ecuador)",ecuador_identity_card_number,98,No,,,,Disabled,ALL,,,Disabled,Disabled,N.A,Disabled,,Disabled,,Disabled,,,"Admin|Self|HRBP|Vice President|Ragini|Deepta Mathur Employee Data View|Yogesh Employee Data View|Chaithra Palladka & Rina Patel|Shreshta Alawandi Employee Data and Confirmation||Jennifer Employee Data View & Onboarding","Admin|HRBP|Deepta Mathur Employee Data View||Jennifer Employee Data View & Onboarding","Admin|HRBP|Deepta Mathur Employee Data View||Jennifer Employee Data View & Onboarding",Admin,,,,Disabled,Disabled,,Enabled,Disabled,Enabled,Disabled,Disabled,Disabled,Disabled,Disabled,Disabled,Disabled,Disabled,,,,,All,,NA,,NA,NA
"Personal Identity",personal_identity,16,"Social Security Number (NSS) (Ecuador)",ecuador_social_security_number,99,No,,,,Disabled,ALL,,,Disabled,Disabled,N.A,Disabled,,Disabled,,Disabled,,,"Admin|Self|HRBP|Vice President|Ragini|Deepta Mathur Employee Data View|Yogesh Employee Data View|Chaithra Palladka & Rina Patel|Shreshta Alawandi Employee Data and Confirmation||Jennifer Employee Data View & Onboarding","Admin|HRBP|Deepta Mathur Employee Data View||Jennifer Employee Data View & Onboarding","Admin|HRBP|Deepta Mathur Employee Data View||Jennifer Employee Data View & Onboarding",Admin,,,,Disabled,Disabled,,Enabled,Disabled,Enabled,Disabled,Disabled,Disabled,Disabled,Disabled,Disabled,Disabled,Disabled,,,,,All,,NA,,NA,NA
"Personal Identity",personal_identity,16,"Insurance Number (Egypt)",egypt_insurance_number,100,No,,,,Disabled,ALL,,,Disabled,Disabled,N.A,Disabled,,Disabled,,Disabled,,,"Admin|Self|HRBP|Vice President|Ragini|Deepta Mathur Employee Data View|Yogesh Employee Data View|Chaithra Palladka & Rina Patel|Shreshta Alawandi Employee Data and Confirmation||Jennifer Employee Data View & Onboarding","Admin|HRBP|Deepta Mathur Employee Data View||Jennifer Employee Data View & Onboarding","Admin|HRBP|Deepta Mathur Employee Data View||Jennifer Employee Data View & Onboarding",Admin,,,,Disabled,Disabled,,Enabled,Disabled,Enabled,Disabled,Disabled,Disabled,Disabled,Disabled,Disabled,Disabled,Disabled,,,,,All,,NA,,NA,NA
"Personal Identity",personal_identity,16,"National ID Number (Raqam Qawmi) (Egypt)",egypt_national_id_number,101,No,,,,Disabled,ALL,,,Disabled,Disabled,N.A,Disabled,,Disabled,,Disabled,,,"Admin|Self|HRBP|Vice President|Ragini|Deepta Mathur Employee Data View|Yogesh Employee Data View|Chaithra Palladka & Rina Patel|Shreshta Alawandi Employee Data and Confirmation||Jennifer Employee Data View & Onboarding","Admin|HRBP|Deepta Mathur Employee Data View||Jennifer Employee Data View & Onboarding","Admin|HRBP|Deepta Mathur Employee Data View||Jennifer Employee Data View & Onboarding",Admin,,,,Disabled,Disabled,,Enabled,Disabled,Enabled,Disabled,Disabled,Disabled,Disabled,Disabled,Disabled,Disabled,Disabled,,,,,All,,NA,,NA,NA
"Personal Identity",personal_identity,16,"ID Card (DUI) Number (El Salvador)",el_salvador_id_card_number,102,No,,,,Disabled,ALL,,,Disabled,Disabled,N.A,Disabled,,Disabled,,Disabled,,,"Admin|Self|HRBP|Vice President|Ragini|Deepta Mathur Employee Data View|Yogesh Employee Data View|Chaithra Palladka & Rina Patel|Shreshta Alawandi Employee Data and Confirmation||Jennifer Employee Data View & Onboarding","Admin|HRBP|Deepta Mathur Employee Data View||Jennifer Employee Data View & Onboarding","Admin|HRBP|Deepta Mathur Employee Data View||Jennifer Employee Data View & Onboarding",Admin,,,,Disabled,Disabled,,Enabled,Disabled,Enabled,Disabled,Disabled,Disabled,Disabled,Disabled,Disabled,Disabled,Disabled,,,,,All,,NA,,NA,NA
"Personal Identity",personal_identity,16,"Pension (NUP) Number (El Salvador)",el_salvador_pension_number,103,No,,,,Disabled,ALL,,,Disabled,Disabled,N.A,Disabled,,Disabled,,Disabled,,,"Admin|Self|HRBP|Vice President|Ragini|Deepta Mathur Employee Data View|Yogesh Employee Data View|Chaithra Palladka & Rina Patel|Shreshta Alawandi Employee Data and Confirmation||Jennifer Employee Data View & Onboarding","Admin|HRBP|Deepta Mathur Employee Data View||Jennifer Employee Data View & Onboarding","Admin|HRBP|Deepta Mathur Employee Data View||Jennifer Employee Data View & Onboarding",Admin,,,,Disabled,Disabled,,Enabled,Disabled,Enabled,Disabled,Disabled,Disabled,Disabled,Disabled,Disabled,Disabled,Disabled,,,,,All,,NA,,NA,NA
"Personal Identity",personal_identity,16,"Social Security Number (NSS) (El Salvador)",el_salvador_social_security_number,104,No,,,,Disabled,ALL,,,Disabled,Disabled,N.A,Disabled,,Disabled,,Disabled,,,"Admin|Self|HRBP|Vice President|Ragini|Deepta Mathur Employee Data View|Yogesh Employee Data View|Chaithra Palladka & Rina Patel|Shreshta Alawandi Employee Data and Confirmation||Jennifer Employee Data View & Onboarding","Admin|HRBP|Deepta Mathur Employee Data View||Jennifer Employee Data View & Onboarding","Admin|HRBP|Deepta Mathur Employee Data View||Jennifer Employee Data View & Onboarding",Admin,,,,Disabled,Disabled,,Enabled,Disabled,Enabled,Disabled,Disabled,Disabled,Disabled,Disabled,Disabled,Disabled,Disabled,,,,,All,,NA,,NA,NA
"Personal Identity",personal_identity,16,"Tax ID (NIT) Number (El Salvador)",el_salvador_tax_id_number,105,No,,,,Disabled,ALL,,,Disabled,Disabled,N.A,Disabled,,Disabled,,Disabled,,,"Admin|Self|HRBP|Vice President|Ragini|Deepta Mathur Employee Data View|Yogesh Employee Data View|Chaithra Palladka & Rina Patel|Shreshta Alawandi Employee Data and Confirmation||Jennifer Employee Data View & Onboarding","Admin|HRBP|Deepta Mathur Employee Data View||Jennifer Employee Data View & Onboarding","Admin|HRBP|Deepta Mathur Employee Data View||Jennifer Employee Data View & Onboarding",Admin,,,,Disabled,Disabled,,Enabled,Disabled,Enabled,Disabled,Disabled,Disabled,Disabled,Disabled,Disabled,Disabled,Disabled,,,,,All,,NA,,NA,NA
"Personal Identity",personal_identity,16,"Personal Identity Number (Equatorial Guinea)",equatorial_guinea_personal_identity_number,106,No,,,,Disabled,ALL,,,Disabled,Disabled,N.A,Disabled,,Disabled,,Disabled,,,"Admin|Self|HRBP|Vice President|Ragini|Deepta Mathur Employee Data View|Yogesh Employee Data View|Chaithra Palladka & Rina Patel|Shreshta Alawandi Employee Data and Confirmation||Jennifer Employee Data View & Onboarding","Admin|HRBP|Deepta Mathur Employee Data View||Jennifer Employee Data View & Onboarding","Admin|HRBP|Deepta Mathur Employee Data View||Jennifer Employee Data View & Onboarding",Admin,,,,Disabled,Disabled,,Enabled,Disabled,Enabled,Disabled,Disabled,Disabled,Disabled,Disabled,Disabled,Disabled,Disabled,,,,,All,,NA,,NA,NA
"Personal Identity",personal_identity,16,"Personal ID (Isikukood) (Estonia)",estonia_personal_id_number,107,No,,,,Disabled,ALL,,,Disabled,Disabled,N.A,Disabled,,Disabled,,Disabled,,,"Admin|Self|HRBP|Vice President|Ragini|Deepta Mathur Employee Data View|Yogesh Employee Data View|Chaithra Palladka & Rina Patel|Shreshta Alawandi Employee Data and Confirmation||Jennifer Employee Data View & Onboarding","Admin|HRBP|Deepta Mathur Employee Data View||Jennifer Employee Data View & Onboarding","Admin|HRBP|Deepta Mathur Employee Data View||Jennifer Employee Data View & Onboarding",Admin,,,,Disabled,Disabled,,Enabled,Disabled,Enabled,Disabled,Disabled,Disabled,Disabled,Disabled,Disabled,Disabled,Disabled,,,,,All,,NA,,NA,NA
"Personal Identity",personal_identity,16,"Personal Identification Number (PIN) (Eswatini)",eswatini_personal_identification_number,108,No,,,,Disabled,ALL,,,Disabled,Disabled,N.A,Disabled,,Disabled,,Disabled,,,"Admin|Self|HRBP|Vice President|Ragini|Deepta Mathur Employee Data View|Yogesh Employee Data View|Chaithra Palladka & Rina Patel|Shreshta Alawandi Employee Data and Confirmation||Jennifer Employee Data View & Onboarding","Admin|HRBP|Deepta Mathur Employee Data View||Jennifer Employee Data View & Onboarding","Admin|HRBP|Deepta Mathur Employee Data View||Jennifer Employee Data View & Onboarding",Admin,,,,Disabled,Disabled,,Enabled,Disabled,Enabled,Disabled,Disabled,Disabled,Disabled,Disabled,Disabled,Disabled,Disabled,,,,,All,,NA,,NA,NA
"Personal Identity",personal_identity,16,"Tax Identification Number (Ethiopia)",ethiopia_tax_identification_number,109,No,,,,Disabled,ALL,,,Disabled,Disabled,N.A,Disabled,,Disabled,,Disabled,,,"Admin|Self|HRBP|Vice President|Ragini|Deepta Mathur Employee Data View|Yogesh Employee Data View|Chaithra Palladka & Rina Patel|Shreshta Alawandi Employee Data and Confirmation||Jennifer Employee Data View & Onboarding","Admin|HRBP|Deepta Mathur Employee Data View||Jennifer Employee Data View & Onboarding","Admin|HRBP|Deepta Mathur Employee Data View||Jennifer Employee Data View & Onboarding",Admin,,,,Disabled,Disabled,,Enabled,Disabled,Enabled,Disabled,Disabled,Disabled,Disabled,Disabled,Disabled,Disabled,Disabled,,,,,All,,NA,,NA,NA
"Personal Identity",personal_identity,16,"P-number (Faroe Islands)",faroe_islands_p_number,110,No,,,,Disabled,ALL,,,Disabled,Disabled,N.A,Disabled,,Disabled,,Disabled,,,"Admin|Self|HRBP|Vice President|Ragini|Deepta Mathur Employee Data View|Yogesh Employee Data View|Chaithra Palladka & Rina Patel|Shreshta Alawandi Employee Data and Confirmation||Jennifer Employee Data View & Onboarding","Admin|HRBP|Deepta Mathur Employee Data View||Jennifer Employee Data View & Onboarding","Admin|HRBP|Deepta Mathur Employee Data View||Jennifer Employee Data View & Onboarding",Admin,,,,Disabled,Disabled,,Enabled,Disabled,Enabled,Disabled,Disabled,Disabled,Disabled,Disabled,Disabled,Disabled,Disabled,,,,,All,,NA,,NA,NA
"Personal Identity",personal_identity,16,"Tax Identification Number (TIN) (Fiji)",fiji_tax_identification_number,111,No,,,,Disabled,ALL,,,Disabled,Disabled,N.A,Disabled,,Disabled,,Disabled,,,"Admin|Self|HRBP|Vice President|Ragini|Deepta Mathur Employee Data View|Yogesh Employee Data View|Chaithra Palladka & Rina Patel|Shreshta Alawandi Employee Data and Confirmation||Jennifer Employee Data View & Onboarding","Admin|HRBP|Deepta Mathur Employee Data View||Jennifer Employee Data View & Onboarding","Admin|HRBP|Deepta Mathur Employee Data View||Jennifer Employee Data View & Onboarding",Admin,,,,Disabled,Disabled,,Enabled,Disabled,Enabled,Disabled,Disabled,Disabled,Disabled,Disabled,Disabled,Disabled,Disabled,,,,,All,,NA,,NA,NA
"Personal Identity",personal_identity,16,"Social Security Fund (CNSS) (Gabon)",gabon_social_security_fund_number,112,No,,,,Disabled,ALL,,,Disabled,Disabled,N.A,Disabled,,Disabled,,Disabled,,,"Admin|Self|HRBP|Vice President|Ragini|Deepta Mathur Employee Data View|Yogesh Employee Data View|Chaithra Palladka & Rina Patel|Shreshta Alawandi Employee Data and Confirmation||Jennifer Employee Data View & Onboarding","Admin|HRBP|Deepta Mathur Employee Data View||Jennifer Employee Data View & Onboarding","Admin|HRBP|Deepta Mathur Employee Data View||Jennifer Employee Data View & Onboarding",Admin,,,,Disabled,Disabled,,Enabled,Disabled,Enabled,Disabled,Disabled,Disabled,Disabled,Disabled,Disabled,Disabled,Disabled,,,,,All,,NA,,NA,NA
"Personal Identity",personal_identity,16,"Ecowas Identity Card Number (Gambia)",gambia_ecowas_identity_card_number,113,No,,,,Disabled,ALL,,,Disabled,Disabled,N.A,Disabled,,Disabled,,Disabled,,,"Admin|Self|HRBP|Vice President|Ragini|Deepta Mathur Employee Data View|Yogesh Employee Data View|Chaithra Palladka & Rina Patel|Shreshta Alawandi Employee Data and Confirmation||Jennifer Employee Data View & Onboarding","Admin|HRBP|Deepta Mathur Employee Data View||Jennifer Employee Data View & Onboarding","Admin|HRBP|Deepta Mathur Employee Data View||Jennifer Employee Data View & Onboarding",Admin,,,,Disabled,Disabled,,Enabled,Disabled,Enabled,Disabled,Disabled,Disabled,Disabled,Disabled,Disabled,Disabled,Disabled,,,,,All,,NA,,NA,NA
"Personal Identity",personal_identity,16,"National Identity Card (NIC) Number (Ghana)",ghana_national_identity_card_number,114,No,,,,Disabled,ALL,,,Disabled,Disabled,N.A,Disabled,,Disabled,,Disabled,,,"Admin|Self|HRBP|Vice President|Ragini|Deepta Mathur Employee Data View|Yogesh Employee Data View|Chaithra Palladka & Rina Patel|Shreshta Alawandi Employee Data and Confirmation||Jennifer Employee Data View & Onboarding","Admin|HRBP|Deepta Mathur Employee Data View||Jennifer Employee Data View & Onboarding","Admin|HRBP|Deepta Mathur Employee Data View||Jennifer Employee Data View & Onboarding",Admin,,,,Disabled,Disabled,,Enabled,Disabled,Enabled,Disabled,Disabled,Disabled,Disabled,Disabled,Disabled,Disabled,Disabled,,,,,All,,NA,,NA,NA
"Personal Identity",personal_identity,16,"Social Security Number (Ghana)",ghana_social_security_number,115,No,,,,Disabled,ALL,,,Disabled,Disabled,N.A,Disabled,,Disabled,,Disabled,,,"Admin|Self|HRBP|Vice President|Ragini|Deepta Mathur Employee Data View|Yogesh Employee Data View|Chaithra Palladka & Rina Patel|Shreshta Alawandi Employee Data and Confirmation||Jennifer Employee Data View & Onboarding","Admin|HRBP|Deepta Mathur Employee Data View||Jennifer Employee Data View & Onboarding","Admin|HRBP|Deepta Mathur Employee Data View||Jennifer Employee Data View & Onboarding",Admin,,,,Disabled,Disabled,,Enabled,Disabled,Enabled,Disabled,Disabled,Disabled,Disabled,Disabled,Disabled,Disabled,Disabled,,,,,All,,NA,,NA,NA
"Personal Identity",personal_identity,16,"Tax Identification Number (Ghana)",ghana_tax_identification_number,116,No,,,,Disabled,ALL,,,Disabled,Disabled,N.A,Disabled,,Disabled,,Disabled,,,"Admin|Self|HRBP|Vice President|Ragini|Deepta Mathur Employee Data View|Yogesh Employee Data View|Chaithra Palladka & Rina Patel|Shreshta Alawandi Employee Data and Confirmation||Jennifer Employee Data View & Onboarding","Admin|HRBP|Deepta Mathur Employee Data View||Jennifer Employee Data View & Onboarding","Admin|HRBP|Deepta Mathur Employee Data View||Jennifer Employee Data View & Onboarding",Admin,,,,Disabled,Disabled,,Enabled,Disabled,Enabled,Disabled,Disabled,Disabled,Disabled,Disabled,Disabled,Disabled,Disabled,,,,,All,,NA,,NA,NA
"Personal Identity",personal_identity,16,"Civilian Registration Card Number (Gibraltar)",gibraltar_civilian_registration_card_number,117,No,,,,Disabled,ALL,,,Disabled,Disabled,N.A,Disabled,,Disabled,,Disabled,,,"Admin|Self|HRBP|Vice President|Ragini|Deepta Mathur Employee Data View|Yogesh Employee Data View|Chaithra Palladka & Rina Patel|Shreshta Alawandi Employee Data and Confirmation||Jennifer Employee Data View & Onboarding","Admin|HRBP|Deepta Mathur Employee Data View||Jennifer Employee Data View & Onboarding","Admin|HRBP|Deepta Mathur Employee Data View||Jennifer Employee Data View & Onboarding",Admin,,,,Disabled,Disabled,,Enabled,Disabled,Enabled,Disabled,Disabled,Disabled,Disabled,Disabled,Disabled,Disabled,Disabled,,,,,All,,NA,,NA,NA
"Personal Identity",personal_identity,16,"Central Person Register Number (CPR Nr) (Greenland)",greenland_central_person_register_number,118,No,,,,Disabled,ALL,,,Disabled,Disabled,N.A,Disabled,,Disabled,,Disabled,,,"Admin|Self|HRBP|Vice President|Ragini|Deepta Mathur Employee Data View|Yogesh Employee Data View|Chaithra Palladka & Rina Patel|Shreshta Alawandi Employee Data and Confirmation||Jennifer Employee Data View & Onboarding","Admin|HRBP|Deepta Mathur Employee Data View||Jennifer Employee Data View & Onboarding","Admin|HRBP|Deepta Mathur Employee Data View||Jennifer Employee Data View & Onboarding",Admin,,,,Disabled,Disabled,,Enabled,Disabled,Enabled,Disabled,Disabled,Disabled,Disabled,Disabled,Disabled,Disabled,Disabled,,,,,All,,NA,,NA,NA
"Personal Identity",personal_identity,16,"National Insurance Scheme (NIS) Number (Grenada)",grenada_national_insurance_scheme_number,119,No,,,,Disabled,ALL,,,Disabled,Disabled,N.A,Disabled,,Disabled,,Disabled,,,"Admin|Self|HRBP|Vice President|Ragini|Deepta Mathur Employee Data View|Yogesh Employee Data View|Chaithra Palladka & Rina Patel|Shreshta Alawandi Employee Data and Confirmation||Jennifer Employee Data View & Onboarding","Admin|HRBP|Deepta Mathur Employee Data View||Jennifer Employee Data View & Onboarding","Admin|HRBP|Deepta Mathur Employee Data View||Jennifer Employee Data View & Onboarding",Admin,,,,Disabled,Disabled,,Enabled,Disabled,Enabled,Disabled,Disabled,Disabled,Disabled,Disabled,Disabled,Disabled,Disabled,,,,,All,,NA,,NA,NA
"Personal Identity",personal_identity,16,"ID Card (Cédula de Vecindad) Number (Guatemala)",guatemala_id_card_number,120,No,,,,Disabled,ALL,,,Disabled,Disabled,N.A,Disabled,,Disabled,,Disabled,,,"Admin|Self|HRBP|Vice President|Ragini|Deepta Mathur Employee Data View|Yogesh Employee Data View|Chaithra Palladka & Rina Patel|Shreshta Alawandi Employee Data and Confirmation||Jennifer Employee Data View & Onboarding","Admin|HRBP|Deepta Mathur Employee Data View||Jennifer Employee Data View & Onboarding","Admin|HRBP|Deepta Mathur Employee Data View||Jennifer Employee Data View & Onboarding",Admin,,,,Disabled,Disabled,,Enabled,Disabled,Enabled,Disabled,Disabled,Disabled,Disabled,Disabled,Disabled,Disabled,Disabled,,,,,All,,NA,,NA,NA
"Personal Identity",personal_identity,16,"Personal Identification Document Number (DPI) (Guatemala)",guatemala_personal_identification_document_number,121,No,,,,Disabled,ALL,,,Disabled,Disabled,N.A,Disabled,,Disabled,,Disabled,,,"Admin|Self|HRBP|Vice President|Ragini|Deepta Mathur Employee Data View|Yogesh Employee Data View|Chaithra Palladka & Rina Patel|Shreshta Alawandi Employee Data and Confirmation||Jennifer Employee Data View & Onboarding","Admin|HRBP|Deepta Mathur Employee Data View||Jennifer Employee Data View & Onboarding","Admin|HRBP|Deepta Mathur Employee Data View||Jennifer Employee Data View & Onboarding",Admin,,,,Disabled,Disabled,,Enabled,Disabled,Enabled,Disabled,Disabled,Disabled,Disabled,Disabled,Disabled,Disabled,Disabled,,,,,All,,NA,,NA,NA
"Personal Identity",personal_identity,16,"Social Security Number (NSS) (Guatemala)",guatemala_social_security_number,122,No,,,,Disabled,ALL,,,Disabled,Disabled,N.A,Disabled,,Disabled,,Disabled,,,"Admin|Self|HRBP|Vice President|Ragini|Deepta Mathur Employee Data View|Yogesh Employee Data View|Chaithra Palladka & Rina Patel|Shreshta Alawandi Employee Data and Confirmation||Jennifer Employee Data View & Onboarding","Admin|HRBP|Deepta Mathur Employee Data View||Jennifer Employee Data View & Onboarding","Admin|HRBP|Deepta Mathur Employee Data View||Jennifer Employee Data View & Onboarding",Admin,,,,Disabled,Disabled,,Enabled,Disabled,Enabled,Disabled,Disabled,Disabled,Disabled,Disabled,Disabled,Disabled,Disabled,,,,,All,,NA,,NA,NA
"Personal Identity",personal_identity,16,"Tax Identification Number (NIT) (Guatemala)",guatemala_tax_identification_number,123,No,,,,Disabled,ALL,,,Disabled,Disabled,N.A,Disabled,,Disabled,,Disabled,,,"Admin|Self|HRBP|Vice President|Ragini|Deepta Mathur Employee Data View|Yogesh Employee Data View|Chaithra Palladka & Rina Patel|Shreshta Alawandi Employee Data and Confirmation||Jennifer Employee Data View & Onboarding","Admin|HRBP|Deepta Mathur Employee Data View||Jennifer Employee Data View & Onboarding","Admin|HRBP|Deepta Mathur Employee Data View||Jennifer Employee Data View & Onboarding",Admin,,,,Disabled,Disabled,,Enabled,Disabled,Enabled,Disabled,Disabled,Disabled,Disabled,Disabled,Disabled,Disabled,Disabled,,,,,All,,NA,,NA,NA
"Personal Identity",personal_identity,16,"National Insurance (NI) Number (Guernsey)",guernsey_national_insurance_number,124,No,,,,Disabled,ALL,,,Disabled,Disabled,N.A,Disabled,,Disabled,,Disabled,,,"Admin|Self|HRBP|Vice President|Ragini|Deepta Mathur Employee Data View|Yogesh Employee Data View|Chaithra Palladka & Rina Patel|Shreshta Alawandi Employee Data and Confirmation||Jennifer Employee Data View & Onboarding","Admin|HRBP|Deepta Mathur Employee Data View||Jennifer Employee Data View & Onboarding","Admin|HRBP|Deepta Mathur Employee Data View||Jennifer Employee Data View & Onboarding",Admin,,,,Disabled,Disabled,,Enabled,Disabled,Enabled,Disabled,Disabled,Disabled,Disabled,Disabled,Disabled,Disabled,Disabled,,,,,All,,NA,,NA,NA
"Personal Identity",personal_identity,16,"Social Security Number (SSN) (Guernsey)",guernsey_social_security_number,125,No,,,,Disabled,ALL,,,Disabled,Disabled,N.A,Disabled,,Disabled,,Disabled,,,"Admin|Self|HRBP|Vice President|Ragini|Deepta Mathur Employee Data View|Yogesh Employee Data View|Chaithra Palladka & Rina Patel|Shreshta Alawandi Employee Data and Confirmation||Jennifer Employee Data View & Onboarding","Admin|HRBP|Deepta Mathur Employee Data View||Jennifer Employee Data View & Onboarding","Admin|HRBP|Deepta Mathur Employee Data View||Jennifer Employee Data View & Onboarding",Admin,,,,Disabled,Disabled,,Enabled,Disabled,Enabled,Disabled,Disabled,Disabled,Disabled,Disabled,Disabled,Disabled,Disabled,,,,,All,,NA,,NA,NA
"Personal Identity",personal_identity,16,"Passport Number (PAS) (Guinea-Bissau)",guinea_bissau_passport_number,126,No,,,,Disabled,ALL,,,Disabled,Disabled,N.A,Disabled,,Disabled,,Disabled,,,"Admin|Self|HRBP|Vice President|Ragini|Deepta Mathur Employee Data View|Yogesh Employee Data View|Chaithra Palladka & Rina Patel|Shreshta Alawandi Employee Data and Confirmation||Jennifer Employee Data View & Onboarding","Admin|HRBP|Deepta Mathur Employee Data View||Jennifer Employee Data View & Onboarding","Admin|HRBP|Deepta Mathur Employee Data View||Jennifer Employee Data View & Onboarding",Admin,,,,Disabled,Disabled,,Enabled,Disabled,Enabled,Disabled,Disabled,Disabled,Disabled,Disabled,Disabled,Disabled,Disabled,,,,,All,,NA,,NA,NA
"Personal Identity",personal_identity,16,"CNSS Number (Guinea)",guinea_cnss_number,127,No,,,,Disabled,ALL,,,Disabled,Disabled,N.A,Disabled,,Disabled,,Disabled,,,"Admin|Self|HRBP|Vice President|Ragini|Deepta Mathur Employee Data View|Yogesh Employee Data View|Chaithra Palladka & Rina Patel|Shreshta Alawandi Employee Data and Confirmation||Jennifer Employee Data View & Onboarding","Admin|HRBP|Deepta Mathur Employee Data View||Jennifer Employee Data View & Onboarding","Admin|HRBP|Deepta Mathur Employee Data View||Jennifer Employee Data View & Onboarding",Admin,,,,Disabled,Disabled,,Enabled,Disabled,Enabled,Disabled,Disabled,Disabled,Disabled,Disabled,Disabled,Disabled,Disabled,,,,,All,,NA,,NA,NA
"Personal Identity",personal_identity,16,"National Identity Card (CNI) Number (Guinea)",guinea_national_identity_card_number,128,No,,,,Disabled,ALL,,,Disabled,Disabled,N.A,Disabled,,Disabled,,Disabled,,,"Admin|Self|HRBP|Vice President|Ragini|Deepta Mathur Employee Data View|Yogesh Employee Data View|Chaithra Palladka & Rina Patel|Shreshta Alawandi Employee Data and Confirmation||Jennifer Employee Data View & Onboarding","Admin|HRBP|Deepta Mathur Employee Data View||Jennifer Employee Data View & Onboarding","Admin|HRBP|Deepta Mathur Employee Data View||Jennifer Employee Data View & Onboarding",Admin,,,,Disabled,Disabled,,Enabled,Disabled,Enabled,Disabled,Disabled,Disabled,Disabled,Disabled,Disabled,Disabled,Disabled,,,,,All,,NA,,NA,NA
"Personal Identity",personal_identity,16,"National Identification Card Number (Guyana)",guyana_national_identification_card_number,129,No,,,,Disabled,ALL,,,Disabled,Disabled,N.A,Disabled,,Disabled,,Disabled,,,"Admin|Self|HRBP|Vice President|Ragini|Deepta Mathur Employee Data View|Yogesh Employee Data View|Chaithra Palladka & Rina Patel|Shreshta Alawandi Employee Data and Confirmation||Jennifer Employee Data View & Onboarding","Admin|HRBP|Deepta Mathur Employee Data View||Jennifer Employee Data View & Onboarding","Admin|HRBP|Deepta Mathur Employee Data View||Jennifer Employee Data View & Onboarding",Admin,,,,Disabled,Disabled,,Enabled,Disabled,Enabled,Disabled,Disabled,Disabled,Disabled,Disabled,Disabled,Disabled,Disabled,,,,,All,,NA,,NA,NA
"Personal Identity",personal_identity,16,"National Identification Card Number (CIN) (Haiti)",haiti_national_identification_card_number,130,No,,,,Disabled,ALL,,,Disabled,Disabled,N.A,Disabled,,Disabled,,Disabled,,,"Admin|Self|HRBP|Vice President|Ragini|Deepta Mathur Employee Data View|Yogesh Employee Data View|Chaithra Palladka & Rina Patel|Shreshta Alawandi Employee Data and Confirmation||Jennifer Employee Data View & Onboarding","Admin|HRBP|Deepta Mathur Employee Data View||Jennifer Employee Data View & Onboarding","Admin|HRBP|Deepta Mathur Employee Data View||Jennifer Employee Data View & Onboarding",Admin,,,,Disabled,Disabled,,Enabled,Disabled,Enabled,Disabled,Disabled,Disabled,Disabled,Disabled,Disabled,Disabled,Disabled,,,,,All,,NA,,NA,NA
"Personal Identity",personal_identity,16,"Tax ID Number (NIF) (Haiti)",haiti_tax_id_number,131,No,,,,Disabled,ALL,,,Disabled,Disabled,N.A,Disabled,,Disabled,,Disabled,,,"Admin|Self|HRBP|Vice President|Ragini|Deepta Mathur Employee Data View|Yogesh Employee Data View|Chaithra Palladka & Rina Patel|Shreshta Alawandi Employee Data and Confirmation||Jennifer Employee Data View & Onboarding","Admin|HRBP|Deepta Mathur Employee Data View||Jennifer Employee Data View & Onboarding","Admin|HRBP|Deepta Mathur Employee Data View||Jennifer Employee Data View & Onboarding",Admin,,,,Disabled,Disabled,,Enabled,Disabled,Enabled,Disabled,Disabled,Disabled,Disabled,Disabled,Disabled,Disabled,Disabled,,,,,All,,NA,,NA,NA
"Personal Identity",personal_identity,16,"ID Card Number (Honduras)",honduras_id_card_number,132,No,,,,Disabled,ALL,,,Disabled,Disabled,N.A,Disabled,,Disabled,,Disabled,,,"Admin|Self|HRBP|Vice President|Ragini|Deepta Mathur Employee Data View|Yogesh Employee Data View|Chaithra Palladka & Rina Patel|Shreshta Alawandi Employee Data and Confirmation||Jennifer Employee Data View & Onboarding","Admin|HRBP|Deepta Mathur Employee Data View||Jennifer Employee Data View & Onboarding","Admin|HRBP|Deepta Mathur Employee Data View||Jennifer Employee Data View & Onboarding",Admin,,,,Disabled,Disabled,,Enabled,Disabled,Enabled,Disabled,Disabled,Disabled,Disabled,Disabled,Disabled,Disabled,Disabled,,,,,All,,NA,,NA,NA
"Personal Identity",personal_identity,16,"Tax ID (RTN) Number (Honduras)",honduras_tax_id_card_number,133,No,,,,Disabled,ALL,,,Disabled,Disabled,N.A,Disabled,,Disabled,,Disabled,,,"Admin|Self|HRBP|Vice President|Ragini|Deepta Mathur Employee Data View|Yogesh Employee Data View|Chaithra Palladka & Rina Patel|Shreshta Alawandi Employee Data and Confirmation||Jennifer Employee Data View & Onboarding","Admin|HRBP|Deepta Mathur Employee Data View||Jennifer Employee Data View & Onboarding","Admin|HRBP|Deepta Mathur Employee Data View||Jennifer Employee Data View & Onboarding",Admin,,,,Disabled,Disabled,,Enabled,Disabled,Enabled,Disabled,Disabled,Disabled,Disabled,Disabled,Disabled,Disabled,Disabled,,,,,All,,NA,,NA,NA
"Personal Identity",personal_identity,16,"ID Card Number (Hungary)",hungary_id_card_number,134,No,,,,Disabled,ALL,,,Disabled,Disabled,N.A,Disabled,,Disabled,,Disabled,,,"Admin|Self|HRBP|Vice President|Ragini|Deepta Mathur Employee Data View|Yogesh Employee Data View|Chaithra Palladka & Rina Patel|Shreshta Alawandi Employee Data and Confirmation||Jennifer Employee Data View & Onboarding","Admin|HRBP|Deepta Mathur Employee Data View||Jennifer Employee Data View & Onboarding","Admin|HRBP|Deepta Mathur Employee Data View||Jennifer Employee Data View & Onboarding",Admin,,,,Disabled,Disabled,,Enabled,Disabled,Enabled,Disabled,Disabled,Disabled,Disabled,Disabled,Disabled,Disabled,Disabled,,,,,All,,NA,,NA,NA
"Personal Identity",personal_identity,16,"Social Security (TAJ) Number (Hungary)",hungary_social_security_number,135,No,,,,Disabled,ALL,,,Disabled,Disabled,N.A,Disabled,,Disabled,,Disabled,,,"Admin|Self|HRBP|Vice President|Ragini|Deepta Mathur Employee Data View|Yogesh Employee Data View|Chaithra Palladka & Rina Patel|Shreshta Alawandi Employee Data and Confirmation||Jennifer Employee Data View & Onboarding","Admin|HRBP|Deepta Mathur Employee Data View||Jennifer Employee Data View & Onboarding","Admin|HRBP|Deepta Mathur Employee Data View||Jennifer Employee Data View & Onboarding",Admin,,,,Disabled,Disabled,,Enabled,Disabled,Enabled,Disabled,Disabled,Disabled,Disabled,Disabled,Disabled,Disabled,Disabled,,,,,All,,NA,,NA,NA
"Personal Identity",personal_identity,16,"Tax ID Number(hungary)",hungary_tax_id_number,136,No,,,,Disabled,ALL,,,Disabled,Disabled,N.A,Disabled,,Disabled,,Disabled,,,"Admin|Self|HRBP|Vice President|Ragini|Deepta Mathur Employee Data View|Yogesh Employee Data View|Chaithra Palladka & Rina Patel|Shreshta Alawandi Employee Data and Confirmation||Jennifer Employee Data View & Onboarding","Admin|HRBP|Deepta Mathur Employee Data View||Jennifer Employee Data View & Onboarding","Admin|HRBP|Deepta Mathur Employee Data View||Jennifer Employee Data View & Onboarding",Admin,,,,Disabled,Disabled,,Enabled,Disabled,Enabled,Disabled,Disabled,Disabled,Disabled,Disabled,Disabled,Disabled,Disabled,,,,,All,,NA,,NA,NA
"Personal Identity",personal_identity,16,"National ID Number (Kennitala) (Iceland)",iceland_national_id_number,137,No,,,,Disabled,ALL,,,Disabled,Disabled,N.A,Disabled,,Disabled,,Disabled,,,"Admin|Self|HRBP|Vice President|Ragini|Deepta Mathur Employee Data View|Yogesh Employee Data View|Chaithra Palladka & Rina Patel|Shreshta Alawandi Employee Data and Confirmation||Jennifer Employee Data View & Onboarding","Admin|HRBP|Deepta Mathur Employee Data View||Jennifer Employee Data View & Onboarding","Admin|HRBP|Deepta Mathur Employee Data View||Jennifer Employee Data View & Onboarding",Admin,,,,Disabled,Disabled,,Enabled,Disabled,Enabled,Disabled,Disabled,Disabled,Disabled,Disabled,Disabled,Disabled,Disabled,,,,,All,,NA,,NA,NA
"Personal Identity",personal_identity,16,"National Insurance (NI) Number (Isle of Man)",isle_of_man_national_insurance_number,138,No,,,,Disabled,ALL,,,Disabled,Disabled,N.A,Disabled,,Disabled,,Disabled,,,"Admin|Self|HRBP|Vice President|Ragini|Deepta Mathur Employee Data View|Yogesh Employee Data View|Chaithra Palladka & Rina Patel|Shreshta Alawandi Employee Data and Confirmation||Jennifer Employee Data View & Onboarding","Admin|HRBP|Deepta Mathur Employee Data View||Jennifer Employee Data View & Onboarding","Admin|HRBP|Deepta Mathur Employee Data View||Jennifer Employee Data View & Onboarding",Admin,,,,Disabled,Disabled,,Enabled,Disabled,Enabled,Disabled,Disabled,Disabled,Disabled,Disabled,Disabled,Disabled,Disabled,,,,,All,,NA,,NA,NA
"Personal Identity",personal_identity,16,"National Insurance Number (Jamaica)",jamaica_national_insurance_number,139,No,,,,Disabled,ALL,,,Disabled,Disabled,N.A,Disabled,,Disabled,,Disabled,,,"Admin|Self|HRBP|Vice President|Ragini|Deepta Mathur Employee Data View|Yogesh Employee Data View|Chaithra Palladka & Rina Patel|Shreshta Alawandi Employee Data and Confirmation||Jennifer Employee Data View & Onboarding","Admin|HRBP|Deepta Mathur Employee Data View||Jennifer Employee Data View & Onboarding","Admin|HRBP|Deepta Mathur Employee Data View||Jennifer Employee Data View & Onboarding",Admin,,,,Disabled,Disabled,,Enabled,Disabled,Enabled,Disabled,Disabled,Disabled,Disabled,Disabled,Disabled,Disabled,Disabled,,,,,All,,NA,,NA,NA
"Personal Identity",personal_identity,16,"Taxpayer Registration Number (Jamaica)",jamaica_taxpayer_registration_number,140,No,,,,Disabled,ALL,,,Disabled,Disabled,N.A,Disabled,,Disabled,,Disabled,,,"Admin|Self|HRBP|Vice President|Ragini|Deepta Mathur Employee Data View|Yogesh Employee Data View|Chaithra Palladka & Rina Patel|Shreshta Alawandi Employee Data and Confirmation||Jennifer Employee Data View & Onboarding","Admin|HRBP|Deepta Mathur Employee Data View||Jennifer Employee Data View & Onboarding","Admin|HRBP|Deepta Mathur Employee Data View||Jennifer Employee Data View & Onboarding",Admin,,,,Disabled,Disabled,,Enabled,Disabled,Enabled,Disabled,Disabled,Disabled,Disabled,Disabled,Disabled,Disabled,Disabled,,,,,All,,NA,,NA,NA
"Personal Identity",personal_identity,16,"National Insurance (NI) Number (Jersey)",jersey_national_insurance_number,141,No,,,,Disabled,ALL,,,Disabled,Disabled,N.A,Disabled,,Disabled,,Disabled,,,"Admin|Self|HRBP|Vice President|Ragini|Deepta Mathur Employee Data View|Yogesh Employee Data View|Chaithra Palladka & Rina Patel|Shreshta Alawandi Employee Data and Confirmation||Jennifer Employee Data View & Onboarding","Admin|HRBP|Deepta Mathur Employee Data View||Jennifer Employee Data View & Onboarding","Admin|HRBP|Deepta Mathur Employee Data View||Jennifer Employee Data View & Onboarding",Admin,,,,Disabled,Disabled,,Enabled,Disabled,Enabled,Disabled,Disabled,Disabled,Disabled,Disabled,Disabled,Disabled,Disabled,,,,,All,,NA,,NA,NA
"Personal Identity",personal_identity,16,"Social Security Number (SSN) (Jersey)",jersey_social_security_number,142,No,,,,Disabled,ALL,,,Disabled,Disabled,N.A,Disabled,,Disabled,,Disabled,,,"Admin|Self|HRBP|Vice President|Ragini|Deepta Mathur Employee Data View|Yogesh Employee Data View|Chaithra Palladka & Rina Patel|Shreshta Alawandi Employee Data and Confirmation||Jennifer Employee Data View & Onboarding","Admin|HRBP|Deepta Mathur Employee Data View||Jennifer Employee Data View & Onboarding","Admin|HRBP|Deepta Mathur Employee Data View||Jennifer Employee Data View & Onboarding",Admin,,,,Disabled,Disabled,,Enabled,Disabled,Enabled,Disabled,Disabled,Disabled,Disabled,Disabled,Disabled,Disabled,Disabled,,,,,All,,NA,,NA,NA
"Personal Identity",personal_identity,16,"Hospital Insurance (NHIF) Number (Kenya)",kenya_hospital_insurance_number,143,No,,,,Disabled,ALL,,,Disabled,Disabled,N.A,Disabled,,Disabled,,Disabled,,,"Admin|Self|HRBP|Vice President|Ragini|Deepta Mathur Employee Data View|Yogesh Employee Data View|Chaithra Palladka & Rina Patel|Shreshta Alawandi Employee Data and Confirmation||Jennifer Employee Data View & Onboarding","Admin|HRBP|Deepta Mathur Employee Data View||Jennifer Employee Data View & Onboarding","Admin|HRBP|Deepta Mathur Employee Data View||Jennifer Employee Data View & Onboarding",Admin,,,,Disabled,Disabled,,Enabled,Disabled,Enabled,Disabled,Disabled,Disabled,Disabled,Disabled,Disabled,Disabled,Disabled,,,,,All,,NA,,NA,NA
"Personal Identity",personal_identity,16,"National Identity Number (Kenya)",kenya_national_identity_number,144,No,,,,Disabled,ALL,,,Disabled,Disabled,N.A,Disabled,,Disabled,,Disabled,,,"Admin|Self|HRBP|Vice President|Ragini|Deepta Mathur Employee Data View|Yogesh Employee Data View|Chaithra Palladka & Rina Patel|Shreshta Alawandi Employee Data and Confirmation||Jennifer Employee Data View & Onboarding","Admin|HRBP|Deepta Mathur Employee Data View||Jennifer Employee Data View & Onboarding","Admin|HRBP|Deepta Mathur Employee Data View||Jennifer Employee Data View & Onboarding",Admin,,,,Disabled,Disabled,,Enabled,Disabled,Enabled,Disabled,Disabled,Disabled,Disabled,Disabled,Disabled,Disabled,Disabled,,,,,All,,NA,,NA,NA
"Personal Identity",personal_identity,16,"Revenue Authority PIN (Kenya)",kenya_revenue_authority_pin,145,No,,,,Disabled,ALL,,,Disabled,Disabled,N.A,Disabled,,Disabled,,Disabled,,,"Admin|Self|HRBP|Vice President|Ragini|Deepta Mathur Employee Data View|Yogesh Employee Data View|Chaithra Palladka & Rina Patel|Shreshta Alawandi Employee Data and Confirmation||Jennifer Employee Data View & Onboarding","Admin|HRBP|Deepta Mathur Employee Data View||Jennifer Employee Data View & Onboarding","Admin|HRBP|Deepta Mathur Employee Data View||Jennifer Employee Data View & Onboarding",Admin,,,,Disabled,Disabled,,Enabled,Disabled,Enabled,Disabled,Disabled,Disabled,Disabled,Disabled,Disabled,Disabled,Disabled,,,,,All,,NA,,NA,NA
"Personal Identity",personal_identity,16,"Social Security (NSSF) Number (Kenya)",kenya_social_security_number,146,No,,,,Disabled,ALL,,,Disabled,Disabled,N.A,Disabled,,Disabled,,Disabled,,,"Admin|Self|HRBP|Vice President|Ragini|Deepta Mathur Employee Data View|Yogesh Employee Data View|Chaithra Palladka & Rina Patel|Shreshta Alawandi Employee Data and Confirmation||Jennifer Employee Data View & Onboarding","Admin|HRBP|Deepta Mathur Employee Data View||Jennifer Employee Data View & Onboarding","Admin|HRBP|Deepta Mathur Employee Data View||Jennifer Employee Data View & Onboarding",Admin,,,,Disabled,Disabled,,Enabled,Disabled,Enabled,Disabled,Disabled,Disabled,Disabled,Disabled,Disabled,Disabled,Disabled,,,,,All,,NA,,NA,NA
"Personal Identity",personal_identity,16,"Identity Card (Letërnjoftimi) Number (Kosovo)",kosovo_identity_card_number,147,No,,,,Disabled,ALL,,,Disabled,Disabled,N.A,Disabled,,Disabled,,Disabled,,,"Admin|Self|HRBP|Vice President|Ragini|Deepta Mathur Employee Data View|Yogesh Employee Data View|Chaithra Palladka & Rina Patel|Shreshta Alawandi Employee Data and Confirmation||Jennifer Employee Data View & Onboarding","Admin|HRBP|Deepta Mathur Employee Data View||Jennifer Employee Data View & Onboarding","Admin|HRBP|Deepta Mathur Employee Data View||Jennifer Employee Data View & Onboarding",Admin,,,,Disabled,Disabled,,Enabled,Disabled,Enabled,Disabled,Disabled,Disabled,Disabled,Disabled,Disabled,Disabled,Disabled,,,,,All,,NA,,NA,NA
"Personal Identity",personal_identity,16,"National ID Card Number (Laos)",laos_national_id_card_number,148,No,,,,Disabled,ALL,,,Disabled,Disabled,N.A,Disabled,,Disabled,,Disabled,,,"Admin|Self|HRBP|Vice President|Ragini|Deepta Mathur Employee Data View|Yogesh Employee Data View|Chaithra Palladka & Rina Patel|Shreshta Alawandi Employee Data and Confirmation||Jennifer Employee Data View & Onboarding","Admin|HRBP|Deepta Mathur Employee Data View||Jennifer Employee Data View & Onboarding","Admin|HRBP|Deepta Mathur Employee Data View||Jennifer Employee Data View & Onboarding",Admin,,,,Disabled,Disabled,,Enabled,Disabled,Enabled,Disabled,Disabled,Disabled,Disabled,Disabled,Disabled,Disabled,Disabled,,,,,All,,NA,,NA,NA
"Personal Identity",personal_identity,16,"Identity Card Number (Lebanon)",lebanon_identity_card_number,149,No,,,,Disabled,ALL,,,Disabled,Disabled,N.A,Disabled,,Disabled,,Disabled,,,"Admin|Self|HRBP|Vice President|Ragini|Deepta Mathur Employee Data View|Yogesh Employee Data View|Chaithra Palladka & Rina Patel|Shreshta Alawandi Employee Data and Confirmation||Jennifer Employee Data View & Onboarding","Admin|HRBP|Deepta Mathur Employee Data View||Jennifer Employee Data View & Onboarding","Admin|HRBP|Deepta Mathur Employee Data View||Jennifer Employee Data View & Onboarding",Admin,,,,Disabled,Disabled,,Enabled,Disabled,Enabled,Disabled,Disabled,Disabled,Disabled,Disabled,Disabled,Disabled,Disabled,,,,,All,,NA,,NA,NA
"Personal Identity",personal_identity,16,"Identity Card Number (Lesotho)",lesotho_id_number,150,No,,,,Disabled,ALL,,,Disabled,Disabled,N.A,Disabled,,Disabled,,Disabled,,,"Admin|Self|HRBP|Vice President|Ragini|Deepta Mathur Employee Data View|Yogesh Employee Data View|Chaithra Palladka & Rina Patel|Shreshta Alawandi Employee Data and Confirmation||Jennifer Employee Data View & Onboarding","Admin|HRBP|Deepta Mathur Employee Data View||Jennifer Employee Data View & Onboarding","Admin|HRBP|Deepta Mathur Employee Data View||Jennifer Employee Data View & Onboarding",Admin,,,,Disabled,Disabled,,Enabled,Disabled,Enabled,Disabled,Disabled,Disabled,Disabled,Disabled,Disabled,Disabled,Disabled,,,,,All,,NA,,NA,NA
"Personal Identity",personal_identity,16,"Social Security (NASSCorp) Number (Liberia)",liberia_social_security_card_number,151,No,,,,Disabled,ALL,,,Disabled,Disabled,N.A,Disabled,,Disabled,,Disabled,,,"Admin|Self|HRBP|Vice President|Ragini|Deepta Mathur Employee Data View|Yogesh Employee Data View|Chaithra Palladka & Rina Patel|Shreshta Alawandi Employee Data and Confirmation||Jennifer Employee Data View & Onboarding","Admin|HRBP|Deepta Mathur Employee Data View||Jennifer Employee Data View & Onboarding","Admin|HRBP|Deepta Mathur Employee Data View||Jennifer Employee Data View & Onboarding",Admin,,,,Disabled,Disabled,,Enabled,Disabled,Enabled,Disabled,Disabled,Disabled,Disabled,Disabled,Disabled,Disabled,Disabled,,,,,All,,NA,,NA,NA
"Personal Identity",personal_identity,16,"National ID Number (Libya)",libya_national_id_number,152,No,,,,Disabled,ALL,,,Disabled,Disabled,N.A,Disabled,,Disabled,,Disabled,,,"Admin|Self|HRBP|Vice President|Ragini|Deepta Mathur Employee Data View|Yogesh Employee Data View|Chaithra Palladka & Rina Patel|Shreshta Alawandi Employee Data and Confirmation||Jennifer Employee Data View & Onboarding","Admin|HRBP|Deepta Mathur Employee Data View||Jennifer Employee Data View & Onboarding","Admin|HRBP|Deepta Mathur Employee Data View||Jennifer Employee Data View & Onboarding",Admin,,,,Disabled,Disabled,,Enabled,Disabled,Enabled,Disabled,Disabled,Disabled,Disabled,Disabled,Disabled,Disabled,Disabled,,,,,All,,NA,,NA,NA
"Personal Identity",personal_identity,16,"Social Security Number (CCSS) (Luxembourg)",luxembourg_social_security_number,153,No,,,,Disabled,ALL,,,Disabled,Disabled,N.A,Disabled,,Disabled,,Disabled,,,"Admin|Self|HRBP|Vice President|Ragini|Deepta Mathur Employee Data View|Yogesh Employee Data View|Chaithra Palladka & Rina Patel|Shreshta Alawandi Employee Data and Confirmation||Jennifer Employee Data View & Onboarding","Admin|HRBP|Deepta Mathur Employee Data View||Jennifer Employee Data View & Onboarding","Admin|HRBP|Deepta Mathur Employee Data View||Jennifer Employee Data View & Onboarding",Admin,,,,Disabled,Disabled,,Enabled,Disabled,Enabled,Disabled,Disabled,Disabled,Disabled,Disabled,Disabled,Disabled,Disabled,,,,,All,,NA,,NA,NA
"Personal Identity",personal_identity,16,"Beneficiary Number (FSS) (Macao)",macao_beneficiary_number,154,No,,,,Disabled,ALL,,,Disabled,Disabled,N.A,Disabled,,Disabled,,Disabled,,,"Admin|Self|HRBP|Vice President|Ragini|Deepta Mathur Employee Data View|Yogesh Employee Data View|Chaithra Palladka & Rina Patel|Shreshta Alawandi Employee Data and Confirmation||Jennifer Employee Data View & Onboarding","Admin|HRBP|Deepta Mathur Employee Data View||Jennifer Employee Data View & Onboarding","Admin|HRBP|Deepta Mathur Employee Data View||Jennifer Employee Data View & Onboarding",Admin,,,,Disabled,Disabled,,Enabled,Disabled,Enabled,Disabled,Disabled,Disabled,Disabled,Disabled,Disabled,Disabled,Disabled,,,,,All,,NA,,NA,NA
"Personal Identity",personal_identity,16,"Macao SAR Identity Card Number (Macao)",macao_sar_identity_card_number,155,No,,,,Disabled,ALL,,,Disabled,Disabled,N.A,Disabled,,Disabled,,Disabled,,,"Admin|Self|HRBP|Vice President|Ragini|Deepta Mathur Employee Data View|Yogesh Employee Data View|Chaithra Palladka & Rina Patel|Shreshta Alawandi Employee Data and Confirmation||Jennifer Employee Data View & Onboarding","Admin|HRBP|Deepta Mathur Employee Data View||Jennifer Employee Data View & Onboarding","Admin|HRBP|Deepta Mathur Employee Data View||Jennifer Employee Data View & Onboarding",Admin,,,,Disabled,Disabled,,Enabled,Disabled,Enabled,Disabled,Disabled,Disabled,Disabled,Disabled,Disabled,Disabled,Disabled,,,,,All,,NA,,NA,NA
"Personal Identity",personal_identity,16,"National Identity Card (CIN) Number (Madagascar)",madagascar_national_identity_card_number,156,No,,,,Disabled,ALL,,,Disabled,Disabled,N.A,Disabled,,Disabled,,Disabled,,,"Admin|Self|HRBP|Vice President|Ragini|Deepta Mathur Employee Data View|Yogesh Employee Data View|Chaithra Palladka & Rina Patel|Shreshta Alawandi Employee Data and Confirmation||Jennifer Employee Data View & Onboarding","Admin|HRBP|Deepta Mathur Employee Data View||Jennifer Employee Data View & Onboarding","Admin|HRBP|Deepta Mathur Employee Data View||Jennifer Employee Data View & Onboarding",Admin,,,,Disabled,Disabled,,Enabled,Disabled,Enabled,Disabled,Disabled,Disabled,Disabled,Disabled,Disabled,Disabled,Disabled,,,,,All,,NA,,NA,NA
"Personal Identity",personal_identity,16,"Resident Card (CR) Number (Madagascar)",madagascar_resident_card_number,157,No,,,,Disabled,ALL,,,Disabled,Disabled,N.A,Disabled,,Disabled,,Disabled,,,"Admin|Self|HRBP|Vice President|Ragini|Deepta Mathur Employee Data View|Yogesh Employee Data View|Chaithra Palladka & Rina Patel|Shreshta Alawandi Employee Data and Confirmation||Jennifer Employee Data View & Onboarding","Admin|HRBP|Deepta Mathur Employee Data View||Jennifer Employee Data View & Onboarding","Admin|HRBP|Deepta Mathur Employee Data View||Jennifer Employee Data View & Onboarding",Admin,,,,Disabled,Disabled,,Enabled,Disabled,Enabled,Disabled,Disabled,Disabled,Disabled,Disabled,Disabled,Disabled,Disabled,,,,,All,,NA,,NA,NA
"Personal Identity",personal_identity,16,"National Identity Card Number (Malawi)",malawi_national_identity_card_number,158,No,,,,Disabled,ALL,,,Disabled,Disabled,N.A,Disabled,,Disabled,,Disabled,,,"Admin|Self|HRBP|Vice President|Ragini|Deepta Mathur Employee Data View|Yogesh Employee Data View|Chaithra Palladka & Rina Patel|Shreshta Alawandi Employee Data and Confirmation||Jennifer Employee Data View & Onboarding","Admin|HRBP|Deepta Mathur Employee Data View||Jennifer Employee Data View & Onboarding","Admin|HRBP|Deepta Mathur Employee Data View||Jennifer Employee Data View & Onboarding",Admin,,,,Disabled,Disabled,,Enabled,Disabled,Enabled,Disabled,Disabled,Disabled,Disabled,Disabled,Disabled,Disabled,Disabled,,,,,All,,NA,,NA,NA
"Personal Identity",personal_identity,16,"INPS Insurance Card Number (Mali)",mali_inps_insurance_card_number,159,No,,,,Disabled,ALL,,,Disabled,Disabled,N.A,Disabled,,Disabled,,Disabled,,,"Admin|Self|HRBP|Vice President|Ragini|Deepta Mathur Employee Data View|Yogesh Employee Data View|Chaithra Palladka & Rina Patel|Shreshta Alawandi Employee Data and Confirmation||Jennifer Employee Data View & Onboarding","Admin|HRBP|Deepta Mathur Employee Data View||Jennifer Employee Data View & Onboarding","Admin|HRBP|Deepta Mathur Employee Data View||Jennifer Employee Data View & Onboarding",Admin,,,,Disabled,Disabled,,Enabled,Disabled,Enabled,Disabled,Disabled,Disabled,Disabled,Disabled,Disabled,Disabled,Disabled,,,,,All,,NA,,NA,NA
"Personal Identity",personal_identity,16,"National Identification Number (NINA) (Mali)",mali_national_identification_number,160,No,,,,Disabled,ALL,,,Disabled,Disabled,N.A,Disabled,,Disabled,,Disabled,,,"Admin|Self|HRBP|Vice President|Ragini|Deepta Mathur Employee Data View|Yogesh Employee Data View|Chaithra Palladka & Rina Patel|Shreshta Alawandi Employee Data and Confirmation||Jennifer Employee Data View & Onboarding","Admin|HRBP|Deepta Mathur Employee Data View||Jennifer Employee Data View & Onboarding","Admin|HRBP|Deepta Mathur Employee Data View||Jennifer Employee Data View & Onboarding",Admin,,,,Disabled,Disabled,,Enabled,Disabled,Enabled,Disabled,Disabled,Disabled,Disabled,Disabled,Disabled,Disabled,Disabled,,,,,All,,NA,,NA,NA
"Personal Identity",personal_identity,16,"ID Card Number (Malta)",malta_id_card_number,161,No,,,,Disabled,ALL,,,Disabled,Disabled,N.A,Disabled,,Disabled,,Disabled,,,"Admin|Self|HRBP|Vice President|Ragini|Deepta Mathur Employee Data View|Yogesh Employee Data View|Chaithra Palladka & Rina Patel|Shreshta Alawandi Employee Data and Confirmation||Jennifer Employee Data View & Onboarding","Admin|HRBP|Deepta Mathur Employee Data View||Jennifer Employee Data View & Onboarding","Admin|HRBP|Deepta Mathur Employee Data View||Jennifer Employee Data View & Onboarding",Admin,,,,Disabled,Disabled,,Enabled,Disabled,Enabled,Disabled,Disabled,Disabled,Disabled,Disabled,Disabled,Disabled,Disabled,,,,,All,,NA,,NA,NA
"Personal Identity",personal_identity,16,"Social Security Number (Malta)",malta_social_security_number,162,No,,,,Disabled,ALL,,,Disabled,Disabled,N.A,Disabled,,Disabled,,Disabled,,,"Admin|Self|HRBP|Vice President|Ragini|Deepta Mathur Employee Data View|Yogesh Employee Data View|Chaithra Palladka & Rina Patel|Shreshta Alawandi Employee Data and Confirmation||Jennifer Employee Data View & Onboarding","Admin|HRBP|Deepta Mathur Employee Data View||Jennifer Employee Data View & Onboarding","Admin|HRBP|Deepta Mathur Employee Data View||Jennifer Employee Data View & Onboarding",Admin,,,,Disabled,Disabled,,Enabled,Disabled,Enabled,Disabled,Disabled,Disabled,Disabled,Disabled,Disabled,Disabled,Disabled,,,,,All,,NA,,NA,NA
"Personal Identity",personal_identity,16,"National Identification Number (NNI) (Mauritania)",mauritania_national_identification_number,163,No,,,,Disabled,ALL,,,Disabled,Disabled,N.A,Disabled,,Disabled,,Disabled,,,"Admin|Self|HRBP|Vice President|Ragini|Deepta Mathur Employee Data View|Yogesh Employee Data View|Chaithra Palladka & Rina Patel|Shreshta Alawandi Employee Data and Confirmation||Jennifer Employee Data View & Onboarding","Admin|HRBP|Deepta Mathur Employee Data View||Jennifer Employee Data View & Onboarding","Admin|HRBP|Deepta Mathur Employee Data View||Jennifer Employee Data View & Onboarding",Admin,,,,Disabled,Disabled,,Enabled,Disabled,Enabled,Disabled,Disabled,Disabled,Disabled,Disabled,Disabled,Disabled,Disabled,,,,,All,,NA,,NA,NA
"Personal Identity",personal_identity,16,"Social Security Registration Number (CNSS) (Mauritania)",mauritania_social_security_registration_number,164,No,,,,Disabled,ALL,,,Disabled,Disabled,N.A,Disabled,,Disabled,,Disabled,,,"Admin|Self|HRBP|Vice President|Ragini|Deepta Mathur Employee Data View|Yogesh Employee Data View|Chaithra Palladka & Rina Patel|Shreshta Alawandi Employee Data and Confirmation||Jennifer Employee Data View & Onboarding","Admin|HRBP|Deepta Mathur Employee Data View||Jennifer Employee Data View & Onboarding","Admin|HRBP|Deepta Mathur Employee Data View||Jennifer Employee Data View & Onboarding",Admin,,,,Disabled,Disabled,,Enabled,Disabled,Enabled,Disabled,Disabled,Disabled,Disabled,Disabled,Disabled,Disabled,Disabled,,,,,All,,NA,,NA,NA
"Personal Identity",personal_identity,16,"National Identity Card Number (Mauritius)",mauritius_national_identity_card_number,165,No,,,,Disabled,ALL,,,Disabled,Disabled,N.A,Disabled,,Disabled,,Disabled,,,"Admin|Self|HRBP|Vice President|Ragini|Deepta Mathur Employee Data View|Yogesh Employee Data View|Chaithra Palladka & Rina Patel|Shreshta Alawandi Employee Data and Confirmation||Jennifer Employee Data View & Onboarding","Admin|HRBP|Deepta Mathur Employee Data View||Jennifer Employee Data View & Onboarding","Admin|HRBP|Deepta Mathur Employee Data View||Jennifer Employee Data View & Onboarding",Admin,,,,Disabled,Disabled,,Enabled,Disabled,Enabled,Disabled,Disabled,Disabled,Disabled,Disabled,Disabled,Disabled,Disabled,,,,,All,,NA,,NA,NA
"Personal Identity",personal_identity,16,"Permanent Residence Permit number (Mauritius)",mauritius_permanent_residence_permit_number,166,No,,,,Disabled,ALL,,,Disabled,Disabled,N.A,Disabled,,Disabled,,Disabled,,,"Admin|Self|HRBP|Vice President|Ragini|Deepta Mathur Employee Data View|Yogesh Employee Data View|Chaithra Palladka & Rina Patel|Shreshta Alawandi Employee Data and Confirmation||Jennifer Employee Data View & Onboarding","Admin|HRBP|Deepta Mathur Employee Data View||Jennifer Employee Data View & Onboarding","Admin|HRBP|Deepta Mathur Employee Data View||Jennifer Employee Data View & Onboarding",Admin,,,,Disabled,Disabled,,Enabled,Disabled,Enabled,Disabled,Disabled,Disabled,Disabled,Disabled,Disabled,Disabled,Disabled,,,,,All,,NA,,NA,NA
"Personal Identity",personal_identity,16,"State Identification Number (Moldova)",moldova_state_identification_number,167,No,,,,Disabled,ALL,,,Disabled,Disabled,N.A,Disabled,,Disabled,,Disabled,,,"Admin|Self|HRBP|Vice President|Ragini|Deepta Mathur Employee Data View|Yogesh Employee Data View|Chaithra Palladka & Rina Patel|Shreshta Alawandi Employee Data and Confirmation||Jennifer Employee Data View & Onboarding","Admin|HRBP|Deepta Mathur Employee Data View||Jennifer Employee Data View & Onboarding","Admin|HRBP|Deepta Mathur Employee Data View||Jennifer Employee Data View & Onboarding",Admin,,,,Disabled,Disabled,,Enabled,Disabled,Enabled,Disabled,Disabled,Disabled,Disabled,Disabled,Disabled,Disabled,Disabled,,,,,All,,NA,,NA,NA
"Personal Identity",personal_identity,16,"National ID Card Number (Monaco)",monaco_national_id_card_number,168,No,,,,Disabled,ALL,,,Disabled,Disabled,N.A,Disabled,,Disabled,,Disabled,,,"Admin|Self|HRBP|Vice President|Ragini|Deepta Mathur Employee Data View|Yogesh Employee Data View|Chaithra Palladka & Rina Patel|Shreshta Alawandi Employee Data and Confirmation||Jennifer Employee Data View & Onboarding","Admin|HRBP|Deepta Mathur Employee Data View||Jennifer Employee Data View & Onboarding","Admin|HRBP|Deepta Mathur Employee Data View||Jennifer Employee Data View & Onboarding",Admin,,,,Disabled,Disabled,,Enabled,Disabled,Enabled,Disabled,Disabled,Disabled,Disabled,Disabled,Disabled,Disabled,Disabled,,,,,All,,NA,,NA,NA
"Personal Identity",personal_identity,16,"National Insurance Card Number (Monaco)",monaco_national_insurance_card_number,169,No,,,,Disabled,ALL,,,Disabled,Disabled,N.A,Disabled,,Disabled,,Disabled,,,"Admin|Self|HRBP|Vice President|Ragini|Deepta Mathur Employee Data View|Yogesh Employee Data View|Chaithra Palladka & Rina Patel|Shreshta Alawandi Employee Data and Confirmation||Jennifer Employee Data View & Onboarding","Admin|HRBP|Deepta Mathur Employee Data View||Jennifer Employee Data View & Onboarding","Admin|HRBP|Deepta Mathur Employee Data View||Jennifer Employee Data View & Onboarding",Admin,,,,Disabled,Disabled,,Enabled,Disabled,Enabled,Disabled,Disabled,Disabled,Disabled,Disabled,Disabled,Disabled,Disabled,,,,,All,,NA,,NA,NA
"Personal Identity",personal_identity,16,"Civil ID Card Number (Mongolia)",mongolia_civil_id_card_number,170,No,,,,Disabled,ALL,,,Disabled,Disabled,N.A,Disabled,,Disabled,,Disabled,,,"Admin|Self|HRBP|Vice President|Ragini|Deepta Mathur Employee Data View|Yogesh Employee Data View|Chaithra Palladka & Rina Patel|Shreshta Alawandi Employee Data and Confirmation||Jennifer Employee Data View & Onboarding","Admin|HRBP|Deepta Mathur Employee Data View||Jennifer Employee Data View & Onboarding","Admin|HRBP|Deepta Mathur Employee Data View||Jennifer Employee Data View & Onboarding",Admin,,,,Disabled,Disabled,,Enabled,Disabled,Enabled,Disabled,Disabled,Disabled,Disabled,Disabled,Disabled,Disabled,Disabled,,,,,All,,NA,,NA,NA
"Personal Identity",personal_identity,16,"Registration ID Number (Mongolia)",mongolia_registration_id_number,171,No,,,,Disabled,ALL,,,Disabled,Disabled,N.A,Disabled,,Disabled,,Disabled,,,"Admin|Self|HRBP|Vice President|Ragini|Deepta Mathur Employee Data View|Yogesh Employee Data View|Chaithra Palladka & Rina Patel|Shreshta Alawandi Employee Data and Confirmation||Jennifer Employee Data View & Onboarding","Admin|HRBP|Deepta Mathur Employee Data View||Jennifer Employee Data View & Onboarding","Admin|HRBP|Deepta Mathur Employee Data View||Jennifer Employee Data View & Onboarding",Admin,,,,Disabled,Disabled,,Enabled,Disabled,Enabled,Disabled,Disabled,Disabled,Disabled,Disabled,Disabled,Disabled,Disabled,,,,,All,,NA,,NA,NA
"Personal Identity",personal_identity,16,"Unique Master Citizen Number (JMBG) (Montenegro)",montenegro_unique_master_citizen_number,172,No,,,,Disabled,ALL,,,Disabled,Disabled,N.A,Disabled,,Disabled,,Disabled,,,"Admin|Self|HRBP|Vice President|Ragini|Deepta Mathur Employee Data View|Yogesh Employee Data View|Chaithra Palladka & Rina Patel|Shreshta Alawandi Employee Data and Confirmation||Jennifer Employee Data View & Onboarding","Admin|HRBP|Deepta Mathur Employee Data View||Jennifer Employee Data View & Onboarding","Admin|HRBP|Deepta Mathur Employee Data View||Jennifer Employee Data View & Onboarding",Admin,,,,Disabled,Disabled,,Enabled,Disabled,Enabled,Disabled,Disabled,Disabled,Disabled,Disabled,Disabled,Disabled,Disabled,,,,,All,,NA,,NA,NA
"Personal Identity",personal_identity,16,"Carte Nationale d’Identité Électronique (CNIE)",morocco_national_id_number,173,No,,,,Disabled,ALL,,,Disabled,Disabled,N.A,Disabled,,Disabled,,Disabled,,,"Admin|Self|HRBP|Vice President|Ragini|Deepta Mathur Employee Data View|Yogesh Employee Data View|Chaithra Palladka & Rina Patel|Shreshta Alawandi Employee Data and Confirmation||Jennifer Employee Data View & Onboarding","Admin|HRBP|Deepta Mathur Employee Data View||Jennifer Employee Data View & Onboarding","Admin|HRBP|Deepta Mathur Employee Data View||Jennifer Employee Data View & Onboarding",Admin,,,,Disabled,Disabled,,Enabled,Disabled,Enabled,Disabled,Disabled,Disabled,Disabled,Disabled,Disabled,Disabled,Disabled,,,,,All,,NA,,NA,NA
"Personal Identity",personal_identity,16,"National Social Security Fund Registration Number (NSS) (Morocco)",morocco_national_social_security_fund_registration_number,174,No,,,,Disabled,ALL,,,Disabled,Disabled,N.A,Disabled,,Disabled,,Disabled,,,"Admin|Self|HRBP|Vice President|Ragini|Deepta Mathur Employee Data View|Yogesh Employee Data View|Chaithra Palladka & Rina Patel|Shreshta Alawandi Employee Data and Confirmation||Jennifer Employee Data View & Onboarding","Admin|HRBP|Deepta Mathur Employee Data View||Jennifer Employee Data View & Onboarding","Admin|HRBP|Deepta Mathur Employee Data View||Jennifer Employee Data View & Onboarding",Admin,,,,Disabled,Disabled,,Enabled,Disabled,Enabled,Disabled,Disabled,Disabled,Disabled,Disabled,Disabled,Disabled,Disabled,,,,,All,,NA,,NA,NA
"Personal Identity",personal_identity,16,"Identity Card (BI) Number (Mozambique)",mozambique_identity_card_number,175,No,,,,Disabled,ALL,,,Disabled,Disabled,N.A,Disabled,,Disabled,,Disabled,,,"Admin|Self|HRBP|Vice President|Ragini|Deepta Mathur Employee Data View|Yogesh Employee Data View|Chaithra Palladka & Rina Patel|Shreshta Alawandi Employee Data and Confirmation||Jennifer Employee Data View & Onboarding","Admin|HRBP|Deepta Mathur Employee Data View||Jennifer Employee Data View & Onboarding","Admin|HRBP|Deepta Mathur Employee Data View||Jennifer Employee Data View & Onboarding",Admin,,,,Disabled,Disabled,,Enabled,Disabled,Enabled,Disabled,Disabled,Disabled,Disabled,Disabled,Disabled,Disabled,Disabled,,,,,All,,NA,,NA,NA
"Personal Identity",personal_identity,16,"ID Card Number (Namibia)",namibia_id_card_number,176,No,,,,Disabled,ALL,,,Disabled,Disabled,N.A,Disabled,,Disabled,,Disabled,,,"Admin|Self|HRBP|Vice President|Ragini|Deepta Mathur Employee Data View|Yogesh Employee Data View|Chaithra Palladka & Rina Patel|Shreshta Alawandi Employee Data and Confirmation||Jennifer Employee Data View & Onboarding","Admin|HRBP|Deepta Mathur Employee Data View||Jennifer Employee Data View & Onboarding","Admin|HRBP|Deepta Mathur Employee Data View||Jennifer Employee Data View & Onboarding",Admin,,,,Disabled,Disabled,,Enabled,Disabled,Enabled,Disabled,Disabled,Disabled,Disabled,Disabled,Disabled,Disabled,Disabled,,,,,All,,NA,,NA,NA
"Personal Identity",personal_identity,16,"Income Tax Number (Namibia)",namibia_income_tax_number,177,No,,,,Disabled,ALL,,,Disabled,Disabled,N.A,Disabled,,Disabled,,Disabled,,,"Admin|Self|HRBP|Vice President|Ragini|Deepta Mathur Employee Data View|Yogesh Employee Data View|Chaithra Palladka & Rina Patel|Shreshta Alawandi Employee Data and Confirmation||Jennifer Employee Data View & Onboarding","Admin|HRBP|Deepta Mathur Employee Data View||Jennifer Employee Data View & Onboarding","Admin|HRBP|Deepta Mathur Employee Data View||Jennifer Employee Data View & Onboarding",Admin,,,,Disabled,Disabled,,Enabled,Disabled,Enabled,Disabled,Disabled,Disabled,Disabled,Disabled,Disabled,Disabled,Disabled,,,,,All,,NA,,NA,NA
"Personal Identity",personal_identity,16,"Social Security Number (Namibia)",namibia_social_security_number,178,No,,,,Disabled,ALL,,,Disabled,Disabled,N.A,Disabled,,Disabled,,Disabled,,,"Admin|Self|HRBP|Vice President|Ragini|Deepta Mathur Employee Data View|Yogesh Employee Data View|Chaithra Palladka & Rina Patel|Shreshta Alawandi Employee Data and Confirmation||Jennifer Employee Data View & Onboarding","Admin|HRBP|Deepta Mathur Employee Data View||Jennifer Employee Data View & Onboarding","Admin|HRBP|Deepta Mathur Employee Data View||Jennifer Employee Data View & Onboarding",Admin,,,,Disabled,Disabled,,Enabled,Disabled,Enabled,Disabled,Disabled,Disabled,Disabled,Disabled,Disabled,Disabled,Disabled,,,,,All,,NA,,NA,NA
"Personal Identity",personal_identity,16,"Dutch Identity Card (ID-card) Number (Netherlands)",netherlands_dutch_identity_card_number,179,No,,,,Disabled,ALL,,,Disabled,Disabled,N.A,Disabled,,Disabled,,Disabled,,,"Admin|Self|HRBP|Vice President|Ragini|Deepta Mathur Employee Data View|Yogesh Employee Data View|Chaithra Palladka & Rina Patel|Shreshta Alawandi Employee Data and Confirmation||Jennifer Employee Data View & Onboarding","Admin|HRBP|Deepta Mathur Employee Data View||Jennifer Employee Data View & Onboarding","Admin|HRBP|Deepta Mathur Employee Data View||Jennifer Employee Data View & Onboarding",Admin,,,,Disabled,Disabled,,Enabled,Disabled,Enabled,Disabled,Disabled,Disabled,Disabled,Disabled,Disabled,Disabled,Disabled,,,,,All,,NA,,NA,NA
"Personal Identity",personal_identity,16,"Personal Number (Burgerservicenr) (Netherlands)",netherlands_personal_number,180,No,,,,Disabled,ALL,,,Disabled,Disabled,N.A,Disabled,,Disabled,,Disabled,,,"Admin|Self|HRBP|Vice President|Ragini|Deepta Mathur Employee Data View|Yogesh Employee Data View|Chaithra Palladka & Rina Patel|Shreshta Alawandi Employee Data and Confirmation||Jennifer Employee Data View & Onboarding","Admin|HRBP|Deepta Mathur Employee Data View||Jennifer Employee Data View & Onboarding","Admin|HRBP|Deepta Mathur Employee Data View||Jennifer Employee Data View & Onboarding",Admin,,,,Disabled,Disabled,,Enabled,Disabled,Enabled,Disabled,Disabled,Disabled,Disabled,Disabled,Disabled,Disabled,Disabled,,,,,All,,NA,,NA,NA
"Personal Identity",personal_identity,16,"Inland Revenue Department (IRD) Number (New Zealand)",new_zealand_inland_revenue_department_number,181,No,,,,Disabled,ALL,,,Disabled,Disabled,N.A,Disabled,,Disabled,,Disabled,,,"Admin|Self|HRBP|Vice President|Ragini|Deepta Mathur Employee Data View|Yogesh Employee Data View|Chaithra Palladka & Rina Patel|Shreshta Alawandi Employee Data and Confirmation||Jennifer Employee Data View & Onboarding","Admin|HRBP|Deepta Mathur Employee Data View||Jennifer Employee Data View & Onboarding","Admin|HRBP|Deepta Mathur Employee Data View||Jennifer Employee Data View & Onboarding",Admin,,,,Disabled,Disabled,,Enabled,Disabled,Enabled,Disabled,Disabled,Disabled,Disabled,Disabled,Disabled,Disabled,Disabled,,,,,All,,NA,,NA,NA
"Personal Identity",personal_identity,16,"Employer Number (NP) (Nicaragua)",nicaragua_employer_number,182,No,,,,Disabled,ALL,,,Disabled,Disabled,N.A,Disabled,,Disabled,,Disabled,,,"Admin|Self|HRBP|Vice President|Ragini|Deepta Mathur Employee Data View|Yogesh Employee Data View|Chaithra Palladka & Rina Patel|Shreshta Alawandi Employee Data and Confirmation||Jennifer Employee Data View & Onboarding","Admin|HRBP|Deepta Mathur Employee Data View||Jennifer Employee Data View & Onboarding","Admin|HRBP|Deepta Mathur Employee Data View||Jennifer Employee Data View & Onboarding",Admin,,,,Disabled,Disabled,,Enabled,Disabled,Enabled,Disabled,Disabled,Disabled,Disabled,Disabled,Disabled,Disabled,Disabled,,,,,All,,NA,,NA,NA
"Personal Identity",personal_identity,16,"ID Card Number (Nicaragua)",nicaragua_id_card_number,183,No,,,,Disabled,ALL,,,Disabled,Disabled,N.A,Disabled,,Disabled,,Disabled,,,"Admin|Self|HRBP|Vice President|Ragini|Deepta Mathur Employee Data View|Yogesh Employee Data View|Chaithra Palladka & Rina Patel|Shreshta Alawandi Employee Data and Confirmation||Jennifer Employee Data View & Onboarding","Admin|HRBP|Deepta Mathur Employee Data View||Jennifer Employee Data View & Onboarding","Admin|HRBP|Deepta Mathur Employee Data View||Jennifer Employee Data View & Onboarding",Admin,,,,Disabled,Disabled,,Enabled,Disabled,Enabled,Disabled,Disabled,Disabled,Disabled,Disabled,Disabled,Disabled,Disabled,,,,,All,,NA,,NA,NA
"Personal Identity",personal_identity,16,"Residence Card Number(RC) (Nicaragua)",nicaragua_residence_card_number,184,No,,,,Disabled,ALL,,,Disabled,Disabled,N.A,Disabled,,Disabled,,Disabled,,,"Admin|Self|HRBP|Vice President|Ragini|Deepta Mathur Employee Data View|Yogesh Employee Data View|Chaithra Palladka & Rina Patel|Shreshta Alawandi Employee Data and Confirmation||Jennifer Employee Data View & Onboarding","Admin|HRBP|Deepta Mathur Employee Data View||Jennifer Employee Data View & Onboarding","Admin|HRBP|Deepta Mathur Employee Data View||Jennifer Employee Data View & Onboarding",Admin,,,,Disabled,Disabled,,Enabled,Disabled,Enabled,Disabled,Disabled,Disabled,Disabled,Disabled,Disabled,Disabled,Disabled,,,,,All,,NA,,NA,NA
"Personal Identity",personal_identity,16,"Social Security Number (NSS) (Nicaragua)",nicaragua_social_security_number,185,No,,,,Disabled,ALL,,,Disabled,Disabled,N.A,Disabled,,Disabled,,Disabled,,,"Admin|Self|HRBP|Vice President|Ragini|Deepta Mathur Employee Data View|Yogesh Employee Data View|Chaithra Palladka & Rina Patel|Shreshta Alawandi Employee Data and Confirmation||Jennifer Employee Data View & Onboarding","Admin|HRBP|Deepta Mathur Employee Data View||Jennifer Employee Data View & Onboarding","Admin|HRBP|Deepta Mathur Employee Data View||Jennifer Employee Data View & Onboarding",Admin,,,,Disabled,Disabled,,Enabled,Disabled,Enabled,Disabled,Disabled,Disabled,Disabled,Disabled,Disabled,Disabled,Disabled,,,,,All,,NA,,NA,NA
"Personal Identity",personal_identity,16,"Tax Number (RUC) (Nicaragua)",nicaragua_tax_number,186,No,,,,Disabled,ALL,,,Disabled,Disabled,N.A,Disabled,,Disabled,,Disabled,,,"Admin|Self|HRBP|Vice President|Ragini|Deepta Mathur Employee Data View|Yogesh Employee Data View|Chaithra Palladka & Rina Patel|Shreshta Alawandi Employee Data and Confirmation||Jennifer Employee Data View & Onboarding","Admin|HRBP|Deepta Mathur Employee Data View||Jennifer Employee Data View & Onboarding","Admin|HRBP|Deepta Mathur Employee Data View||Jennifer Employee Data View & Onboarding",Admin,,,,Disabled,Disabled,,Enabled,Disabled,Enabled,Disabled,Disabled,Disabled,Disabled,Disabled,Disabled,Disabled,Disabled,,,,,All,,NA,,NA,NA
"Personal Identity",personal_identity,16,"National ID Number (Nigeria)",nigeria_national_id_number,187,No,,,,Disabled,ALL,,,Disabled,Disabled,N.A,Disabled,,Disabled,,Disabled,,,"Admin|Self|HRBP|Vice President|Ragini|Deepta Mathur Employee Data View|Yogesh Employee Data View|Chaithra Palladka & Rina Patel|Shreshta Alawandi Employee Data and Confirmation||Jennifer Employee Data View & Onboarding","Admin|HRBP|Deepta Mathur Employee Data View||Jennifer Employee Data View & Onboarding","Admin|HRBP|Deepta Mathur Employee Data View||Jennifer Employee Data View & Onboarding",Admin,,,,Disabled,Disabled,,Enabled,Disabled,Enabled,Disabled,Disabled,Disabled,Disabled,Disabled,Disabled,Disabled,Disabled,,,,,All,,NA,,NA,NA
"Personal Identity",personal_identity,16,"Unique Master Citizen Number (JMBG) (North Macedonia)",north_macedonia_unique_master_citizen_number,188,No,,,,Disabled,ALL,,,Disabled,Disabled,N.A,Disabled,,Disabled,,Disabled,,,"Admin|Self|HRBP|Vice President|Ragini|Deepta Mathur Employee Data View|Yogesh Employee Data View|Chaithra Palladka & Rina Patel|Shreshta Alawandi Employee Data and Confirmation||Jennifer Employee Data View & Onboarding","Admin|HRBP|Deepta Mathur Employee Data View||Jennifer Employee Data View & Onboarding","Admin|HRBP|Deepta Mathur Employee Data View||Jennifer Employee Data View & Onboarding",Admin,,,,Disabled,Disabled,,Enabled,Disabled,Enabled,Disabled,Disabled,Disabled,Disabled,Disabled,Disabled,Disabled,Disabled,,,,,All,,NA,,NA,NA
"Personal Identity",personal_identity,16,"D-Number (Norway)",norway_d_number,189,No,,,,Disabled,ALL,,,Disabled,Disabled,N.A,Disabled,,Disabled,,Disabled,,,"Admin|Self|HRBP|Vice President|Ragini|Deepta Mathur Employee Data View|Yogesh Employee Data View|Chaithra Palladka & Rina Patel|Shreshta Alawandi Employee Data and Confirmation||Jennifer Employee Data View & Onboarding","Admin|HRBP|Deepta Mathur Employee Data View||Jennifer Employee Data View & Onboarding","Admin|HRBP|Deepta Mathur Employee Data View||Jennifer Employee Data View & Onboarding",Admin,,,,Disabled,Disabled,,Enabled,Disabled,Enabled,Disabled,Disabled,Disabled,Disabled,Disabled,Disabled,Disabled,Disabled,,,,,All,,NA,,NA,NA
"Personal Identity",personal_identity,16,"Person Number (Fødselsnummer) (Norway)",norway_person_number,190,No,,,,Disabled,ALL,,,Disabled,Disabled,N.A,Disabled,,Disabled,,Disabled,,,"Admin|Self|HRBP|Vice President|Ragini|Deepta Mathur Employee Data View|Yogesh Employee Data View|Chaithra Palladka & Rina Patel|Shreshta Alawandi Employee Data and Confirmation||Jennifer Employee Data View & Onboarding","Admin|HRBP|Deepta Mathur Employee Data View||Jennifer Employee Data View & Onboarding","Admin|HRBP|Deepta Mathur Employee Data View||Jennifer Employee Data View & Onboarding",Admin,,,,Disabled,Disabled,,Enabled,Disabled,Enabled,Disabled,Disabled,Disabled,Disabled,Disabled,Disabled,Disabled,Disabled,,,,,All,,NA,,NA,NA
"Personal Identity",personal_identity,16,"CNIC Number (Pakistan)",pakistan_cnic_number,191,No,,,,Disabled,ALL,,,Disabled,Disabled,N.A,Disabled,,Disabled,,Disabled,,,"Admin|Self|HRBP|Vice President|Ragini|Deepta Mathur Employee Data View|Yogesh Employee Data View|Chaithra Palladka & Rina Patel|Shreshta Alawandi Employee Data and Confirmation||Jennifer Employee Data View & Onboarding","Admin|HRBP|Deepta Mathur Employee Data View||Jennifer Employee Data View & Onboarding","Admin|HRBP|Deepta Mathur Employee Data View||Jennifer Employee Data View & Onboarding",Admin,,,,Disabled,Disabled,,Enabled,Disabled,Enabled,Disabled,Disabled,Disabled,Disabled,Disabled,Disabled,Disabled,Disabled,,,,,All,,NA,,NA,NA
"Personal Identity",personal_identity,16,"Employee Old-Age Benefits Institution Number (Pakistan)",pakistan_employee_old_age_benefits_institution_number,192,No,,,,Disabled,ALL,,,Disabled,Disabled,N.A,Disabled,,Disabled,,Disabled,,,"Admin|Self|HRBP|Vice President|Ragini|Deepta Mathur Employee Data View|Yogesh Employee Data View|Chaithra Palladka & Rina Patel|Shreshta Alawandi Employee Data and Confirmation||Jennifer Employee Data View & Onboarding","Admin|HRBP|Deepta Mathur Employee Data View||Jennifer Employee Data View & Onboarding","Admin|HRBP|Deepta Mathur Employee Data View||Jennifer Employee Data View & Onboarding",Admin,,,,Disabled,Disabled,,Enabled,Disabled,Enabled,Disabled,Disabled,Disabled,Disabled,Disabled,Disabled,Disabled,Disabled,,,,,All,,NA,,NA,NA
"Personal Identity",personal_identity,16,"National Identity Number for Overseas Pakistanis (Pakistan)",pakistan_national_identity_number_for_overeseas_pakistanis,193,No,,,,Disabled,ALL,,,Disabled,Disabled,N.A,Disabled,,Disabled,,Disabled,,,"Admin|Self|HRBP|Vice President|Ragini|Deepta Mathur Employee Data View|Yogesh Employee Data View|Chaithra Palladka & Rina Patel|Shreshta Alawandi Employee Data and Confirmation||Jennifer Employee Data View & Onboarding","Admin|HRBP|Deepta Mathur Employee Data View||Jennifer Employee Data View & Onboarding","Admin|HRBP|Deepta Mathur Employee Data View||Jennifer Employee Data View & Onboarding",Admin,,,,Disabled,Disabled,,Enabled,Disabled,Enabled,Disabled,Disabled,Disabled,Disabled,Disabled,Disabled,Disabled,Disabled,,,,,All,,NA,,NA,NA
"Personal Identity",personal_identity,16,"National Tax Number (Pakistan)",pakistan_national_tax_number,194,No,,,,Disabled,ALL,,,Disabled,Disabled,N.A,Disabled,,Disabled,,Disabled,,,"Admin|Self|HRBP|Vice President|Ragini|Deepta Mathur Employee Data View|Yogesh Employee Data View|Chaithra Palladka & Rina Patel|Shreshta Alawandi Employee Data and Confirmation||Jennifer Employee Data View & Onboarding","Admin|HRBP|Deepta Mathur Employee Data View||Jennifer Employee Data View & Onboarding","Admin|HRBP|Deepta Mathur Employee Data View||Jennifer Employee Data View & Onboarding",Admin,,,,Disabled,Disabled,,Enabled,Disabled,Enabled,Disabled,Disabled,Disabled,Disabled,Disabled,Disabled,Disabled,Disabled,,,,,All,,NA,,NA,NA
"Personal Identity",personal_identity,16,"ID Number (Palestine)",palestine_id_number,195,No,,,,Disabled,ALL,,,Disabled,Disabled,N.A,Disabled,,Disabled,,Disabled,,,"Admin|Self|HRBP|Vice President|Ragini|Deepta Mathur Employee Data View|Yogesh Employee Data View|Chaithra Palladka & Rina Patel|Shreshta Alawandi Employee Data and Confirmation||Jennifer Employee Data View & Onboarding","Admin|HRBP|Deepta Mathur Employee Data View||Jennifer Employee Data View & Onboarding","Admin|HRBP|Deepta Mathur Employee Data View||Jennifer Employee Data View & Onboarding",Admin,,,,Disabled,Disabled,,Enabled,Disabled,Enabled,Disabled,Disabled,Disabled,Disabled,Disabled,Disabled,Disabled,Disabled,,,,,All,,NA,,NA,NA
"Personal Identity",personal_identity,16,"ID Card Number (Panama)",panama_id_card_number,196,No,,,,Disabled,ALL,,,Disabled,Disabled,N.A,Disabled,,Disabled,,Disabled,,,"Admin|Self|HRBP|Vice President|Ragini|Deepta Mathur Employee Data View|Yogesh Employee Data View|Chaithra Palladka & Rina Patel|Shreshta Alawandi Employee Data and Confirmation||Jennifer Employee Data View & Onboarding","Admin|HRBP|Deepta Mathur Employee Data View||Jennifer Employee Data View & Onboarding","Admin|HRBP|Deepta Mathur Employee Data View||Jennifer Employee Data View & Onboarding",Admin,,,,Disabled,Disabled,,Enabled,Disabled,Enabled,Disabled,Disabled,Disabled,Disabled,Disabled,Disabled,Disabled,Disabled,,,,,All,,NA,,NA,NA
"Personal Identity",personal_identity,16,"Social Security Number (NSS) (Panama)",panama_social_security_number,197,No,,,,Disabled,ALL,,,Disabled,Disabled,N.A,Disabled,,Disabled,,Disabled,,,"Admin|Self|HRBP|Vice President|Ragini|Deepta Mathur Employee Data View|Yogesh Employee Data View|Chaithra Palladka & Rina Patel|Shreshta Alawandi Employee Data and Confirmation||Jennifer Employee Data View & Onboarding","Admin|HRBP|Deepta Mathur Employee Data View||Jennifer Employee Data View & Onboarding","Admin|HRBP|Deepta Mathur Employee Data View||Jennifer Employee Data View & Onboarding",Admin,,,,Disabled,Disabled,,Enabled,Disabled,Enabled,Disabled,Disabled,Disabled,Disabled,Disabled,Disabled,Disabled,Disabled,,,,,All,,NA,,NA,NA
"Personal Identity",personal_identity,16,"ID Card (CI) Number (Paraguay)",paraguay_id_card_number,198,No,,,,Disabled,ALL,,,Disabled,Disabled,N.A,Disabled,,Disabled,,Disabled,,,"Admin|Self|HRBP|Vice President|Ragini|Deepta Mathur Employee Data View|Yogesh Employee Data View|Chaithra Palladka & Rina Patel|Shreshta Alawandi Employee Data and Confirmation||Jennifer Employee Data View & Onboarding","Admin|HRBP|Deepta Mathur Employee Data View||Jennifer Employee Data View & Onboarding","Admin|HRBP|Deepta Mathur Employee Data View||Jennifer Employee Data View & Onboarding",Admin,,,,Disabled,Disabled,,Enabled,Disabled,Enabled,Disabled,Disabled,Disabled,Disabled,Disabled,Disabled,Disabled,Disabled,,,,,All,,NA,,NA,NA
"Personal Identity",personal_identity,16,"ID Card (DNI) Number (Peru)",peru_id_card_number,199,No,,,,Disabled,ALL,,,Disabled,Disabled,N.A,Disabled,,Disabled,,Disabled,,,"Admin|Self|HRBP|Vice President|Ragini|Deepta Mathur Employee Data View|Yogesh Employee Data View|Chaithra Palladka & Rina Patel|Shreshta Alawandi Employee Data and Confirmation||Jennifer Employee Data View & Onboarding","Admin|HRBP|Deepta Mathur Employee Data View||Jennifer Employee Data View & Onboarding","Admin|HRBP|Deepta Mathur Employee Data View||Jennifer Employee Data View & Onboarding",Admin,,,,Disabled,Disabled,,Enabled,Disabled,Enabled,Disabled,Disabled,Disabled,Disabled,Disabled,Disabled,Disabled,Disabled,,,,,All,,NA,,NA,NA
"Personal Identity",personal_identity,16,"Tax (RUC) Number (Peru)",peru_tax_number,200,No,,,,Disabled,ALL,,,Disabled,Disabled,N.A,Disabled,,Disabled,,Disabled,,,"Admin|Self|HRBP|Vice President|Ragini|Deepta Mathur Employee Data View|Yogesh Employee Data View|Chaithra Palladka & Rina Patel|Shreshta Alawandi Employee Data and Confirmation||Jennifer Employee Data View & Onboarding","Admin|HRBP|Deepta Mathur Employee Data View||Jennifer Employee Data View & Onboarding","Admin|HRBP|Deepta Mathur Employee Data View||Jennifer Employee Data View & Onboarding",Admin,,,,Disabled,Disabled,,Enabled,Disabled,Enabled,Disabled,Disabled,Disabled,Disabled,Disabled,Disabled,Disabled,Disabled,,,,,All,,NA,,NA,NA
"Personal Identity",personal_identity,16,"Citizen Number (Portugal)",portugal_citizen_number,201,No,,,,Disabled,ALL,,,Disabled,Disabled,N.A,Disabled,,Disabled,,Disabled,,,"Admin|Self|HRBP|Vice President|Ragini|Deepta Mathur Employee Data View|Yogesh Employee Data View|Chaithra Palladka & Rina Patel|Shreshta Alawandi Employee Data and Confirmation||Jennifer Employee Data View & Onboarding","Admin|HRBP|Deepta Mathur Employee Data View||Jennifer Employee Data View & Onboarding","Admin|HRBP|Deepta Mathur Employee Data View||Jennifer Employee Data View & Onboarding",Admin,,,,Disabled,Disabled,,Enabled,Disabled,Enabled,Disabled,Disabled,Disabled,Disabled,Disabled,Disabled,Disabled,Disabled,,,,,All,,NA,,NA,NA
"Personal Identity",personal_identity,16,"ID Number (Número de Identificação) (Portugal)",portugal_id_number,202,No,,,,Disabled,ALL,,,Disabled,Disabled,N.A,Disabled,,Disabled,,Disabled,,,"Admin|Self|HRBP|Vice President|Ragini|Deepta Mathur Employee Data View|Yogesh Employee Data View|Chaithra Palladka & Rina Patel|Shreshta Alawandi Employee Data and Confirmation||Jennifer Employee Data View & Onboarding","Admin|HRBP|Deepta Mathur Employee Data View||Jennifer Employee Data View & Onboarding","Admin|HRBP|Deepta Mathur Employee Data View||Jennifer Employee Data View & Onboarding",Admin,,,,Disabled,Disabled,,Enabled,Disabled,Enabled,Disabled,Disabled,Disabled,Disabled,Disabled,Disabled,Disabled,Disabled,,,,,All,,NA,,NA,NA
"Personal Identity",personal_identity,16,"Social Security Identification Number (NISS) (Portugal)",portugal_social_security_identification_number,203,No,,,,Disabled,ALL,,,Disabled,Disabled,N.A,Disabled,,Disabled,,Disabled,,,"Admin|Self|HRBP|Vice President|Ragini|Deepta Mathur Employee Data View|Yogesh Employee Data View|Chaithra Palladka & Rina Patel|Shreshta Alawandi Employee Data and Confirmation||Jennifer Employee Data View & Onboarding","Admin|HRBP|Deepta Mathur Employee Data View||Jennifer Employee Data View & Onboarding","Admin|HRBP|Deepta Mathur Employee Data View||Jennifer Employee Data View & Onboarding",Admin,,,,Disabled,Disabled,,Enabled,Disabled,Enabled,Disabled,Disabled,Disabled,Disabled,Disabled,Disabled,Disabled,Disabled,,,,,All,,NA,,NA,NA
"Personal Identity",personal_identity,16,"Taxpayer ID Number (NIF) (Portugal)",portugal_taxpayer_id_number,204,No,,,,Disabled,ALL,,,Disabled,Disabled,N.A,Disabled,,Disabled,,Disabled,,,"Admin|Self|HRBP|Vice President|Ragini|Deepta Mathur Employee Data View|Yogesh Employee Data View|Chaithra Palladka & Rina Patel|Shreshta Alawandi Employee Data and Confirmation||Jennifer Employee Data View & Onboarding","Admin|HRBP|Deepta Mathur Employee Data View||Jennifer Employee Data View & Onboarding","Admin|HRBP|Deepta Mathur Employee Data View||Jennifer Employee Data View & Onboarding",Admin,,,,Disabled,Disabled,,Enabled,Disabled,Enabled,Disabled,Disabled,Disabled,Disabled,Disabled,Disabled,Disabled,Disabled,,,,,All,,NA,,NA,NA
"Personal Identity",personal_identity,16,"Social Security Number (Puerto Rico)",puerto_rico_social_security_number,205,No,,,,Disabled,ALL,,,Disabled,Disabled,N.A,Disabled,,Disabled,,Disabled,,,"Admin|Self|HRBP|Vice President|Ragini|Deepta Mathur Employee Data View|Yogesh Employee Data View|Chaithra Palladka & Rina Patel|Shreshta Alawandi Employee Data and Confirmation||Jennifer Employee Data View & Onboarding","Admin|HRBP|Deepta Mathur Employee Data View||Jennifer Employee Data View & Onboarding","Admin|HRBP|Deepta Mathur Employee Data View||Jennifer Employee Data View & Onboarding",Admin,,,,Disabled,Disabled,,Enabled,Disabled,Enabled,Disabled,Disabled,Disabled,Disabled,Disabled,Disabled,Disabled,Disabled,,,,,All,,NA,,NA,NA
"Personal Identity",personal_identity,16,"National ID Number (Rwanda)",rwanda_national_id_number,206,No,,,,Disabled,ALL,,,Disabled,Disabled,N.A,Disabled,,Disabled,,Disabled,,,"Admin|Self|HRBP|Vice President|Ragini|Deepta Mathur Employee Data View|Yogesh Employee Data View|Chaithra Palladka & Rina Patel|Shreshta Alawandi Employee Data and Confirmation||Jennifer Employee Data View & Onboarding","Admin|HRBP|Deepta Mathur Employee Data View||Jennifer Employee Data View & Onboarding","Admin|HRBP|Deepta Mathur Employee Data View||Jennifer Employee Data View & Onboarding",Admin,,,,Disabled,Disabled,,Enabled,Disabled,Enabled,Disabled,Disabled,Disabled,Disabled,Disabled,Disabled,Disabled,Disabled,,,,,All,,NA,,NA,NA
"Personal Identity",personal_identity,16,"Social Security Number (Rwanda)",rwanda_social_security_number,207,No,,,,Disabled,ALL,,,Disabled,Disabled,N.A,Disabled,,Disabled,,Disabled,,,"Admin|Self|HRBP|Vice President|Ragini|Deepta Mathur Employee Data View|Yogesh Employee Data View|Chaithra Palladka & Rina Patel|Shreshta Alawandi Employee Data and Confirmation||Jennifer Employee Data View & Onboarding","Admin|HRBP|Deepta Mathur Employee Data View||Jennifer Employee Data View & Onboarding","Admin|HRBP|Deepta Mathur Employee Data View||Jennifer Employee Data View & Onboarding",Admin,,,,Disabled,Disabled,,Enabled,Disabled,Enabled,Disabled,Disabled,Disabled,Disabled,Disabled,Disabled,Disabled,Disabled,,,,,All,,NA,,NA,NA
"Personal Identity",personal_identity,16,"National ID Card Number (Saint Kitts and Nevis)",saint_kitts_and_nevis_national_id_card_number,208,No,,,,Disabled,ALL,,,Disabled,Disabled,N.A,Disabled,,Disabled,,Disabled,,,"Admin|Self|HRBP|Vice President|Ragini|Deepta Mathur Employee Data View|Yogesh Employee Data View|Chaithra Palladka & Rina Patel|Shreshta Alawandi Employee Data and Confirmation||Jennifer Employee Data View & Onboarding","Admin|HRBP|Deepta Mathur Employee Data View||Jennifer Employee Data View & Onboarding","Admin|HRBP|Deepta Mathur Employee Data View||Jennifer Employee Data View & Onboarding",Admin,,,,Disabled,Disabled,,Enabled,Disabled,Enabled,Disabled,Disabled,Disabled,Disabled,Disabled,Disabled,Disabled,Disabled,,,,,All,,NA,,NA,NA
"Personal Identity",personal_identity,16,"National Identity Card Number (Senegal)",senegal_national_identity_card_number,209,No,,,,Disabled,ALL,,,Disabled,Disabled,N.A,Disabled,,Disabled,,Disabled,,,"Admin|Self|HRBP|Vice President|Ragini|Deepta Mathur Employee Data View|Yogesh Employee Data View|Chaithra Palladka & Rina Patel|Shreshta Alawandi Employee Data and Confirmation||Jennifer Employee Data View & Onboarding","Admin|HRBP|Deepta Mathur Employee Data View||Jennifer Employee Data View & Onboarding","Admin|HRBP|Deepta Mathur Employee Data View||Jennifer Employee Data View & Onboarding",Admin,,,,Disabled,Disabled,,Enabled,Disabled,Enabled,Disabled,Disabled,Disabled,Disabled,Disabled,Disabled,Disabled,Disabled,,,,,All,,NA,,NA,NA
"Personal Identity",personal_identity,16,"Unique Master Citizen Number (JMBG) (Serbia)",serbia_unique_master_citizen_number,210,No,,,,Disabled,ALL,,,Disabled,Disabled,N.A,Disabled,,Disabled,,Disabled,,,"Admin|Self|HRBP|Vice President|Ragini|Deepta Mathur Employee Data View|Yogesh Employee Data View|Chaithra Palladka & Rina Patel|Shreshta Alawandi Employee Data and Confirmation||Jennifer Employee Data View & Onboarding","Admin|HRBP|Deepta Mathur Employee Data View||Jennifer Employee Data View & Onboarding","Admin|HRBP|Deepta Mathur Employee Data View||Jennifer Employee Data View & Onboarding",Admin,,,,Disabled,Disabled,,Enabled,Disabled,Enabled,Disabled,Disabled,Disabled,Disabled,Disabled,Disabled,Disabled,Disabled,,,,,All,,NA,,NA,NA
"Personal Identity",personal_identity,16,"National Identity Number (Seychelles)",seychelles_national_identity_number,211,No,,,,Disabled,ALL,,,Disabled,Disabled,N.A,Disabled,,Disabled,,Disabled,,,"Admin|Self|HRBP|Vice President|Ragini|Deepta Mathur Employee Data View|Yogesh Employee Data View|Chaithra Palladka & Rina Patel|Shreshta Alawandi Employee Data and Confirmation||Jennifer Employee Data View & Onboarding","Admin|HRBP|Deepta Mathur Employee Data View||Jennifer Employee Data View & Onboarding","Admin|HRBP|Deepta Mathur Employee Data View||Jennifer Employee Data View & Onboarding",Admin,,,,Disabled,Disabled,,Enabled,Disabled,Enabled,Disabled,Disabled,Disabled,Disabled,Disabled,Disabled,Disabled,Disabled,,,,,All,,NA,,NA,NA
"Personal Identity",personal_identity,16,"NASSIT - Social Security Number (Sierra Leone)",sierra_leone_nassit_social_security_number,212,No,,,,Disabled,ALL,,,Disabled,Disabled,N.A,Disabled,,Disabled,,Disabled,,,"Admin|Self|HRBP|Vice President|Ragini|Deepta Mathur Employee Data View|Yogesh Employee Data View|Chaithra Palladka & Rina Patel|Shreshta Alawandi Employee Data and Confirmation||Jennifer Employee Data View & Onboarding","Admin|HRBP|Deepta Mathur Employee Data View||Jennifer Employee Data View & Onboarding","Admin|HRBP|Deepta Mathur Employee Data View||Jennifer Employee Data View & Onboarding",Admin,,,,Disabled,Disabled,,Enabled,Disabled,Enabled,Disabled,Disabled,Disabled,Disabled,Disabled,Disabled,Disabled,Disabled,,,,,All,,NA,,NA,NA
"Personal Identity",personal_identity,16,"National Identity Card Number (Sierra Leone)",sierra_leone_national_identity_card_number,213,No,,,,Disabled,ALL,,,Disabled,Disabled,N.A,Disabled,,Disabled,,Disabled,,,"Admin|Self|HRBP|Vice President|Ragini|Deepta Mathur Employee Data View|Yogesh Employee Data View|Chaithra Palladka & Rina Patel|Shreshta Alawandi Employee Data and Confirmation||Jennifer Employee Data View & Onboarding","Admin|HRBP|Deepta Mathur Employee Data View||Jennifer Employee Data View & Onboarding","Admin|HRBP|Deepta Mathur Employee Data View||Jennifer Employee Data View & Onboarding",Admin,,,,Disabled,Disabled,,Enabled,Disabled,Enabled,Disabled,Disabled,Disabled,Disabled,Disabled,Disabled,Disabled,Disabled,,,,,All,,NA,,NA,NA
"Personal Identity",personal_identity,16,"ID Card (ČOP) Number (Slovakia)",slovakia_id_card_number,214,No,,,,Disabled,ALL,,,Disabled,Disabled,N.A,Disabled,,Disabled,,Disabled,,,"Admin|Self|HRBP|Vice President|Ragini|Deepta Mathur Employee Data View|Yogesh Employee Data View|Chaithra Palladka & Rina Patel|Shreshta Alawandi Employee Data and Confirmation||Jennifer Employee Data View & Onboarding","Admin|HRBP|Deepta Mathur Employee Data View||Jennifer Employee Data View & Onboarding","Admin|HRBP|Deepta Mathur Employee Data View||Jennifer Employee Data View & Onboarding",Admin,,,,Disabled,Disabled,,Enabled,Disabled,Enabled,Disabled,Disabled,Disabled,Disabled,Disabled,Disabled,Disabled,Disabled,,,,,All,,NA,,NA,NA
"Personal Identity",personal_identity,16,"Personal ID Number (RČ) (Slovakia)",slovakia_personal_id_card_number,215,No,,,,Disabled,ALL,,,Disabled,Disabled,N.A,Disabled,,Disabled,,Disabled,,,"Admin|Self|HRBP|Vice President|Ragini|Deepta Mathur Employee Data View|Yogesh Employee Data View|Chaithra Palladka & Rina Patel|Shreshta Alawandi Employee Data and Confirmation||Jennifer Employee Data View & Onboarding","Admin|HRBP|Deepta Mathur Employee Data View||Jennifer Employee Data View & Onboarding","Admin|HRBP|Deepta Mathur Employee Data View||Jennifer Employee Data View & Onboarding",Admin,,,,Disabled,Disabled,,Enabled,Disabled,Enabled,Disabled,Disabled,Disabled,Disabled,Disabled,Disabled,Disabled,Disabled,,,,,All,,NA,,NA,NA
"Personal Identity",personal_identity,16,"Residence Permit (ENG) (Slovakia)",slovakia_residence_permit_number,216,No,,,,Disabled,ALL,,,Disabled,Disabled,N.A,Disabled,,Disabled,,Disabled,,,"Admin|Self|HRBP|Vice President|Ragini|Deepta Mathur Employee Data View|Yogesh Employee Data View|Chaithra Palladka & Rina Patel|Shreshta Alawandi Employee Data and Confirmation||Jennifer Employee Data View & Onboarding","Admin|HRBP|Deepta Mathur Employee Data View||Jennifer Employee Data View & Onboarding","Admin|HRBP|Deepta Mathur Employee Data View||Jennifer Employee Data View & Onboarding",Admin,,,,Disabled,Disabled,,Enabled,Disabled,Enabled,Disabled,Disabled,Disabled,Disabled,Disabled,Disabled,Disabled,Disabled,,,,,All,,NA,,NA,NA
"Personal Identity",personal_identity,16,"Unique Master Citizen Number (EMŠO) (Slovenia)",slovenia_unique_master_citizen_number,217,No,,,,Disabled,ALL,,,Disabled,Disabled,N.A,Disabled,,Disabled,,Disabled,,,"Admin|Self|HRBP|Vice President|Ragini|Deepta Mathur Employee Data View|Yogesh Employee Data View|Chaithra Palladka & Rina Patel|Shreshta Alawandi Employee Data and Confirmation||Jennifer Employee Data View & Onboarding","Admin|HRBP|Deepta Mathur Employee Data View||Jennifer Employee Data View & Onboarding","Admin|HRBP|Deepta Mathur Employee Data View||Jennifer Employee Data View & Onboarding",Admin,,,,Disabled,Disabled,,Enabled,Disabled,Enabled,Disabled,Disabled,Disabled,Disabled,Disabled,Disabled,Disabled,Disabled,,,,,All,,NA,,NA,NA
"Personal Identity",personal_identity,16,"National Identification (Lambarka Qaranka) Number (Somalia)",somalia_national_identification_number,218,No,,,,Disabled,ALL,,,Disabled,Disabled,N.A,Disabled,,Disabled,,Disabled,,,"Admin|Self|HRBP|Vice President|Ragini|Deepta Mathur Employee Data View|Yogesh Employee Data View|Chaithra Palladka & Rina Patel|Shreshta Alawandi Employee Data and Confirmation||Jennifer Employee Data View & Onboarding","Admin|HRBP|Deepta Mathur Employee Data View||Jennifer Employee Data View & Onboarding","Admin|HRBP|Deepta Mathur Employee Data View||Jennifer Employee Data View & Onboarding",Admin,,,,Disabled,Disabled,,Enabled,Disabled,Enabled,Disabled,Disabled,Disabled,Disabled,Disabled,Disabled,Disabled,Disabled,,,,,All,,NA,,NA,NA
"Personal Identity",personal_identity,16,"ID Number (South Africa)",south_africa_id_number,219,No,,,,Disabled,ALL,,,Disabled,Disabled,N.A,Disabled,,Disabled,,Disabled,,,"Admin|Self|HRBP|Vice President|Ragini|Deepta Mathur Employee Data View|Yogesh Employee Data View|Chaithra Palladka & Rina Patel|Shreshta Alawandi Employee Data and Confirmation||Jennifer Employee Data View & Onboarding","Admin|HRBP|Deepta Mathur Employee Data View||Jennifer Employee Data View & Onboarding","Admin|HRBP|Deepta Mathur Employee Data View||Jennifer Employee Data View & Onboarding",Admin,,,,Disabled,Disabled,,Enabled,Disabled,Enabled,Disabled,Disabled,Disabled,Disabled,Disabled,Disabled,Disabled,Disabled,,,,,All,,NA,,NA,NA
"Personal Identity",personal_identity,16,"Tax Reference Number (South Africa)",south_africa_tax_reference_number,220,No,,,,Disabled,ALL,,,Disabled,Disabled,N.A,Disabled,,Disabled,,Disabled,,,"Admin|Self|HRBP|Vice President|Ragini|Deepta Mathur Employee Data View|Yogesh Employee Data View|Chaithra Palladka & Rina Patel|Shreshta Alawandi Employee Data and Confirmation||Jennifer Employee Data View & Onboarding","Admin|HRBP|Deepta Mathur Employee Data View||Jennifer Employee Data View & Onboarding","Admin|HRBP|Deepta Mathur Employee Data View||Jennifer Employee Data View & Onboarding",Admin,,,,Disabled,Disabled,,Enabled,Disabled,Enabled,Disabled,Disabled,Disabled,Disabled,Disabled,Disabled,Disabled,Disabled,,,,,All,,NA,,NA,NA
"Personal Identity",personal_identity,16,"Identity Card Number (South Sudan)",southsudan_identity_number,221,No,,,,Disabled,ALL,,,Disabled,Disabled,N.A,Disabled,,Disabled,,Disabled,,,"Admin|Self|HRBP|Vice President|Ragini|Deepta Mathur Employee Data View|Yogesh Employee Data View|Chaithra Palladka & Rina Patel|Shreshta Alawandi Employee Data and Confirmation||Jennifer Employee Data View & Onboarding","Admin|HRBP|Deepta Mathur Employee Data View||Jennifer Employee Data View & Onboarding","Admin|HRBP|Deepta Mathur Employee Data View||Jennifer Employee Data View & Onboarding",Admin,,,,Disabled,Disabled,,Enabled,Disabled,Enabled,Disabled,Disabled,Disabled,Disabled,Disabled,Disabled,Disabled,Disabled,,,,,All,,NA,,NA,NA
"Personal Identity",personal_identity,16,"Nationality Certificate (South Sudan)",southsudan_national_certificate_number,222,No,,,,Disabled,ALL,,,Disabled,Disabled,N.A,Disabled,,Disabled,,Disabled,,,"Admin|Self|HRBP|Vice President|Ragini|Deepta Mathur Employee Data View|Yogesh Employee Data View|Chaithra Palladka & Rina Patel|Shreshta Alawandi Employee Data and Confirmation||Jennifer Employee Data View & Onboarding","Admin|HRBP|Deepta Mathur Employee Data View||Jennifer Employee Data View & Onboarding","Admin|HRBP|Deepta Mathur Employee Data View||Jennifer Employee Data View & Onboarding",Admin,,,,Disabled,Disabled,,Enabled,Disabled,Enabled,Disabled,Disabled,Disabled,Disabled,Disabled,Disabled,Disabled,Disabled,,,,,All,,NA,,NA,NA
"Personal Identity",personal_identity,16,"Alien Identification Number (NIE) (Spain)",spain_alien_number,223,No,,,,Disabled,ALL,,,Disabled,Disabled,N.A,Disabled,,Disabled,,Disabled,,,"Admin|Self|HRBP|Vice President|Ragini|Deepta Mathur Employee Data View|Yogesh Employee Data View|Chaithra Palladka & Rina Patel|Shreshta Alawandi Employee Data and Confirmation||Jennifer Employee Data View & Onboarding","Admin|HRBP|Deepta Mathur Employee Data View||Jennifer Employee Data View & Onboarding","Admin|HRBP|Deepta Mathur Employee Data View||Jennifer Employee Data View & Onboarding",Admin,,,,Disabled,Disabled,,Enabled,Disabled,Enabled,Disabled,Disabled,Disabled,Disabled,Disabled,Disabled,Disabled,Disabled,,,,,All,,NA,,NA,NA
"Personal Identity",personal_identity,16,"ID Card (DNI) Number (Spain)",spain_id_number,224,No,,,,Disabled,ALL,,,Disabled,Disabled,N.A,Disabled,,Disabled,,Disabled,,,"Admin|Self|HRBP|Vice President|Ragini|Deepta Mathur Employee Data View|Yogesh Employee Data View|Chaithra Palladka & Rina Patel|Shreshta Alawandi Employee Data and Confirmation||Jennifer Employee Data View & Onboarding","Admin|HRBP|Deepta Mathur Employee Data View||Jennifer Employee Data View & Onboarding","Admin|HRBP|Deepta Mathur Employee Data View||Jennifer Employee Data View & Onboarding",Admin,,,,Disabled,Disabled,,Enabled,Disabled,Enabled,Disabled,Disabled,Disabled,Disabled,Disabled,Disabled,Disabled,Disabled,,,,,All,,NA,,NA,NA
"Personal Identity",personal_identity,16,"Social Security Number (NSS) (Spain)",spain_socail_security_number,225,No,,,,Disabled,ALL,,,Disabled,Disabled,N.A,Disabled,,Disabled,,Disabled,,,"Admin|Self|HRBP|Vice President|Ragini|Deepta Mathur Employee Data View|Yogesh Employee Data View|Chaithra Palladka & Rina Patel|Shreshta Alawandi Employee Data and Confirmation||Jennifer Employee Data View & Onboarding","Admin|HRBP|Deepta Mathur Employee Data View||Jennifer Employee Data View & Onboarding","Admin|HRBP|Deepta Mathur Employee Data View||Jennifer Employee Data View & Onboarding",Admin,,,,Disabled,Disabled,,Enabled,Disabled,Enabled,Disabled,Disabled,Disabled,Disabled,Disabled,Disabled,Disabled,Disabled,,,,,All,,NA,,NA,NA
"Personal Identity",personal_identity,16,"Tax Identification Number (NIF) (Spain)",spain_tax_identification_number,226,No,,,,Disabled,ALL,,,Disabled,Disabled,N.A,Disabled,,Disabled,,Disabled,,,"Admin|Self|HRBP|Vice President|Ragini|Deepta Mathur Employee Data View|Yogesh Employee Data View|Chaithra Palladka & Rina Patel|Shreshta Alawandi Employee Data and Confirmation||Jennifer Employee Data View & Onboarding","Admin|HRBP|Deepta Mathur Employee Data View||Jennifer Employee Data View & Onboarding","Admin|HRBP|Deepta Mathur Employee Data View||Jennifer Employee Data View & Onboarding",Admin,,,,Disabled,Disabled,,Enabled,Disabled,Enabled,Disabled,Disabled,Disabled,Disabled,Disabled,Disabled,Disabled,Disabled,,,,,All,,NA,,NA,NA
"Personal Identity",personal_identity,16,"National ID Number (NID) (Sudan)",sudan_national_id_number,227,No,,,,Disabled,ALL,,,Disabled,Disabled,N.A,Disabled,,Disabled,,Disabled,,,"Admin|Self|HRBP|Vice President|Ragini|Deepta Mathur Employee Data View|Yogesh Employee Data View|Chaithra Palladka & Rina Patel|Shreshta Alawandi Employee Data and Confirmation||Jennifer Employee Data View & Onboarding","Admin|HRBP|Deepta Mathur Employee Data View||Jennifer Employee Data View & Onboarding","Admin|HRBP|Deepta Mathur Employee Data View||Jennifer Employee Data View & Onboarding",Admin,,,,Disabled,Disabled,,Enabled,Disabled,Enabled,Disabled,Disabled,Disabled,Disabled,Disabled,Disabled,Disabled,Disabled,,,,,All,,NA,,NA,NA
"Personal Identity",personal_identity,16,"Identity Card (Identiteitskaart) (Suriname)",suriname_identity_number,228,No,,,,Disabled,ALL,,,Disabled,Disabled,N.A,Disabled,,Disabled,,Disabled,,,"Admin|Self|HRBP|Vice President|Ragini|Deepta Mathur Employee Data View|Yogesh Employee Data View|Chaithra Palladka & Rina Patel|Shreshta Alawandi Employee Data and Confirmation||Jennifer Employee Data View & Onboarding","Admin|HRBP|Deepta Mathur Employee Data View||Jennifer Employee Data View & Onboarding","Admin|HRBP|Deepta Mathur Employee Data View||Jennifer Employee Data View & Onboarding",Admin,,,,Disabled,Disabled,,Enabled,Disabled,Enabled,Disabled,Disabled,Disabled,Disabled,Disabled,Disabled,Disabled,Disabled,,,,,All,,NA,,NA,NA
"Personal Identity",personal_identity,16,"Personal ID Number (Personnummer) (Sweden)",sweden_personal_id_number,229,No,,,,Disabled,ALL,,,Disabled,Disabled,N.A,Disabled,,Disabled,,Disabled,,,"Admin|Self|HRBP|Vice President|Ragini|Deepta Mathur Employee Data View|Yogesh Employee Data View|Chaithra Palladka & Rina Patel|Shreshta Alawandi Employee Data and Confirmation||Jennifer Employee Data View & Onboarding","Admin|HRBP|Deepta Mathur Employee Data View||Jennifer Employee Data View & Onboarding","Admin|HRBP|Deepta Mathur Employee Data View||Jennifer Employee Data View & Onboarding",Admin,,,,Disabled,Disabled,,Enabled,Disabled,Enabled,Disabled,Disabled,Disabled,Disabled,Disabled,Disabled,Disabled,Disabled,,,,,All,,NA,,NA,NA
"Personal Identity",personal_identity,16,"Social Insurance Number (AHV/AVS) (Switzerland)",switzerland_socail_insurance_number,230,No,,,,Disabled,ALL,,,Disabled,Disabled,N.A,Disabled,,Disabled,,Disabled,,,"Admin|Self|HRBP|Vice President|Ragini|Deepta Mathur Employee Data View|Yogesh Employee Data View|Chaithra Palladka & Rina Patel|Shreshta Alawandi Employee Data and Confirmation||Jennifer Employee Data View & Onboarding","Admin|HRBP|Deepta Mathur Employee Data View||Jennifer Employee Data View & Onboarding","Admin|HRBP|Deepta Mathur Employee Data View||Jennifer Employee Data View & Onboarding",Admin,,,,Disabled,Disabled,,Enabled,Disabled,Enabled,Disabled,Disabled,Disabled,Disabled,Disabled,Disabled,Disabled,Disabled,,,,,All,,NA,,NA,NA
"Personal Identity",personal_identity,16,"National Number (Syria)",syria_national_number,231,No,,,,Disabled,ALL,,,Disabled,Disabled,N.A,Disabled,,Disabled,,Disabled,,,"Admin|Self|HRBP|Vice President|Ragini|Deepta Mathur Employee Data View|Yogesh Employee Data View|Chaithra Palladka & Rina Patel|Shreshta Alawandi Employee Data and Confirmation||Jennifer Employee Data View & Onboarding","Admin|HRBP|Deepta Mathur Employee Data View||Jennifer Employee Data View & Onboarding","Admin|HRBP|Deepta Mathur Employee Data View||Jennifer Employee Data View & Onboarding",Admin,,,,Disabled,Disabled,,Enabled,Disabled,Enabled,Disabled,Disabled,Disabled,Disabled,Disabled,Disabled,Disabled,Disabled,,,,,All,,NA,,NA,NA
"Personal Identity",personal_identity,16,"National Identity Card Number (PSSSF) (Tanzania)",tanzania_national_id_number,232,No,,,,Disabled,ALL,,,Disabled,Disabled,N.A,Disabled,,Disabled,,Disabled,,,"Admin|Self|HRBP|Vice President|Ragini|Deepta Mathur Employee Data View|Yogesh Employee Data View|Chaithra Palladka & Rina Patel|Shreshta Alawandi Employee Data and Confirmation||Jennifer Employee Data View & Onboarding","Admin|HRBP|Deepta Mathur Employee Data View||Jennifer Employee Data View & Onboarding","Admin|HRBP|Deepta Mathur Employee Data View||Jennifer Employee Data View & Onboarding",Admin,,,,Disabled,Disabled,,Enabled,Disabled,Enabled,Disabled,Disabled,Disabled,Disabled,Disabled,Disabled,Disabled,Disabled,,,,,All,,NA,,NA,NA
"Personal Identity",personal_identity,16,"National Social Security Fund (NSSF) Number (Tanzania)",tanzania_national_socail_security_number,233,No,,,,Disabled,ALL,,,Disabled,Disabled,N.A,Disabled,,Disabled,,Disabled,,,"Admin|Self|HRBP|Vice President|Ragini|Deepta Mathur Employee Data View|Yogesh Employee Data View|Chaithra Palladka & Rina Patel|Shreshta Alawandi Employee Data and Confirmation||Jennifer Employee Data View & Onboarding","Admin|HRBP|Deepta Mathur Employee Data View||Jennifer Employee Data View & Onboarding","Admin|HRBP|Deepta Mathur Employee Data View||Jennifer Employee Data View & Onboarding",Admin,,,,Disabled,Disabled,,Enabled,Disabled,Enabled,Disabled,Disabled,Disabled,Disabled,Disabled,Disabled,Disabled,Disabled,,,,,All,,NA,,NA,NA
"Personal Identity",personal_identity,16,"Parastatal Pension Fund (PPF) Number (Tanzania)",tanzania_parastatal_pension_number,234,No,,,,Disabled,ALL,,,Disabled,Disabled,N.A,Disabled,,Disabled,,Disabled,,,"Admin|Self|HRBP|Vice President|Ragini|Deepta Mathur Employee Data View|Yogesh Employee Data View|Chaithra Palladka & Rina Patel|Shreshta Alawandi Employee Data and Confirmation||Jennifer Employee Data View & Onboarding","Admin|HRBP|Deepta Mathur Employee Data View||Jennifer Employee Data View & Onboarding","Admin|HRBP|Deepta Mathur Employee Data View||Jennifer Employee Data View & Onboarding",Admin,,,,Disabled,Disabled,,Enabled,Disabled,Enabled,Disabled,Disabled,Disabled,Disabled,Disabled,Disabled,Disabled,Disabled,,,,,All,,NA,,NA,NA
"Personal Identity",personal_identity,16,"National Identity Card (Togo)",togo_national_id_number,235,No,,,,Disabled,ALL,,,Disabled,Disabled,N.A,Disabled,,Disabled,,Disabled,,,"Admin|Self|HRBP|Vice President|Ragini|Deepta Mathur Employee Data View|Yogesh Employee Data View|Chaithra Palladka & Rina Patel|Shreshta Alawandi Employee Data and Confirmation||Jennifer Employee Data View & Onboarding","Admin|HRBP|Deepta Mathur Employee Data View||Jennifer Employee Data View & Onboarding","Admin|HRBP|Deepta Mathur Employee Data View||Jennifer Employee Data View & Onboarding",Admin,,,,Disabled,Disabled,,Enabled,Disabled,Enabled,Disabled,Disabled,Disabled,Disabled,Disabled,Disabled,Disabled,Disabled,,,,,All,,NA,,NA,NA
"Personal Identity",personal_identity,16,"Social Security Number (CNSS) (Togo)",togo_social_security_number,236,No,,,,Disabled,ALL,,,Disabled,Disabled,N.A,Disabled,,Disabled,,Disabled,,,"Admin|Self|HRBP|Vice President|Ragini|Deepta Mathur Employee Data View|Yogesh Employee Data View|Chaithra Palladka & Rina Patel|Shreshta Alawandi Employee Data and Confirmation||Jennifer Employee Data View & Onboarding","Admin|HRBP|Deepta Mathur Employee Data View||Jennifer Employee Data View & Onboarding","Admin|HRBP|Deepta Mathur Employee Data View||Jennifer Employee Data View & Onboarding",Admin,,,,Disabled,Disabled,,Enabled,Disabled,Enabled,Disabled,Disabled,Disabled,Disabled,Disabled,Disabled,Disabled,Disabled,,,,,All,,NA,,NA,NA
"Personal Identity",personal_identity,16,"National ID Card Number (Trinidad and Tobago)",trinidad_and_tobago_national_id_number,237,No,,,,Disabled,ALL,,,Disabled,Disabled,N.A,Disabled,,Disabled,,Disabled,,,"Admin|Self|HRBP|Vice President|Ragini|Deepta Mathur Employee Data View|Yogesh Employee Data View|Chaithra Palladka & Rina Patel|Shreshta Alawandi Employee Data and Confirmation||Jennifer Employee Data View & Onboarding","Admin|HRBP|Deepta Mathur Employee Data View||Jennifer Employee Data View & Onboarding","Admin|HRBP|Deepta Mathur Employee Data View||Jennifer Employee Data View & Onboarding",Admin,,,,Disabled,Disabled,,Enabled,Disabled,Enabled,Disabled,Disabled,Disabled,Disabled,Disabled,Disabled,Disabled,Disabled,,,,,All,,NA,,NA,NA
"Personal Identity",personal_identity,16,"National Insurance Number (Trinidad and Tobago)",trinidad_and_tobago_national_insurance_number,238,No,,,,Disabled,ALL,,,Disabled,Disabled,N.A,Disabled,,Disabled,,Disabled,,,"Admin|Self|HRBP|Vice President|Ragini|Deepta Mathur Employee Data View|Yogesh Employee Data View|Chaithra Palladka & Rina Patel|Shreshta Alawandi Employee Data and Confirmation||Jennifer Employee Data View & Onboarding","Admin|HRBP|Deepta Mathur Employee Data View||Jennifer Employee Data View & Onboarding","Admin|HRBP|Deepta Mathur Employee Data View||Jennifer Employee Data View & Onboarding",Admin,,,,Disabled,Disabled,,Enabled,Disabled,Enabled,Disabled,Disabled,Disabled,Disabled,Disabled,Disabled,Disabled,Disabled,,,,,All,,NA,,NA,NA
"Personal Identity",personal_identity,16,"ID Card Number (Tunisia)",tunisia_id_number,239,No,,,,Disabled,ALL,,,Disabled,Disabled,N.A,Disabled,,Disabled,,Disabled,,,"Admin|Self|HRBP|Vice President|Ragini|Deepta Mathur Employee Data View|Yogesh Employee Data View|Chaithra Palladka & Rina Patel|Shreshta Alawandi Employee Data and Confirmation||Jennifer Employee Data View & Onboarding","Admin|HRBP|Deepta Mathur Employee Data View||Jennifer Employee Data View & Onboarding","Admin|HRBP|Deepta Mathur Employee Data View||Jennifer Employee Data View & Onboarding",Admin,,,,Disabled,Disabled,,Enabled,Disabled,Enabled,Disabled,Disabled,Disabled,Disabled,Disabled,Disabled,Disabled,Disabled,,,,,All,,NA,,NA,NA
"Personal Identity",personal_identity,16,"National Identification Card (NIN) (Uganda)",uganda_national_identification_number,240,No,,,,Disabled,ALL,,,Disabled,Disabled,N.A,Disabled,,Disabled,,Disabled,,,"Admin|Self|HRBP|Vice President|Ragini|Deepta Mathur Employee Data View|Yogesh Employee Data View|Chaithra Palladka & Rina Patel|Shreshta Alawandi Employee Data and Confirmation||Jennifer Employee Data View & Onboarding","Admin|HRBP|Deepta Mathur Employee Data View||Jennifer Employee Data View & Onboarding","Admin|HRBP|Deepta Mathur Employee Data View||Jennifer Employee Data View & Onboarding",Admin,,,,Disabled,Disabled,,Enabled,Disabled,Enabled,Disabled,Disabled,Disabled,Disabled,Disabled,Disabled,Disabled,Disabled,,,,,All,,NA,,NA,NA
"Personal Identity",personal_identity,16,"Social Security (NSSF) Number (Uganda)",uganda_social_security_number,241,No,,,,Disabled,ALL,,,Disabled,Disabled,N.A,Disabled,,Disabled,,Disabled,,,"Admin|Self|HRBP|Vice President|Ragini|Deepta Mathur Employee Data View|Yogesh Employee Data View|Chaithra Palladka & Rina Patel|Shreshta Alawandi Employee Data and Confirmation||Jennifer Employee Data View & Onboarding","Admin|HRBP|Deepta Mathur Employee Data View||Jennifer Employee Data View & Onboarding","Admin|HRBP|Deepta Mathur Employee Data View||Jennifer Employee Data View & Onboarding",Admin,,,,Disabled,Disabled,,Enabled,Disabled,Enabled,Disabled,Disabled,Disabled,Disabled,Disabled,Disabled,Disabled,Disabled,,,,,All,,NA,,NA,NA
"Personal Identity",personal_identity,16,"Taxpayer Identification Number (TIN) (Uganda)",uganda_taxpayer_identification_number,242,No,,,,Disabled,ALL,,,Disabled,Disabled,N.A,Disabled,,Disabled,,Disabled,,,"Admin|Self|HRBP|Vice President|Ragini|Deepta Mathur Employee Data View|Yogesh Employee Data View|Chaithra Palladka & Rina Patel|Shreshta Alawandi Employee Data and Confirmation||Jennifer Employee Data View & Onboarding","Admin|HRBP|Deepta Mathur Employee Data View||Jennifer Employee Data View & Onboarding","Admin|HRBP|Deepta Mathur Employee Data View||Jennifer Employee Data View & Onboarding",Admin,,,,Disabled,Disabled,,Enabled,Disabled,Enabled,Disabled,Disabled,Disabled,Disabled,Disabled,Disabled,Disabled,Disabled,,,,,All,,NA,,NA,NA
"Personal Identity",personal_identity,16,"Identity Card Number (Uruguay)",uruguay_identity_number,243,No,,,,Disabled,ALL,,,Disabled,Disabled,N.A,Disabled,,Disabled,,Disabled,,,"Admin|Self|HRBP|Vice President|Ragini|Deepta Mathur Employee Data View|Yogesh Employee Data View|Chaithra Palladka & Rina Patel|Shreshta Alawandi Employee Data and Confirmation||Jennifer Employee Data View & Onboarding","Admin|HRBP|Deepta Mathur Employee Data View||Jennifer Employee Data View & Onboarding","Admin|HRBP|Deepta Mathur Employee Data View||Jennifer Employee Data View & Onboarding",Admin,,,,Disabled,Disabled,,Enabled,Disabled,Enabled,Disabled,Disabled,Disabled,Disabled,Disabled,Disabled,Disabled,Disabled,,,,,All,,NA,,NA,NA
"Personal Identity",personal_identity,16,"Voter Credentials (Series and Number) (Uruguay)",uruguay_voter_number,244,No,,,,Disabled,ALL,,,Disabled,Disabled,N.A,Disabled,,Disabled,,Disabled,,,"Admin|Self|HRBP|Vice President|Ragini|Deepta Mathur Employee Data View|Yogesh Employee Data View|Chaithra Palladka & Rina Patel|Shreshta Alawandi Employee Data and Confirmation||Jennifer Employee Data View & Onboarding","Admin|HRBP|Deepta Mathur Employee Data View||Jennifer Employee Data View & Onboarding","Admin|HRBP|Deepta Mathur Employee Data View||Jennifer Employee Data View & Onboarding",Admin,,,,Disabled,Disabled,,Enabled,Disabled,Enabled,Disabled,Disabled,Disabled,Disabled,Disabled,Disabled,Disabled,Disabled,,,,,All,,NA,,NA,NA
"Personal Identity",personal_identity,16,"National ID Card (Vanuatu)",vanuatu_national_number,245,No,,,,Disabled,ALL,,,Disabled,Disabled,N.A,Disabled,,Disabled,,Disabled,,,"Admin|Self|HRBP|Vice President|Ragini|Deepta Mathur Employee Data View|Yogesh Employee Data View|Chaithra Palladka & Rina Patel|Shreshta Alawandi Employee Data and Confirmation||Jennifer Employee Data View & Onboarding","Admin|HRBP|Deepta Mathur Employee Data View||Jennifer Employee Data View & Onboarding","Admin|HRBP|Deepta Mathur Employee Data View||Jennifer Employee Data View & Onboarding",Admin,,,,Disabled,Disabled,,Enabled,Disabled,Enabled,Disabled,Disabled,Disabled,Disabled,Disabled,Disabled,Disabled,Disabled,,,,,All,,NA,,NA,NA
"Personal Identity",personal_identity,16,"Identity Card Number (Venezuela)",venezuela_identity_number,246,No,,,,Disabled,ALL,,,Disabled,Disabled,N.A,Disabled,,Disabled,,Disabled,,,"Admin|Self|HRBP|Vice President|Ragini|Deepta Mathur Employee Data View|Yogesh Employee Data View|Chaithra Palladka & Rina Patel|Shreshta Alawandi Employee Data and Confirmation||Jennifer Employee Data View & Onboarding","Admin|HRBP|Deepta Mathur Employee Data View||Jennifer Employee Data View & Onboarding","Admin|HRBP|Deepta Mathur Employee Data View||Jennifer Employee Data View & Onboarding",Admin,,,,Disabled,Disabled,,Enabled,Disabled,Enabled,Disabled,Disabled,Disabled,Disabled,Disabled,Disabled,Disabled,Disabled,,,,,All,,NA,,NA,NA
"Personal Identity",personal_identity,16,"Taxpayer Number (RIF) (Venezuela)",venezuela_taxpayer_number,247,No,,,,Disabled,ALL,,,Disabled,Disabled,N.A,Disabled,,Disabled,,Disabled,,,"Admin|Self|HRBP|Vice President|Ragini|Deepta Mathur Employee Data View|Yogesh Employee Data View|Chaithra Palladka & Rina Patel|Shreshta Alawandi Employee Data and Confirmation||Jennifer Employee Data View & Onboarding","Admin|HRBP|Deepta Mathur Employee Data View||Jennifer Employee Data View & Onboarding","Admin|HRBP|Deepta Mathur Employee Data View||Jennifer Employee Data View & Onboarding",Admin,,,,Disabled,Disabled,,Enabled,Disabled,Enabled,Disabled,Disabled,Disabled,Disabled,Disabled,Disabled,Disabled,Disabled,,,,,All,,NA,,NA,NA
"Personal Identity",personal_identity,16,"National ID Number (Yemen)",yemen_national_number,248,No,,,,Disabled,ALL,,,Disabled,Disabled,N.A,Disabled,,Disabled,,Disabled,,,"Admin|Self|HRBP|Vice President|Ragini|Deepta Mathur Employee Data View|Yogesh Employee Data View|Chaithra Palladka & Rina Patel|Shreshta Alawandi Employee Data and Confirmation||Jennifer Employee Data View & Onboarding","Admin|HRBP|Deepta Mathur Employee Data View||Jennifer Employee Data View & Onboarding","Admin|HRBP|Deepta Mathur Employee Data View||Jennifer Employee Data View & Onboarding",Admin,,,,Disabled,Disabled,,Enabled,Disabled,Enabled,Disabled,Disabled,Disabled,Disabled,Disabled,Disabled,Disabled,Disabled,,,,,All,,NA,,NA,NA
"Personal Identity",personal_identity,16,"National Registration Card (NRC) Number (Zambia)",zambia_national_registration_number,249,No,,,,Disabled,ALL,,,Disabled,Disabled,N.A,Disabled,,Disabled,,Disabled,,,"Admin|Self|HRBP|Vice President|Ragini|Deepta Mathur Employee Data View|Yogesh Employee Data View|Chaithra Palladka & Rina Patel|Shreshta Alawandi Employee Data and Confirmation||Jennifer Employee Data View & Onboarding","Admin|HRBP|Deepta Mathur Employee Data View||Jennifer Employee Data View & Onboarding","Admin|HRBP|Deepta Mathur Employee Data View||Jennifer Employee Data View & Onboarding",Admin,,,,Disabled,Disabled,,Enabled,Disabled,Enabled,Disabled,Disabled,Disabled,Disabled,Disabled,Disabled,Disabled,Disabled,,,,,All,,NA,,NA,NA
"Personal Identity",personal_identity,16,"Social Security Number (Zambia)",zambia_social_security_number,250,No,,,,Disabled,ALL,,,Disabled,Disabled,N.A,Disabled,,Disabled,,Disabled,,,"Admin|Self|HRBP|Vice President|Ragini|Deepta Mathur Employee Data View|Yogesh Employee Data View|Chaithra Palladka & Rina Patel|Shreshta Alawandi Employee Data and Confirmation||Jennifer Employee Data View & Onboarding","Admin|HRBP|Deepta Mathur Employee Data View||Jennifer Employee Data View & Onboarding","Admin|HRBP|Deepta Mathur Employee Data View||Jennifer Employee Data View & Onboarding",Admin,,,,Disabled,Disabled,,Enabled,Disabled,Enabled,Disabled,Disabled,Disabled,Disabled,Disabled,Disabled,Disabled,Disabled,,,,,All,,NA,,NA,NA
"Personal Identity",personal_identity,16,"Taxpayer Identification Number (TPIN) (Zambia)",zambia_taxpayer_number,251,No,,,,Disabled,ALL,,,Disabled,Disabled,N.A,Disabled,,Disabled,,Disabled,,,"Admin|Self|HRBP|Vice President|Ragini|Deepta Mathur Employee Data View|Yogesh Employee Data View|Chaithra Palladka & Rina Patel|Shreshta Alawandi Employee Data and Confirmation||Jennifer Employee Data View & Onboarding","Admin|HRBP|Deepta Mathur Employee Data View||Jennifer Employee Data View & Onboarding","Admin|HRBP|Deepta Mathur Employee Data View||Jennifer Employee Data View & Onboarding",Admin,,,,Disabled,Disabled,,Enabled,Disabled,Enabled,Disabled,Disabled,Disabled,Disabled,Disabled,Disabled,Disabled,Disabled,,,,,All,,NA,,NA,NA
"Personal Identity",personal_identity,16,"National ID Number (Zimbabwe)",zimbabwe_national_number,252,No,,,,Disabled,ALL,,,Disabled,Disabled,N.A,Disabled,,Disabled,,Disabled,,,"Admin|Self|HRBP|Vice President|Ragini|Deepta Mathur Employee Data View|Yogesh Employee Data View|Chaithra Palladka & Rina Patel|Shreshta Alawandi Employee Data and Confirmation||Jennifer Employee Data View & Onboarding","Admin|HRBP|Deepta Mathur Employee Data View||Jennifer Employee Data View & Onboarding","Admin|HRBP|Deepta Mathur Employee Data View||Jennifer Employee Data View & Onboarding",Admin,,,,Disabled,Disabled,,Enabled,Disabled,Enabled,Disabled,Disabled,Disabled,Disabled,Disabled,Disabled,Disabled,Disabled,,,,,All,,NA,,NA,NA
"Personal Identity",personal_identity,16,"National Social Security Authority Number (Zimbabwe)",zimbabwe_national_security_number,253,No,,,,Disabled,ALL,,,Disabled,Disabled,N.A,Disabled,,Disabled,,Disabled,,,"Admin|Self|HRBP|Vice President|Ragini|Deepta Mathur Employee Data View|Yogesh Employee Data View|Chaithra Palladka & Rina Patel|Shreshta Alawandi Employee Data and Confirmation||Jennifer Employee Data View & Onboarding","Admin|HRBP|Deepta Mathur Employee Data View||Jennifer Employee Data View & Onboarding","Admin|HRBP|Deepta Mathur Employee Data View||Jennifer Employee Data View & Onboarding",Admin,,,,Disabled,Disabled,,Enabled,Disabled,Enabled,Disabled,Disabled,Disabled,Disabled,Disabled,Disabled,Disabled,Disabled,,,,,All,,NA,,NA,NA
"Personal Identity",personal_identity,16,"Social Security Number (NSS) (Honduras)",honduras_social_security_number,254,No,,,,Disabled,ALL,,,Disabled,Disabled,N.A,Disabled,,Disabled,,Disabled,,,"Admin|Self|HRBP|Vice President|Ragini|Deepta Mathur Employee Data View|Yogesh Employee Data View|Chaithra Palladka & Rina Patel|Shreshta Alawandi Employee Data and Confirmation||Jennifer Employee Data View & Onboarding","Admin|HRBP|Deepta Mathur Employee Data View||Jennifer Employee Data View & Onboarding","Admin|HRBP|Deepta Mathur Employee Data View||Jennifer Employee Data View & Onboarding",Admin,,,,Disabled,Disabled,,Enabled,Disabled,Enabled,Disabled,Disabled,Disabled,Disabled,Disabled,Disabled,Disabled,Disabled,,,,,All,,NA,,NA,NA
"Personal Identity",personal_identity,16,"BPJS Ketenagakerjaan (Indonesia)",indonesia_BPJS_ketenagakerjaan_number,255,No,,,,Disabled,ALL,,,Disabled,Disabled,N.A,Disabled,,Disabled,,Disabled,,,"Admin|Self|HRBP|Vice President|Ragini|Deepta Mathur Employee Data View|Yogesh Employee Data View|Chaithra Palladka & Rina Patel|Shreshta Alawandi Employee Data and Confirmation||Jennifer Employee Data View & Onboarding","Admin|HRBP|Deepta Mathur Employee Data View||Jennifer Employee Data View & Onboarding","Admin|HRBP|Deepta Mathur Employee Data View||Jennifer Employee Data View & Onboarding",Admin,,,,Disabled,Disabled,,Enabled,Disabled,Enabled,Disabled,Disabled,Disabled,Disabled,Disabled,Disabled,Disabled,Disabled,,,,,All,,NA,,NA,NA
"Personal Identity",personal_identity,16,"Social Security Number (Nomor Jaminan Sosial) (Indonesia)",indonesia_social_security_number,256,No,,,,Disabled,ALL,,,Disabled,Disabled,N.A,Disabled,,Disabled,,Disabled,,,"Admin|Self|HRBP|Vice President|Ragini|Deepta Mathur Employee Data View|Yogesh Employee Data View|Chaithra Palladka & Rina Patel|Shreshta Alawandi Employee Data and Confirmation||Jennifer Employee Data View & Onboarding","Admin|HRBP|Deepta Mathur Employee Data View||Jennifer Employee Data View & Onboarding","Admin|HRBP|Deepta Mathur Employee Data View||Jennifer Employee Data View & Onboarding",Admin,,,,Disabled,Disabled,,Enabled,Disabled,Enabled,Disabled,Disabled,Disabled,Disabled,Disabled,Disabled,Disabled,Disabled,,,,,All,,NA,,NA,NA
"Personal Identity",personal_identity,16,"Tax Number (Nomor Pajak) (Indonesia)",indonesia_tax_number,257,No,,,,Disabled,ALL,,,Disabled,Disabled,N.A,Disabled,,Disabled,,Disabled,,,"Admin|Self|HRBP|Vice President|Ragini|Deepta Mathur Employee Data View|Yogesh Employee Data View|Chaithra Palladka & Rina Patel|Shreshta Alawandi Employee Data and Confirmation||Jennifer Employee Data View & Onboarding","Admin|HRBP|Deepta Mathur Employee Data View||Jennifer Employee Data View & Onboarding","Admin|HRBP|Deepta Mathur Employee Data View||Jennifer Employee Data View & Onboarding",Admin,,,,Disabled,Disabled,,Enabled,Disabled,Enabled,Disabled,Disabled,Disabled,Disabled,Disabled,Disabled,Disabled,Disabled,,,,,All,,NA,,NA,NA
"Personal Identity",personal_identity,16,"Pag-IBIG MID Number (Philippines)",philippines_pag_ibig_mid_number,258,No,,,,Disabled,ALL,,,Disabled,Disabled,N.A,Disabled,,Disabled,,Disabled,,,"Admin|Self|HRBP|Vice President|Ragini|Deepta Mathur Employee Data View|Yogesh Employee Data View|Chaithra Palladka & Rina Patel|Shreshta Alawandi Employee Data and Confirmation||Jennifer Employee Data View & Onboarding","Admin|HRBP|Deepta Mathur Employee Data View||Jennifer Employee Data View & Onboarding","Admin|HRBP|Deepta Mathur Employee Data View||Jennifer Employee Data View & Onboarding",Admin,,,,Disabled,Disabled,,Enabled,Disabled,Enabled,Disabled,Disabled,Disabled,Disabled,Disabled,Disabled,Disabled,Disabled,,,,,All,,NA,,NA,NA
"Personal Identity",personal_identity,16,"Social Security System (SSS) Number (Philippines)",philippines_social_security_number,259,No,,,,Disabled,ALL,,,Disabled,Disabled,N.A,Disabled,,Disabled,,Disabled,,,"Admin|Self|HRBP|Vice President|Ragini|Deepta Mathur Employee Data View|Yogesh Employee Data View|Chaithra Palladka & Rina Patel|Shreshta Alawandi Employee Data and Confirmation||Jennifer Employee Data View & Onboarding","Admin|HRBP|Deepta Mathur Employee Data View||Jennifer Employee Data View & Onboarding","Admin|HRBP|Deepta Mathur Employee Data View||Jennifer Employee Data View & Onboarding",Admin,,,,Disabled,Disabled,,Enabled,Disabled,Enabled,Disabled,Disabled,Disabled,Disabled,Disabled,Disabled,Disabled,Disabled,,,,,All,,NA,,NA,NA
"Personal Identity",personal_identity,16,"National Identity Number (New IC) (Malaysia)",malaysia_national_identity_ic_number,260,No,,,,Disabled,ALL,,,Disabled,Disabled,N.A,Disabled,,Disabled,,Disabled,,,"Admin|Self|HRBP|Vice President|Ragini|Deepta Mathur Employee Data View|Yogesh Employee Data View|Chaithra Palladka & Rina Patel|Shreshta Alawandi Employee Data and Confirmation||Jennifer Employee Data View & Onboarding","Admin|HRBP|Deepta Mathur Employee Data View||Jennifer Employee Data View & Onboarding","Admin|HRBP|Deepta Mathur Employee Data View||Jennifer Employee Data View & Onboarding",Admin,,,,Disabled,Disabled,,Enabled,Disabled,Enabled,Disabled,Disabled,Disabled,Disabled,Disabled,Disabled,Disabled,Disabled,,,,,All,,NA,,NA,NA
"Personal Identity",personal_identity,16,"National Identity Number (Old IC) (Malaysia)",malaysia_national_identity_old_ic_number,261,No,,,,Disabled,ALL,,,Disabled,Disabled,N.A,Disabled,,Disabled,,Disabled,,,"Admin|Self|HRBP|Vice President|Ragini|Deepta Mathur Employee Data View|Yogesh Employee Data View|Chaithra Palladka & Rina Patel|Shreshta Alawandi Employee Data and Confirmation||Jennifer Employee Data View & Onboarding","Admin|HRBP|Deepta Mathur Employee Data View||Jennifer Employee Data View & Onboarding","Admin|HRBP|Deepta Mathur Employee Data View||Jennifer Employee Data View & Onboarding",Admin,,,,Disabled,Disabled,,Enabled,Disabled,Enabled,Disabled,Disabled,Disabled,Disabled,Disabled,Disabled,Disabled,Disabled,,,,,All,,NA,,NA,NA
"Personal Identity",personal_identity,16,"SOCSO Number (Malaysia)",malaysia_socso_number,262,No,,,,Disabled,ALL,,,Disabled,Disabled,N.A,Disabled,,Disabled,,Disabled,,,"Admin|Self|HRBP|Vice President|Ragini|Deepta Mathur Employee Data View|Yogesh Employee Data View|Chaithra Palladka & Rina Patel|Shreshta Alawandi Employee Data and Confirmation||Jennifer Employee Data View & Onboarding","Admin|HRBP|Deepta Mathur Employee Data View||Jennifer Employee Data View & Onboarding","Admin|HRBP|Deepta Mathur Employee Data View||Jennifer Employee Data View & Onboarding",Admin,,,,Disabled,Disabled,,Enabled,Disabled,Enabled,Disabled,Disabled,Disabled,Disabled,Disabled,Disabled,Disabled,Disabled,,,,,All,,NA,,NA,NA
"Personal Identity",personal_identity,16,"Tax Reference Number (Nombor Cukai Pendapatan) (NCP) (Malaysia)",malaysia_tax_reference_number,263,No,,,,Disabled,ALL,,,Disabled,Disabled,N.A,Disabled,,Disabled,,Disabled,,,"Admin|Self|HRBP|Vice President|Ragini|Deepta Mathur Employee Data View|Yogesh Employee Data View|Chaithra Palladka & Rina Patel|Shreshta Alawandi Employee Data and Confirmation||Jennifer Employee Data View & Onboarding","Admin|HRBP|Deepta Mathur Employee Data View||Jennifer Employee Data View & Onboarding","Admin|HRBP|Deepta Mathur Employee Data View||Jennifer Employee Data View & Onboarding",Admin,,,,Disabled,Disabled,,Enabled,Disabled,Enabled,Disabled,Disabled,Disabled,Disabled,Disabled,Disabled,Disabled,Disabled,,,,,All,,NA,,NA,NA
"Personal Identity",personal_identity,16,"Social Security Number (SSN)(United States of America)",usa_social_security_number,264,No,,,,Disabled,ALL,,,Disabled,Disabled,N.A,Disabled,,Disabled,,Disabled,,,"Admin|Self|HRBP|Vice President|Ragini|Deepta Mathur Employee Data View|Yogesh Employee Data View|Chaithra Palladka & Rina Patel|Shreshta Alawandi Employee Data and Confirmation||Jennifer Employee Data View & Onboarding","Admin|HRBP|Deepta Mathur Employee Data View||Jennifer Employee Data View & Onboarding","Admin|HRBP|Deepta Mathur Employee Data View||Jennifer Employee Data View & Onboarding",Admin,,,,Disabled,Disabled,,Enabled,Disabled,Enabled,Disabled,Disabled,Disabled,Disabled,Disabled,Disabled,Disabled,Disabled,,,,,All,,NA,,NA,NA
"Personal Identity",personal_identity,16,"U.S. Individual Taxpayer Identification Number (ITIN) (United States of America)",usa_taxpayer_identification_number,265,No,,,,Disabled,ALL,,,Disabled,Disabled,N.A,Disabled,,Disabled,,Disabled,,,"Admin|Self|HRBP|Vice President|Ragini|Deepta Mathur Employee Data View|Yogesh Employee Data View|Chaithra Palladka & Rina Patel|Shreshta Alawandi Employee Data and Confirmation||Jennifer Employee Data View & Onboarding","Admin|HRBP|Deepta Mathur Employee Data View||Jennifer Employee Data View & Onboarding","Admin|HRBP|Deepta Mathur Employee Data View||Jennifer Employee Data View & Onboarding",Admin,,,,Disabled,Disabled,,Enabled,Disabled,Enabled,Disabled,Disabled,Disabled,Disabled,Disabled,Disabled,Disabled,Disabled,,,,,All,,NA,,NA,NA
"Personal Identity",personal_identity,16,"ID card Number (Afghanistan)",afghanistan_id_card_number,266,No,,,,Disabled,ALL,,,Disabled,Disabled,N.A,Disabled,,Disabled,,Disabled,,,"Admin|Self|HRBP|Vice President|Ragini|Deepta Mathur Employee Data View|Yogesh Employee Data View|Chaithra Palladka & Rina Patel|Shreshta Alawandi Employee Data and Confirmation||Jennifer Employee Data View & Onboarding","Admin|HRBP|Deepta Mathur Employee Data View||Jennifer Employee Data View & Onboarding","Admin|HRBP|Deepta Mathur Employee Data View||Jennifer Employee Data View & Onboarding",Admin,,,,Disabled,Disabled,,Disabled,Disabled,Disabled,Disabled,Disabled,Disabled,Disabled,Disabled,Disabled,Disabled,Disabled,,,,,All,,NA,,NA,NA
"Personal Identity",personal_identity,16,"Social Insurance Number (SVNR) (Austria)",austria_social_insurance_number,267,No,,,,Disabled,ALL,,,Disabled,Disabled,N.A,Disabled,,Disabled,,Disabled,,,"Admin|Self|HRBP|Vice President|Ragini|Deepta Mathur Employee Data View|Yogesh Employee Data View|Chaithra Palladka & Rina Patel|Shreshta Alawandi Employee Data and Confirmation||Jennifer Employee Data View & Onboarding","Admin|HRBP|Deepta Mathur Employee Data View||Jennifer Employee Data View & Onboarding","Admin|HRBP|Deepta Mathur Employee Data View||Jennifer Employee Data View & Onboarding",Admin,,,,Disabled,Disabled,,Disabled,Disabled,Disabled,Disabled,Disabled,Disabled,Disabled,Disabled,Disabled,Disabled,Disabled,,,,,All,,NA,,NA,NA
"Personal Identity",personal_identity,16,"Taxpayer Identification Number (Versicherungsnummer) (Austria)",austria_tax_identification_number,268,No,,,,Disabled,ALL,,,Disabled,Disabled,N.A,Disabled,,Disabled,,Disabled,,,"Admin|Self|HRBP|Vice President|Ragini|Deepta Mathur Employee Data View|Yogesh Employee Data View|Chaithra Palladka & Rina Patel|Shreshta Alawandi Employee Data and Confirmation||Jennifer Employee Data View & Onboarding","Admin|HRBP|Deepta Mathur Employee Data View||Jennifer Employee Data View & Onboarding","Admin|HRBP|Deepta Mathur Employee Data View||Jennifer Employee Data View & Onboarding",Admin,,,,Disabled,Disabled,,Disabled,Disabled,Disabled,Disabled,Disabled,Disabled,Disabled,Disabled,Disabled,Disabled,Disabled,,,,,All,,NA,,NA,NA
"Personal Identity",personal_identity,16,"Identity Card of the Citizen of the Republic of Azerbaijan Number (Azerbaijan)",azerbaijan_id_card_number,269,No,,,,Disabled,ALL,,,Disabled,Disabled,N.A,Disabled,,Disabled,,Disabled,,,"Admin|Self|HRBP|Vice President|Ragini|Deepta Mathur Employee Data View|Yogesh Employee Data View|Chaithra Palladka & Rina Patel|Shreshta Alawandi Employee Data and Confirmation||Jennifer Employee Data View & Onboarding","Admin|HRBP|Deepta Mathur Employee Data View||Jennifer Employee Data View & Onboarding","Admin|HRBP|Deepta Mathur Employee Data View||Jennifer Employee Data View & Onboarding",Admin,,,,Disabled,Disabled,,Disabled,Disabled,Disabled,Disabled,Disabled,Disabled,Disabled,Disabled,Disabled,Disabled,Disabled,,,,,All,,NA,,NA,NA
"Personal Identity",personal_identity,16,"State Social Insurance Certificate Number (Azerbaijan)",azerbaijan_social_insurance_certificate_number,270,No,,,,Disabled,ALL,,,Disabled,Disabled,N.A,Disabled,,Disabled,,Disabled,,,"Admin|Self|HRBP|Vice President|Ragini|Deepta Mathur Employee Data View|Yogesh Employee Data View|Chaithra Palladka & Rina Patel|Shreshta Alawandi Employee Data and Confirmation||Jennifer Employee Data View & Onboarding","Admin|HRBP|Deepta Mathur Employee Data View||Jennifer Employee Data View & Onboarding","Admin|HRBP|Deepta Mathur Employee Data View||Jennifer Employee Data View & Onboarding",Admin,,,,Disabled,Disabled,,Disabled,Disabled,Disabled,Disabled,Disabled,Disabled,Disabled,Disabled,Disabled,Disabled,Disabled,,,,,All,,NA,,NA,NA
"Personal Identity",personal_identity,16,"Personal (CPR) Number (Bahrain)",bahrain_personal_number,271,No,,,,Disabled,ALL,,,Disabled,Disabled,N.A,Disabled,,Disabled,,Disabled,,,"Admin|Self|HRBP|Vice President|Ragini|Deepta Mathur Employee Data View|Yogesh Employee Data View|Chaithra Palladka & Rina Patel|Shreshta Alawandi Employee Data and Confirmation||Jennifer Employee Data View & Onboarding","Admin|HRBP|Deepta Mathur Employee Data View||Jennifer Employee Data View & Onboarding","Admin|HRBP|Deepta Mathur Employee Data View||Jennifer Employee Data View & Onboarding",Admin,,,,Disabled,Disabled,,Disabled,Disabled,Disabled,Disabled,Disabled,Disabled,Disabled,Disabled,Disabled,Disabled,Disabled,,,,,All,,NA,,NA,NA
"Personal Identity",personal_identity,16,"Electronic Tax Identification Number (Bangladesh)",bangladesh_electronic_tax_id_number,272,No,,,,Disabled,ALL,,,Disabled,Disabled,N.A,Disabled,,Disabled,,Disabled,,,"Admin|Self|HRBP|Vice President|Ragini|Deepta Mathur Employee Data View|Yogesh Employee Data View|Chaithra Palladka & Rina Patel|Shreshta Alawandi Employee Data and Confirmation||Jennifer Employee Data View & Onboarding","Admin|HRBP|Deepta Mathur Employee Data View||Jennifer Employee Data View & Onboarding","Admin|HRBP|Deepta Mathur Employee Data View||Jennifer Employee Data View & Onboarding",Admin,,,,Disabled,Disabled,,Disabled,Disabled,Disabled,Disabled,Disabled,Disabled,Disabled,Disabled,Disabled,Disabled,Disabled,,,,,All,,NA,,NA,NA
"Personal Identity",personal_identity,16,"National ID (NID) Number (Bangladesh)",bangladesh_national_id_number,273,No,,,,Disabled,ALL,,,Disabled,Disabled,N.A,Disabled,,Disabled,,Disabled,,,"Admin|Self|HRBP|Vice President|Ragini|Deepta Mathur Employee Data View|Yogesh Employee Data View|Chaithra Palladka & Rina Patel|Shreshta Alawandi Employee Data and Confirmation||Jennifer Employee Data View & Onboarding","Admin|HRBP|Deepta Mathur Employee Data View||Jennifer Employee Data View & Onboarding","Admin|HRBP|Deepta Mathur Employee Data View||Jennifer Employee Data View & Onboarding",Admin,,,,Disabled,Disabled,,Disabled,Disabled,Disabled,Disabled,Disabled,Disabled,Disabled,Disabled,Disabled,Disabled,Disabled,,,,,All,,NA,,NA,NA
"Personal Identity",personal_identity,16,"Tax Identification Number (Bangladesh)",bangladesh_tax_identification_number,274,No,,,,Disabled,ALL,,,Disabled,Disabled,N.A,Disabled,,Disabled,,Disabled,,,"Admin|Self|HRBP|Vice President|Ragini|Deepta Mathur Employee Data View|Yogesh Employee Data View|Chaithra Palladka & Rina Patel|Shreshta Alawandi Employee Data and Confirmation||Jennifer Employee Data View & Onboarding","Admin|HRBP|Deepta Mathur Employee Data View||Jennifer Employee Data View & Onboarding","Admin|HRBP|Deepta Mathur Employee Data View||Jennifer Employee Data View & Onboarding",Admin,,,,Disabled,Disabled,,Disabled,Disabled,Disabled,Disabled,Disabled,Disabled,Disabled,Disabled,Disabled,Disabled,Disabled,,,,,All,,NA,,NA,NA
"Personal Identity",personal_identity,16,"ID Card Number (Belgium)",belgium_id_card_number,276,No,,,,Disabled,ALL,,,Disabled,Disabled,N.A,Disabled,,Disabled,,Disabled,,,"Admin|Self|HRBP|Vice President|Ragini|Deepta Mathur Employee Data View|Yogesh Employee Data View|Chaithra Palladka & Rina Patel|Shreshta Alawandi Employee Data and Confirmation||Jennifer Employee Data View & Onboarding","Admin|HRBP|Deepta Mathur Employee Data View||Jennifer Employee Data View & Onboarding","Admin|HRBP|Deepta Mathur Employee Data View||Jennifer Employee Data View & Onboarding",Admin,,,,Disabled,Disabled,,Disabled,Disabled,Disabled,Disabled,Disabled,Disabled,Disabled,Disabled,Disabled,Disabled,Disabled,,,,,All,,NA,,NA,NA
"Personal Identity",personal_identity,16,"National Register Number (Belgium)",belgium_national_register_number,277,No,,,,Disabled,ALL,,,Disabled,Disabled,N.A,Disabled,,Disabled,,Disabled,,,"Admin|Self|HRBP|Vice President|Ragini|Deepta Mathur Employee Data View|Yogesh Employee Data View|Chaithra Palladka & Rina Patel|Shreshta Alawandi Employee Data and Confirmation||Jennifer Employee Data View & Onboarding","Admin|HRBP|Deepta Mathur Employee Data View||Jennifer Employee Data View & Onboarding","Admin|HRBP|Deepta Mathur Employee Data View||Jennifer Employee Data View & Onboarding",Admin,,,,Disabled,Disabled,,Disabled,Disabled,Disabled,Disabled,Disabled,Disabled,Disabled,Disabled,Disabled,Disabled,Disabled,,,,,All,,NA,,NA,NA
"Personal Identity",personal_identity,16,"Social Insurance (SIS) Number (Belgium)",belgium_social_insurance_number,278,No,,,,Disabled,ALL,,,Disabled,Disabled,N.A,Disabled,,Disabled,,Disabled,,,"Admin|Self|HRBP|Vice President|Ragini|Deepta Mathur Employee Data View|Yogesh Employee Data View|Chaithra Palladka & Rina Patel|Shreshta Alawandi Employee Data and Confirmation||Jennifer Employee Data View & Onboarding","Admin|HRBP|Deepta Mathur Employee Data View||Jennifer Employee Data View & Onboarding","Admin|HRBP|Deepta Mathur Employee Data View||Jennifer Employee Data View & Onboarding",Admin,,,,Disabled,Disabled,,Disabled,Disabled,Disabled,Disabled,Disabled,Disabled,Disabled,Disabled,Disabled,Disabled,Disabled,,,,,All,,NA,,NA,NA
"Personal Identity",personal_identity,16,"Unique Master Citizen Number (JMBG) (Bosnia and Herzegovina)",bosnia_unique_citizen_number,279,No,,,,Disabled,ALL,,,Disabled,Disabled,N.A,Disabled,,Disabled,,Disabled,,,"Admin|Self|HRBP|Vice President|Ragini|Deepta Mathur Employee Data View|Yogesh Employee Data View|Chaithra Palladka & Rina Patel|Shreshta Alawandi Employee Data and Confirmation||Jennifer Employee Data View & Onboarding","Admin|HRBP|Deepta Mathur Employee Data View||Jennifer Employee Data View & Onboarding","Admin|HRBP|Deepta Mathur Employee Data View||Jennifer Employee Data View & Onboarding",Admin,,,,Disabled,Disabled,,Disabled,Disabled,Disabled,Disabled,Disabled,Disabled,Disabled,Disabled,Disabled,Disabled,Disabled,,,,,All,,NA,,NA,NA
"Personal Identity",personal_identity,16,"Identity Card Number (NKP) (Brunei)",brunei_identity_card_number,280,No,,,,Disabled,ALL,,,Disabled,Disabled,N.A,Disabled,,Disabled,,Disabled,,,"Admin|Self|HRBP|Vice President|Ragini|Deepta Mathur Employee Data View|Yogesh Employee Data View|Chaithra Palladka & Rina Patel|Shreshta Alawandi Employee Data and Confirmation||Jennifer Employee Data View & Onboarding","Admin|HRBP|Deepta Mathur Employee Data View||Jennifer Employee Data View & Onboarding","Admin|HRBP|Deepta Mathur Employee Data View||Jennifer Employee Data View & Onboarding",Admin,,,,Disabled,Disabled,,Disabled,Disabled,Disabled,Disabled,Disabled,Disabled,Disabled,Disabled,Disabled,Disabled,Disabled,,,,,All,,NA,,NA,NA
"Personal Identity",personal_identity,16,"National Identity Card Number (NIC) (Bulgaria)",bulgaria_national_identity_card_number,281,No,,,,Disabled,ALL,,,Disabled,Disabled,N.A,Disabled,,Disabled,,Disabled,,,"Admin|Self|HRBP|Vice President|Ragini|Deepta Mathur Employee Data View|Yogesh Employee Data View|Chaithra Palladka & Rina Patel|Shreshta Alawandi Employee Data and Confirmation||Jennifer Employee Data View & Onboarding","Admin|HRBP|Deepta Mathur Employee Data View||Jennifer Employee Data View & Onboarding","Admin|HRBP|Deepta Mathur Employee Data View||Jennifer Employee Data View & Onboarding",Admin,,,,Disabled,Disabled,,Disabled,Disabled,Disabled,Disabled,Disabled,Disabled,Disabled,Disabled,Disabled,Disabled,Disabled,,,,,All,,NA,,NA,NA
"Personal Identity",personal_identity,16,"Personal Foreigner’s Number (PFN) (Bulgaria)",bulgaria_personal_foreigner_number,282,No,,,,Disabled,ALL,,,Disabled,Disabled,N.A,Disabled,,Disabled,,Disabled,,,"Admin|Self|HRBP|Vice President|Ragini|Deepta Mathur Employee Data View|Yogesh Employee Data View|Chaithra Palladka & Rina Patel|Shreshta Alawandi Employee Data and Confirmation||Jennifer Employee Data View & Onboarding","Admin|HRBP|Deepta Mathur Employee Data View||Jennifer Employee Data View & Onboarding","Admin|HRBP|Deepta Mathur Employee Data View||Jennifer Employee Data View & Onboarding",Admin,,,,Disabled,Disabled,,Disabled,Disabled,Disabled,Disabled,Disabled,Disabled,Disabled,Disabled,Disabled,Disabled,Disabled,,,,,All,,NA,,NA,NA
"Personal Identity",personal_identity,16,"Personal Number (PEN) (Bulgaria)",bulgaria_personal_number,283,No,,,,Disabled,ALL,,,Disabled,Disabled,N.A,Disabled,,Disabled,,Disabled,,,"Admin|Self|HRBP|Vice President|Ragini|Deepta Mathur Employee Data View|Yogesh Employee Data View|Chaithra Palladka & Rina Patel|Shreshta Alawandi Employee Data and Confirmation||Jennifer Employee Data View & Onboarding","Admin|HRBP|Deepta Mathur Employee Data View||Jennifer Employee Data View & Onboarding","Admin|HRBP|Deepta Mathur Employee Data View||Jennifer Employee Data View & Onboarding",Admin,,,,Disabled,Disabled,,Disabled,Disabled,Disabled,Disabled,Disabled,Disabled,Disabled,Disabled,Disabled,Disabled,Disabled,,,,,All,,NA,,NA,NA
"Personal Identity",personal_identity,16,"Uniform Civil Number (EGN) (Bulgaria)",bulgaria_uniform_civil_number,284,No,,,,Disabled,ALL,,,Disabled,Disabled,N.A,Disabled,,Disabled,,Disabled,,,"Admin|Self|HRBP|Vice President|Ragini|Deepta Mathur Employee Data View|Yogesh Employee Data View|Chaithra Palladka & Rina Patel|Shreshta Alawandi Employee Data and Confirmation||Jennifer Employee Data View & Onboarding","Admin|HRBP|Deepta Mathur Employee Data View||Jennifer Employee Data View & Onboarding","Admin|HRBP|Deepta Mathur Employee Data View||Jennifer Employee Data View & Onboarding",Admin,,,,Disabled,Disabled,,Disabled,Disabled,Disabled,Disabled,Disabled,Disabled,Disabled,Disabled,Disabled,Disabled,Disabled,,,,,All,,NA,,NA,NA
"Personal Identity",personal_identity,16,"National ID Card Number (Burundi)",burundi_national_id_number,285,No,,,,Disabled,ALL,,,Disabled,Disabled,N.A,Disabled,,Disabled,,Disabled,,,"Admin|Self|HRBP|Vice President|Ragini|Deepta Mathur Employee Data View|Yogesh Employee Data View|Chaithra Palladka & Rina Patel|Shreshta Alawandi Employee Data and Confirmation||Jennifer Employee Data View & Onboarding","Admin|HRBP|Deepta Mathur Employee Data View||Jennifer Employee Data View & Onboarding","Admin|HRBP|Deepta Mathur Employee Data View||Jennifer Employee Data View & Onboarding",Admin,,,,Disabled,Disabled,,Disabled,Disabled,Disabled,Disabled,Disabled,Disabled,Disabled,Disabled,Disabled,Disabled,Disabled,,,,,All,,NA,,NA,NA
"Personal Identity",personal_identity,16,"Social Insurance Number (SIN) (Canada)",canada_social_insurance_number,287,No,,,,Disabled,ALL,,,Disabled,Disabled,N.A,Disabled,,Disabled,,Disabled,,,"Admin|Self|HRBP|Vice President|Ragini|Deepta Mathur Employee Data View|Yogesh Employee Data View|Chaithra Palladka & Rina Patel|Shreshta Alawandi Employee Data and Confirmation||Jennifer Employee Data View & Onboarding","Admin|HRBP|Deepta Mathur Employee Data View||Jennifer Employee Data View & Onboarding","Admin|HRBP|Deepta Mathur Employee Data View||Jennifer Employee Data View & Onboarding",Admin,,,,Disabled,Disabled,,Disabled,Disabled,Disabled,Disabled,Disabled,Disabled,Disabled,Disabled,Disabled,Disabled,Disabled,,,,,All,,NA,,NA,NA
"Personal Identity",personal_identity,16,"Citizen ID Number (China)",china_citizen_id_number,288,No,,,,Disabled,ALL,,,Disabled,Disabled,N.A,Disabled,,Disabled,,Disabled,,,"Admin|Self|HRBP|Vice President|Ragini|Deepta Mathur Employee Data View|Yogesh Employee Data View|Chaithra Palladka & Rina Patel|Shreshta Alawandi Employee Data and Confirmation||Jennifer Employee Data View & Onboarding","Admin|HRBP|Deepta Mathur Employee Data View||Jennifer Employee Data View & Onboarding","Admin|HRBP|Deepta Mathur Employee Data View||Jennifer Employee Data View & Onboarding",Admin,,,,Disabled,Disabled,,Disabled,Disabled,Disabled,Disabled,Disabled,Disabled,Disabled,Disabled,Disabled,Disabled,Disabled,,,,,All,,NA,,NA,NA
"Personal Identity",personal_identity,16,"Central Person Register Number (CPR Nr) (Denmark)",denmark_central_register_number,289,No,,,,Disabled,ALL,,,Disabled,Disabled,N.A,Disabled,,Disabled,,Disabled,,,"Admin|Self|HRBP|Vice President|Ragini|Deepta Mathur Employee Data View|Yogesh Employee Data View|Chaithra Palladka & Rina Patel|Shreshta Alawandi Employee Data and Confirmation||Jennifer Employee Data View & Onboarding","Admin|HRBP|Deepta Mathur Employee Data View||Jennifer Employee Data View & Onboarding","Admin|HRBP|Deepta Mathur Employee Data View||Jennifer Employee Data View & Onboarding",Admin,,,,Disabled,Disabled,,Disabled,Disabled,Disabled,Disabled,Disabled,Disabled,Disabled,Disabled,Disabled,Disabled,Disabled,,,,,All,,NA,,NA,NA
"Personal Identity",personal_identity,16,"Personal ID (Henkilötunnus) (Finland)",finland_personal_id_number,290,No,,,,Disabled,ALL,,,Disabled,Disabled,N.A,Disabled,,Disabled,,Disabled,,,"Admin|Self|HRBP|Vice President|Ragini|Deepta Mathur Employee Data View|Yogesh Employee Data View|Chaithra Palladka & Rina Patel|Shreshta Alawandi Employee Data and Confirmation||Jennifer Employee Data View & Onboarding","Admin|HRBP|Deepta Mathur Employee Data View||Jennifer Employee Data View & Onboarding","Admin|HRBP|Deepta Mathur Employee Data View||Jennifer Employee Data View & Onboarding",Admin,,,,Disabled,Disabled,,Disabled,Disabled,Disabled,Disabled,Disabled,Disabled,Disabled,Disabled,Disabled,Disabled,Disabled,,,,,All,,NA,,NA,NA
"Personal Identity",personal_identity,16,"Tax Card Number (Finland)",finland_tax_card_number,291,No,,,,Disabled,ALL,,,Disabled,Disabled,N.A,Disabled,,Disabled,,Disabled,,,"Admin|Self|HRBP|Vice President|Ragini|Deepta Mathur Employee Data View|Yogesh Employee Data View|Chaithra Palladka & Rina Patel|Shreshta Alawandi Employee Data and Confirmation||Jennifer Employee Data View & Onboarding","Admin|HRBP|Deepta Mathur Employee Data View||Jennifer Employee Data View & Onboarding","Admin|HRBP|Deepta Mathur Employee Data View||Jennifer Employee Data View & Onboarding",Admin,,,,Disabled,Disabled,,Disabled,Disabled,Disabled,Disabled,Disabled,Disabled,Disabled,Disabled,Disabled,Disabled,Disabled,,,,,All,,NA,,NA,NA
"Personal Identity",personal_identity,16,"National Identity Card (CNI) (France)",france_national_id_number,292,No,,,,Disabled,ALL,,,Disabled,Disabled,N.A,Disabled,,Disabled,,Disabled,,,"Admin|Self|HRBP|Vice President|Ragini|Deepta Mathur Employee Data View|Yogesh Employee Data View|Chaithra Palladka & Rina Patel|Shreshta Alawandi Employee Data and Confirmation||Jennifer Employee Data View & Onboarding","Admin|HRBP|Deepta Mathur Employee Data View||Jennifer Employee Data View & Onboarding","Admin|HRBP|Deepta Mathur Employee Data View||Jennifer Employee Data View & Onboarding",Admin,,,,Disabled,Disabled,,Disabled,Disabled,Disabled,Disabled,Disabled,Disabled,Disabled,Disabled,Disabled,Disabled,Disabled,,,,,All,,NA,,NA,NA
"Personal Identity",personal_identity,16,"Social Security ID (INSEE) Number (numéro de sécurité sociale) (France)",france_social_security_id_number,293,No,,,,Disabled,ALL,,,Disabled,Disabled,N.A,Disabled,,Disabled,,Disabled,,,"Admin|Self|HRBP|Vice President|Ragini|Deepta Mathur Employee Data View|Yogesh Employee Data View|Chaithra Palladka & Rina Patel|Shreshta Alawandi Employee Data and Confirmation||Jennifer Employee Data View & Onboarding","Admin|HRBP|Deepta Mathur Employee Data View||Jennifer Employee Data View & Onboarding","Admin|HRBP|Deepta Mathur Employee Data View||Jennifer Employee Data View & Onboarding",Admin,,,,Disabled,Disabled,,Disabled,Disabled,Disabled,Disabled,Disabled,Disabled,Disabled,Disabled,Disabled,Disabled,Disabled,,,,,All,,NA,,NA,NA
"Personal Identity",personal_identity,16,"My Dossier Number (DN) (French Polynesia)",french_polynesia_dossier_number,294,No,,,,Disabled,ALL,,,Disabled,Disabled,N.A,Disabled,,Disabled,,Disabled,,,"Admin|Self|HRBP|Vice President|Ragini|Deepta Mathur Employee Data View|Yogesh Employee Data View|Chaithra Palladka & Rina Patel|Shreshta Alawandi Employee Data and Confirmation||Jennifer Employee Data View & Onboarding","Admin|HRBP|Deepta Mathur Employee Data View||Jennifer Employee Data View & Onboarding","Admin|HRBP|Deepta Mathur Employee Data View||Jennifer Employee Data View & Onboarding",Admin,,,,Disabled,Disabled,,Disabled,Disabled,Disabled,Disabled,Disabled,Disabled,Disabled,Disabled,Disabled,Disabled,Disabled,,,,,All,,NA,,NA,NA
"Personal Identity",personal_identity,16,"Personal Number (Georgia)",georgia_personal_number,295,No,,,,Disabled,ALL,,,Disabled,Disabled,N.A,Disabled,,Disabled,,Disabled,,,"Admin|Self|HRBP|Vice President|Ragini|Deepta Mathur Employee Data View|Yogesh Employee Data View|Chaithra Palladka & Rina Patel|Shreshta Alawandi Employee Data and Confirmation||Jennifer Employee Data View & Onboarding","Admin|HRBP|Deepta Mathur Employee Data View||Jennifer Employee Data View & Onboarding","Admin|HRBP|Deepta Mathur Employee Data View||Jennifer Employee Data View & Onboarding",Admin,,,,Disabled,Disabled,,Disabled,Disabled,Disabled,Disabled,Disabled,Disabled,Disabled,Disabled,Disabled,Disabled,Disabled,,,,,All,,NA,,NA,NA
"Personal Identity",personal_identity,16,"Residence Card Number (Georgia)",georgia_residence_card_number,296,No,,,,Disabled,ALL,,,Disabled,Disabled,N.A,Disabled,,Disabled,,Disabled,,,"Admin|Self|HRBP|Vice President|Ragini|Deepta Mathur Employee Data View|Yogesh Employee Data View|Chaithra Palladka & Rina Patel|Shreshta Alawandi Employee Data and Confirmation||Jennifer Employee Data View & Onboarding","Admin|HRBP|Deepta Mathur Employee Data View||Jennifer Employee Data View & Onboarding","Admin|HRBP|Deepta Mathur Employee Data View||Jennifer Employee Data View & Onboarding",Admin,,,,Disabled,Disabled,,Disabled,Disabled,Disabled,Disabled,Disabled,Disabled,Disabled,Disabled,Disabled,Disabled,Disabled,,,,,All,,NA,,NA,NA
"Personal Identity",personal_identity,16,"Personal Identity Card (PID) (Germany)",germany_personal_identity_number,297,No,,,,Disabled,ALL,,,Disabled,Disabled,N.A,Disabled,,Disabled,,Disabled,,,"Admin|Self|HRBP|Vice President|Ragini|Deepta Mathur Employee Data View|Yogesh Employee Data View|Chaithra Palladka & Rina Patel|Shreshta Alawandi Employee Data and Confirmation||Jennifer Employee Data View & Onboarding","Admin|HRBP|Deepta Mathur Employee Data View||Jennifer Employee Data View & Onboarding","Admin|HRBP|Deepta Mathur Employee Data View||Jennifer Employee Data View & Onboarding",Admin,,,,Disabled,Disabled,,Disabled,Disabled,Disabled,Disabled,Disabled,Disabled,Disabled,Disabled,Disabled,Disabled,Disabled,,,,,All,,NA,,NA,NA
"Personal Identity",personal_identity,16,"Social Insurance Number (SVNR) (Germany)",germany_social_insurance_number,298,No,,,,Disabled,ALL,,,Disabled,Disabled,N.A,Disabled,,Disabled,,Disabled,,,"Admin|Self|HRBP|Vice President|Ragini|Deepta Mathur Employee Data View|Yogesh Employee Data View|Chaithra Palladka & Rina Patel|Shreshta Alawandi Employee Data and Confirmation||Jennifer Employee Data View & Onboarding","Admin|HRBP|Deepta Mathur Employee Data View||Jennifer Employee Data View & Onboarding","Admin|HRBP|Deepta Mathur Employee Data View||Jennifer Employee Data View & Onboarding",Admin,,,,Disabled,Disabled,,Disabled,Disabled,Disabled,Disabled,Disabled,Disabled,Disabled,Disabled,Disabled,Disabled,Disabled,,,,,All,,NA,,NA,NA
"Personal Identity",personal_identity,16,"Tax ID (Steuer-IdNr)) (Germany)",germany_tax_id_number,299,No,,,,Disabled,ALL,,,Disabled,Disabled,N.A,Disabled,,Disabled,,Disabled,,,"Admin|Self|HRBP|Vice President|Ragini|Deepta Mathur Employee Data View|Yogesh Employee Data View|Chaithra Palladka & Rina Patel|Shreshta Alawandi Employee Data and Confirmation||Jennifer Employee Data View & Onboarding","Admin|HRBP|Deepta Mathur Employee Data View||Jennifer Employee Data View & Onboarding","Admin|HRBP|Deepta Mathur Employee Data View||Jennifer Employee Data View & Onboarding",Admin,,,,Disabled,Disabled,,Disabled,Disabled,Disabled,Disabled,Disabled,Disabled,Disabled,Disabled,Disabled,Disabled,Disabled,,,,,All,,NA,,NA,NA
"Personal Identity",personal_identity,16,"IKA Registration Number (Greece)",greece_ika_registration_number,301,No,,,,Disabled,ALL,,,Disabled,Disabled,N.A,Disabled,,Disabled,,Disabled,,,"Admin|Self|HRBP|Vice President|Ragini|Deepta Mathur Employee Data View|Yogesh Employee Data View|Chaithra Palladka & Rina Patel|Shreshta Alawandi Employee Data and Confirmation||Jennifer Employee Data View & Onboarding","Admin|HRBP|Deepta Mathur Employee Data View||Jennifer Employee Data View & Onboarding","Admin|HRBP|Deepta Mathur Employee Data View||Jennifer Employee Data View & Onboarding",Admin,,,,Disabled,Disabled,,Disabled,Disabled,Disabled,Disabled,Disabled,Disabled,Disabled,Disabled,Disabled,Disabled,Disabled,,,,,All,,NA,,NA,NA
"Personal Identity",personal_identity,16,"Investor Share Code in DSS (Greece)",greece_investor_share_code,302,No,,,,Disabled,ALL,,,Disabled,Disabled,N.A,Disabled,,Disabled,,Disabled,,,"Admin|Self|HRBP|Vice President|Ragini|Deepta Mathur Employee Data View|Yogesh Employee Data View|Chaithra Palladka & Rina Patel|Shreshta Alawandi Employee Data and Confirmation||Jennifer Employee Data View & Onboarding","Admin|HRBP|Deepta Mathur Employee Data View||Jennifer Employee Data View & Onboarding","Admin|HRBP|Deepta Mathur Employee Data View||Jennifer Employee Data View & Onboarding",Admin,,,,Disabled,Disabled,,Disabled,Disabled,Disabled,Disabled,Disabled,Disabled,Disabled,Disabled,Disabled,Disabled,Disabled,,,,,All,,NA,,NA,NA
"Personal Identity",personal_identity,16,"National Identity Card (Greece)",greece_national_identity_card_number,303,No,,,,Disabled,ALL,,,Disabled,Disabled,N.A,Disabled,,Disabled,,Disabled,,,"Admin|Self|HRBP|Vice President|Ragini|Deepta Mathur Employee Data View|Yogesh Employee Data View|Chaithra Palladka & Rina Patel|Shreshta Alawandi Employee Data and Confirmation||Jennifer Employee Data View & Onboarding","Admin|HRBP|Deepta Mathur Employee Data View||Jennifer Employee Data View & Onboarding","Admin|HRBP|Deepta Mathur Employee Data View||Jennifer Employee Data View & Onboarding",Admin,,,,Disabled,Disabled,,Disabled,Disabled,Disabled,Disabled,Disabled,Disabled,Disabled,Disabled,Disabled,Disabled,Disabled,,,,,All,,NA,,NA,NA
"Personal Identity",personal_identity,16,"Social Security Number (AMKA) (Greece)",greece_social_security_number,304,No,,,,Disabled,ALL,,,Disabled,Disabled,N.A,Disabled,,Disabled,,Disabled,,,"Admin|Self|HRBP|Vice President|Ragini|Deepta Mathur Employee Data View|Yogesh Employee Data View|Chaithra Palladka & Rina Patel|Shreshta Alawandi Employee Data and Confirmation||Jennifer Employee Data View & Onboarding","Admin|HRBP|Deepta Mathur Employee Data View||Jennifer Employee Data View & Onboarding","Admin|HRBP|Deepta Mathur Employee Data View||Jennifer Employee Data View & Onboarding",Admin,,,,Disabled,Disabled,,Disabled,Disabled,Disabled,Disabled,Disabled,Disabled,Disabled,Disabled,Disabled,Disabled,Disabled,,,,,All,,NA,,NA,NA
"Personal Identity",personal_identity,16,"Tax Registration Number (ΑΦΜ) (Greece)",greece_tax_registration_number,305,No,,,,Disabled,ALL,,,Disabled,Disabled,N.A,Disabled,,Disabled,,Disabled,,,"Admin|Self|HRBP|Vice President|Ragini|Deepta Mathur Employee Data View|Yogesh Employee Data View|Chaithra Palladka & Rina Patel|Shreshta Alawandi Employee Data and Confirmation||Jennifer Employee Data View & Onboarding","Admin|HRBP|Deepta Mathur Employee Data View||Jennifer Employee Data View & Onboarding","Admin|HRBP|Deepta Mathur Employee Data View||Jennifer Employee Data View & Onboarding",Admin,,,,Disabled,Disabled,,Disabled,Disabled,Disabled,Disabled,Disabled,Disabled,Disabled,Disabled,Disabled,Disabled,Disabled,,,,,All,,NA,,NA,NA
"Personal Identity",personal_identity,16,"HKID Number (Hong Kong)",hong_kong_hkid_number,306,No,,,,Disabled,ALL,,,Disabled,Disabled,N.A,Disabled,,Disabled,,Disabled,,,"Admin|Self|HRBP|Vice President|Ragini|Deepta Mathur Employee Data View|Yogesh Employee Data View|Chaithra Palladka & Rina Patel|Shreshta Alawandi Employee Data and Confirmation||Jennifer Employee Data View & Onboarding","Admin|HRBP|Deepta Mathur Employee Data View||Jennifer Employee Data View & Onboarding","Admin|HRBP|Deepta Mathur Employee Data View||Jennifer Employee Data View & Onboarding",Admin,,,,Disabled,Disabled,,Disabled,Disabled,Disabled,Disabled,Disabled,Disabled,Disabled,Disabled,Disabled,Disabled,Disabled,,,,,All,,NA,,NA,NA
"Personal Identity",personal_identity,16,"MPF (Mandatory Provident Fund) Account Number (Hong Kong)",hong_kong_mpf_account_number,307,No,,,,Disabled,ALL,,,Disabled,Disabled,N.A,Disabled,,Disabled,,Disabled,,,"Admin|Self|HRBP|Vice President|Ragini|Deepta Mathur Employee Data View|Yogesh Employee Data View|Chaithra Palladka & Rina Patel|Shreshta Alawandi Employee Data and Confirmation||Jennifer Employee Data View & Onboarding","Admin|HRBP|Deepta Mathur Employee Data View||Jennifer Employee Data View & Onboarding","Admin|HRBP|Deepta Mathur Employee Data View||Jennifer Employee Data View & Onboarding",Admin,,,,Disabled,Disabled,,Disabled,Disabled,Disabled,Disabled,Disabled,Disabled,Disabled,Disabled,Disabled,Disabled,Disabled,,,,,All,,NA,,NA,NA
"Personal Identity",personal_identity,16,"EPF Number (India)",india_epf_number,309,No,,,,Disabled,ALL,,,Disabled,Disabled,N.A,Disabled,,Disabled,,Disabled,,,"Admin|Self|HRBP|Vice President|Ragini|Deepta Mathur Employee Data View|Yogesh Employee Data View|Chaithra Palladka & Rina Patel|Shreshta Alawandi Employee Data and Confirmation||Jennifer Employee Data View & Onboarding","Admin|HRBP|Deepta Mathur Employee Data View||Jennifer Employee Data View & Onboarding","Admin|HRBP|Deepta Mathur Employee Data View||Jennifer Employee Data View & Onboarding",Admin,,,,Disabled,Disabled,,Disabled,Disabled,Disabled,Disabled,Disabled,Disabled,Disabled,Disabled,Disabled,Disabled,Disabled,,,,,All,,NA,,NA,NA
"Personal Identity",personal_identity,16,"ESIC Insurance Number (India)",india_esic_insurance_number,310,No,,,,Disabled,ALL,,,Disabled,Disabled,N.A,Disabled,,Disabled,,Disabled,,,"Admin|Self|HRBP|Vice President|Ragini|Deepta Mathur Employee Data View|Yogesh Employee Data View|Chaithra Palladka & Rina Patel|Shreshta Alawandi Employee Data and Confirmation||Jennifer Employee Data View & Onboarding","Admin|HRBP|Deepta Mathur Employee Data View||Jennifer Employee Data View & Onboarding","Admin|HRBP|Deepta Mathur Employee Data View||Jennifer Employee Data View & Onboarding",Admin,,,,Disabled,Disabled,,Disabled,Disabled,Disabled,Disabled,Disabled,Disabled,Disabled,Disabled,Disabled,Disabled,Disabled,,,,,All,,NA,,NA,NA
"Personal Identity",personal_identity,16,"Permanent Retirement Account Number (PRAN) (India)",india_pran_number,313,No,,,,Disabled,ALL,,,Disabled,Disabled,N.A,Disabled,,Disabled,,Disabled,,,"Admin|Self|HRBP|Vice President|Ragini|Deepta Mathur Employee Data View|Yogesh Employee Data View|Chaithra Palladka & Rina Patel|Shreshta Alawandi Employee Data and Confirmation||Jennifer Employee Data View & Onboarding","Admin|HRBP|Deepta Mathur Employee Data View||Jennifer Employee Data View & Onboarding","Admin|HRBP|Deepta Mathur Employee Data View||Jennifer Employee Data View & Onboarding",Admin,,,,Disabled,Disabled,,Disabled,Disabled,Disabled,Disabled,Disabled,Disabled,Disabled,Disabled,Disabled,Disabled,Disabled,,,,,All,,NA,,NA,NA
"Personal Identity",personal_identity,16,"Universal Account Number (India)",india_universal_account_number,314,No,,,,Disabled,ALL,,,Disabled,Disabled,N.A,Disabled,,Disabled,,Disabled,,,"Admin|Self|HRBP|Vice President|Ragini|Deepta Mathur Employee Data View|Yogesh Employee Data View|Chaithra Palladka & Rina Patel|Shreshta Alawandi Employee Data and Confirmation||Jennifer Employee Data View & Onboarding","Admin|HRBP|Deepta Mathur Employee Data View||Jennifer Employee Data View & Onboarding","Admin|HRBP|Deepta Mathur Employee Data View||Jennifer Employee Data View & Onboarding",Admin,,,,Disabled,Disabled,,Disabled,Disabled,Disabled,Disabled,Disabled,Disabled,Disabled,Disabled,Disabled,Disabled,Disabled,,,,,All,,NA,,NA,NA
"Personal Identity",personal_identity,16,"Identity Card Number (Kartu Tanda Penduduk) (KTP) (Indonesia)",indonesia_identity_card_number,316,No,,,,Disabled,ALL,,,Disabled,Disabled,N.A,Disabled,,Disabled,,Disabled,,,"Admin|Self|HRBP|Vice President|Ragini|Deepta Mathur Employee Data View|Yogesh Employee Data View|Chaithra Palladka & Rina Patel|Shreshta Alawandi Employee Data and Confirmation||Jennifer Employee Data View & Onboarding","Admin|HRBP|Deepta Mathur Employee Data View||Jennifer Employee Data View & Onboarding","Admin|HRBP|Deepta Mathur Employee Data View||Jennifer Employee Data View & Onboarding",Admin,,,,Disabled,Disabled,,Disabled,Disabled,Disabled,Disabled,Disabled,Disabled,Disabled,Disabled,Disabled,Disabled,Disabled,,,,,All,,NA,,NA,NA
"Personal Identity",personal_identity,16,"National ID Number (Iran)",iran_national_id_number,317,No,,,,Disabled,ALL,,,Disabled,Disabled,N.A,Disabled,,Disabled,,Disabled,,,"Admin|Self|HRBP|Vice President|Ragini|Deepta Mathur Employee Data View|Yogesh Employee Data View|Chaithra Palladka & Rina Patel|Shreshta Alawandi Employee Data and Confirmation||Jennifer Employee Data View & Onboarding","Admin|HRBP|Deepta Mathur Employee Data View||Jennifer Employee Data View & Onboarding","Admin|HRBP|Deepta Mathur Employee Data View||Jennifer Employee Data View & Onboarding",Admin,,,,Disabled,Disabled,,Disabled,Disabled,Disabled,Disabled,Disabled,Disabled,Disabled,Disabled,Disabled,Disabled,Disabled,,,,,All,,NA,,NA,NA
"Personal Identity",personal_identity,16,"Civil ID Number (Iraq)",iraq_civil_id_number,318,No,,,,Disabled,ALL,,,Disabled,Disabled,N.A,Disabled,,Disabled,,Disabled,,,"Admin|Self|HRBP|Vice President|Ragini|Deepta Mathur Employee Data View|Yogesh Employee Data View|Chaithra Palladka & Rina Patel|Shreshta Alawandi Employee Data and Confirmation||Jennifer Employee Data View & Onboarding","Admin|HRBP|Deepta Mathur Employee Data View||Jennifer Employee Data View & Onboarding","Admin|HRBP|Deepta Mathur Employee Data View||Jennifer Employee Data View & Onboarding",Admin,,,,Disabled,Disabled,,Disabled,Disabled,Disabled,Disabled,Disabled,Disabled,Disabled,Disabled,Disabled,Disabled,Disabled,,,,,All,,NA,,NA,NA
"Personal Identity",personal_identity,16,"Personal Public Service Number (PPS no) (Ireland)",ireland_public_service_number,319,No,,,,Disabled,ALL,,,Disabled,Disabled,N.A,Disabled,,Disabled,,Disabled,,,"Admin|Self|HRBP|Vice President|Ragini|Deepta Mathur Employee Data View|Yogesh Employee Data View|Chaithra Palladka & Rina Patel|Shreshta Alawandi Employee Data and Confirmation||Jennifer Employee Data View & Onboarding","Admin|HRBP|Deepta Mathur Employee Data View||Jennifer Employee Data View & Onboarding","Admin|HRBP|Deepta Mathur Employee Data View||Jennifer Employee Data View & Onboarding",Admin,,,,Disabled,Disabled,,Disabled,Disabled,Disabled,Disabled,Disabled,Disabled,Disabled,Disabled,Disabled,Disabled,Disabled,,,,,All,,NA,,NA,NA
"Personal Identity",personal_identity,16,"ID Number (Teudat Zehut) (Israel)",israel_id_number,320,No,,,,Disabled,ALL,,,Disabled,Disabled,N.A,Disabled,,Disabled,,Disabled,,,"Admin|Self|HRBP|Vice President|Ragini|Deepta Mathur Employee Data View|Yogesh Employee Data View|Chaithra Palladka & Rina Patel|Shreshta Alawandi Employee Data and Confirmation||Jennifer Employee Data View & Onboarding","Admin|HRBP|Deepta Mathur Employee Data View||Jennifer Employee Data View & Onboarding","Admin|HRBP|Deepta Mathur Employee Data View||Jennifer Employee Data View & Onboarding",Admin,,,,Disabled,Disabled,,Disabled,Disabled,Disabled,Disabled,Disabled,Disabled,Disabled,Disabled,Disabled,Disabled,Disabled,,,,,All,,NA,,NA,NA
"Personal Identity",personal_identity,16,"Accident Insurance Number (INAIL) (Italy)",italy_id_number,321,No,,,,Disabled,ALL,,,Disabled,Disabled,N.A,Disabled,,Disabled,,Disabled,,,"Admin|Self|HRBP|Vice President|Ragini|Deepta Mathur Employee Data View|Yogesh Employee Data View|Chaithra Palladka & Rina Patel|Shreshta Alawandi Employee Data and Confirmation||Jennifer Employee Data View & Onboarding","Admin|HRBP|Deepta Mathur Employee Data View||Jennifer Employee Data View & Onboarding","Admin|HRBP|Deepta Mathur Employee Data View||Jennifer Employee Data View & Onboarding",Admin,,,,Disabled,Disabled,,Disabled,Disabled,Disabled,Disabled,Disabled,Disabled,Disabled,Disabled,Disabled,Disabled,Disabled,,,,,All,,NA,,NA,NA
"Personal Identity",personal_identity,16,"Executive Pension (INPDAI) Number (Italy)",italy_pension_number,322,No,,,,Disabled,ALL,,,Disabled,Disabled,N.A,Disabled,,Disabled,,Disabled,,,"Admin|Self|HRBP|Vice President|Ragini|Deepta Mathur Employee Data View|Yogesh Employee Data View|Chaithra Palladka & Rina Patel|Shreshta Alawandi Employee Data and Confirmation||Jennifer Employee Data View & Onboarding","Admin|HRBP|Deepta Mathur Employee Data View||Jennifer Employee Data View & Onboarding","Admin|HRBP|Deepta Mathur Employee Data View||Jennifer Employee Data View & Onboarding",Admin,,,,Disabled,Disabled,,Disabled,Disabled,Disabled,Disabled,Disabled,Disabled,Disabled,Disabled,Disabled,Disabled,Disabled,,,,,All,,NA,,NA,NA
"Personal Identity",personal_identity,16,"Fiscal Code (Codice Fiscale) (CF) (Italy)",italy_fiscal_number,323,No,,,,Disabled,ALL,,,Disabled,Disabled,N.A,Disabled,,Disabled,,Disabled,,,"Admin|Self|HRBP|Vice President|Ragini|Deepta Mathur Employee Data View|Yogesh Employee Data View|Chaithra Palladka & Rina Patel|Shreshta Alawandi Employee Data and Confirmation||Jennifer Employee Data View & Onboarding","Admin|HRBP|Deepta Mathur Employee Data View||Jennifer Employee Data View & Onboarding","Admin|HRBP|Deepta Mathur Employee Data View||Jennifer Employee Data View & Onboarding",Admin,,,,Disabled,Disabled,,Disabled,Disabled,Disabled,Disabled,Disabled,Disabled,Disabled,Disabled,Disabled,Disabled,Disabled,,,,,All,,NA,,NA,NA
"Personal Identity",personal_identity,16,"Identity Card Number (carta di identità) (CID) (Italy)",italy_cid_number,324,No,,,,Disabled,ALL,,,Disabled,Disabled,N.A,Disabled,,Disabled,,Disabled,,,"Admin|Self|HRBP|Vice President|Ragini|Deepta Mathur Employee Data View|Yogesh Employee Data View|Chaithra Palladka & Rina Patel|Shreshta Alawandi Employee Data and Confirmation||Jennifer Employee Data View & Onboarding","Admin|HRBP|Deepta Mathur Employee Data View||Jennifer Employee Data View & Onboarding","Admin|HRBP|Deepta Mathur Employee Data View||Jennifer Employee Data View & Onboarding",Admin,,,,Disabled,Disabled,,Disabled,Disabled,Disabled,Disabled,Disabled,Disabled,Disabled,Disabled,Disabled,Disabled,Disabled,,,,,All,,NA,,NA,NA
"Personal Identity",personal_identity,16,"Supplemental Pension Number (PREVINDAI) (Italy)",italy_previndai_number,325,No,,,,Disabled,ALL,,,Disabled,Disabled,N.A,Disabled,,Disabled,,Disabled,,,"Admin|Self|HRBP|Vice President|Ragini|Deepta Mathur Employee Data View|Yogesh Employee Data View|Chaithra Palladka & Rina Patel|Shreshta Alawandi Employee Data and Confirmation||Jennifer Employee Data View & Onboarding","Admin|HRBP|Deepta Mathur Employee Data View||Jennifer Employee Data View & Onboarding","Admin|HRBP|Deepta Mathur Employee Data View||Jennifer Employee Data View & Onboarding",Admin,,,,Disabled,Disabled,,Disabled,Disabled,Disabled,Disabled,Disabled,Disabled,Disabled,Disabled,Disabled,Disabled,Disabled,,,,,All,,NA,,NA,NA
"Personal Identity",personal_identity,16,"Employees’ Pension Insurance Reference Number of the Insured (Kosei Nenkin Hoken Hihokensha Seiri Bango) (Japan)",japan_pension_insurance_number,327,No,,,,Disabled,ALL,,,Disabled,Disabled,N.A,Disabled,,Disabled,,Disabled,,,"Admin|Self|HRBP|Vice President|Ragini|Deepta Mathur Employee Data View|Yogesh Employee Data View|Chaithra Palladka & Rina Patel|Shreshta Alawandi Employee Data and Confirmation||Jennifer Employee Data View & Onboarding","Admin|HRBP|Deepta Mathur Employee Data View||Jennifer Employee Data View & Onboarding","Admin|HRBP|Deepta Mathur Employee Data View||Jennifer Employee Data View & Onboarding",Admin,,,,Disabled,Disabled,,Disabled,Disabled,Disabled,Disabled,Disabled,Disabled,Disabled,Disabled,Disabled,Disabled,Disabled,,,,,All,,NA,,NA,NA
"Personal Identity",personal_identity,16,"Employment Insurance Number (Koyou Hoken Hihokensha Bango) (Japan)",japan_insurance_number,328,No,,,,Disabled,ALL,,,Disabled,Disabled,N.A,Disabled,,Disabled,,Disabled,,,"Admin|Self|HRBP|Vice President|Ragini|Deepta Mathur Employee Data View|Yogesh Employee Data View|Chaithra Palladka & Rina Patel|Shreshta Alawandi Employee Data and Confirmation||Jennifer Employee Data View & Onboarding","Admin|HRBP|Deepta Mathur Employee Data View||Jennifer Employee Data View & Onboarding","Admin|HRBP|Deepta Mathur Employee Data View||Jennifer Employee Data View & Onboarding",Admin,,,,Disabled,Disabled,,Disabled,Disabled,Disabled,Disabled,Disabled,Disabled,Disabled,Disabled,Disabled,Disabled,Disabled,,,,,All,,NA,,NA,NA
"Personal Identity",personal_identity,16,"Health Insurance Number (Kenko Hoken Bango) (Japan)",japan_health_insurance_number,329,No,,,,Disabled,ALL,,,Disabled,Disabled,N.A,Disabled,,Disabled,,Disabled,,,"Admin|Self|HRBP|Vice President|Ragini|Deepta Mathur Employee Data View|Yogesh Employee Data View|Chaithra Palladka & Rina Patel|Shreshta Alawandi Employee Data and Confirmation||Jennifer Employee Data View & Onboarding","Admin|HRBP|Deepta Mathur Employee Data View||Jennifer Employee Data View & Onboarding","Admin|HRBP|Deepta Mathur Employee Data View||Jennifer Employee Data View & Onboarding",Admin,,,,Disabled,Disabled,,Disabled,Disabled,Disabled,Disabled,Disabled,Disabled,Disabled,Disabled,Disabled,Disabled,Disabled,,,,,All,,NA,,NA,NA
"Personal Identity",personal_identity,16,"Individual Number (My Number) (Japan)",japan_individual_number,330,No,,,,Disabled,ALL,,,Disabled,Disabled,N.A,Disabled,,Disabled,,Disabled,,,"Admin|Self|HRBP|Vice President|Ragini|Deepta Mathur Employee Data View|Yogesh Employee Data View|Chaithra Palladka & Rina Patel|Shreshta Alawandi Employee Data and Confirmation||Jennifer Employee Data View & Onboarding","Admin|HRBP|Deepta Mathur Employee Data View||Jennifer Employee Data View & Onboarding","Admin|HRBP|Deepta Mathur Employee Data View||Jennifer Employee Data View & Onboarding",Admin,,,,Disabled,Disabled,,Disabled,Disabled,Disabled,Disabled,Disabled,Disabled,Disabled,Disabled,Disabled,Disabled,Disabled,,,,,All,,NA,,NA,NA
"Personal Identity",personal_identity,16,"National Pension Number (Kiso Nenkin Bango) (Japan)",japan_national_pension_number,331,No,,,,Disabled,ALL,,,Disabled,Disabled,N.A,Disabled,,Disabled,,Disabled,,,"Admin|Self|HRBP|Vice President|Ragini|Deepta Mathur Employee Data View|Yogesh Employee Data View|Chaithra Palladka & Rina Patel|Shreshta Alawandi Employee Data and Confirmation||Jennifer Employee Data View & Onboarding","Admin|HRBP|Deepta Mathur Employee Data View||Jennifer Employee Data View & Onboarding","Admin|HRBP|Deepta Mathur Employee Data View||Jennifer Employee Data View & Onboarding",Admin,,,,Disabled,Disabled,,Disabled,Disabled,Disabled,Disabled,Disabled,Disabled,Disabled,Disabled,Disabled,Disabled,Disabled,,,,,All,,NA,,NA,NA
"Personal Identity",personal_identity,16,"Resident (Zairyuu) Card Number (Japan)",japan_resident_card_number,333,No,,,,Disabled,ALL,,,Disabled,Disabled,N.A,Disabled,,Disabled,,Disabled,,,"Admin|Self|HRBP|Vice President|Ragini|Deepta Mathur Employee Data View|Yogesh Employee Data View|Chaithra Palladka & Rina Patel|Shreshta Alawandi Employee Data and Confirmation||Jennifer Employee Data View & Onboarding","Admin|HRBP|Deepta Mathur Employee Data View||Jennifer Employee Data View & Onboarding","Admin|HRBP|Deepta Mathur Employee Data View||Jennifer Employee Data View & Onboarding",Admin,,,,Disabled,Disabled,,Disabled,Disabled,Disabled,Disabled,Disabled,Disabled,Disabled,Disabled,Disabled,Disabled,Disabled,,,,,All,,NA,,NA,NA
"Personal Identity",personal_identity,16,"Welfare Pension Number (Kosei Nenkin Bango) (Japan)",japan_welfare_pension_number,335,No,,,,Disabled,ALL,,,Disabled,Disabled,N.A,Disabled,,Disabled,,Disabled,,,"Admin|Self|HRBP|Vice President|Ragini|Deepta Mathur Employee Data View|Yogesh Employee Data View|Chaithra Palladka & Rina Patel|Shreshta Alawandi Employee Data and Confirmation||Jennifer Employee Data View & Onboarding","Admin|HRBP|Deepta Mathur Employee Data View||Jennifer Employee Data View & Onboarding","Admin|HRBP|Deepta Mathur Employee Data View||Jennifer Employee Data View & Onboarding",Admin,,,,Disabled,Disabled,,Disabled,Disabled,Disabled,Disabled,Disabled,Disabled,Disabled,Disabled,Disabled,Disabled,Disabled,,,,,All,,NA,,NA,NA
"Personal Identity",personal_identity,16,"National Number (Jordan)",jordan_national_number,336,No,,,,Disabled,ALL,,,Disabled,Disabled,N.A,Disabled,,Disabled,,Disabled,,,"Admin|Self|HRBP|Vice President|Ragini|Deepta Mathur Employee Data View|Yogesh Employee Data View|Chaithra Palladka & Rina Patel|Shreshta Alawandi Employee Data and Confirmation||Jennifer Employee Data View & Onboarding","Admin|HRBP|Deepta Mathur Employee Data View||Jennifer Employee Data View & Onboarding","Admin|HRBP|Deepta Mathur Employee Data View||Jennifer Employee Data View & Onboarding",Admin,,,,Disabled,Disabled,,Disabled,Disabled,Disabled,Disabled,Disabled,Disabled,Disabled,Disabled,Disabled,Disabled,Disabled,,,,,All,,NA,,NA,NA
"Personal Identity",personal_identity,16,"Individual Identification Number (Kazakhstan)",kazakhstan_individual_id_number,337,No,,,,Disabled,ALL,,,Disabled,Disabled,N.A,Disabled,,Disabled,,Disabled,,,"Admin|Self|HRBP|Vice President|Ragini|Deepta Mathur Employee Data View|Yogesh Employee Data View|Chaithra Palladka & Rina Patel|Shreshta Alawandi Employee Data and Confirmation||Jennifer Employee Data View & Onboarding","Admin|HRBP|Deepta Mathur Employee Data View||Jennifer Employee Data View & Onboarding","Admin|HRBP|Deepta Mathur Employee Data View||Jennifer Employee Data View & Onboarding",Admin,,,,Disabled,Disabled,,Disabled,Disabled,Disabled,Disabled,Disabled,Disabled,Disabled,Disabled,Disabled,Disabled,Disabled,,,,,All,,NA,,NA,NA
"Personal Identity",personal_identity,16,"Alien Registration Number (ARN) (Korea, Republic of)",korea_alien_registration_id_number,338,No,,,,Disabled,ALL,,,Disabled,Disabled,N.A,Disabled,,Disabled,,Disabled,,,"Admin|Self|HRBP|Vice President|Ragini|Deepta Mathur Employee Data View|Yogesh Employee Data View|Chaithra Palladka & Rina Patel|Shreshta Alawandi Employee Data and Confirmation||Jennifer Employee Data View & Onboarding","Admin|HRBP|Deepta Mathur Employee Data View||Jennifer Employee Data View & Onboarding","Admin|HRBP|Deepta Mathur Employee Data View||Jennifer Employee Data View & Onboarding",Admin,,,,Disabled,Disabled,,Disabled,Disabled,Disabled,Disabled,Disabled,Disabled,Disabled,Disabled,Disabled,Disabled,Disabled,,,,,All,,NA,,NA,NA
"Personal Identity",personal_identity,16,"Resident Registration Number (RRN) (Korea, Republic of)",korea_registration_resident_number,339,No,,,,Disabled,ALL,,,Disabled,Disabled,N.A,Disabled,,Disabled,,Disabled,,,"Admin|Self|HRBP|Vice President|Ragini|Deepta Mathur Employee Data View|Yogesh Employee Data View|Chaithra Palladka & Rina Patel|Shreshta Alawandi Employee Data and Confirmation||Jennifer Employee Data View & Onboarding","Admin|HRBP|Deepta Mathur Employee Data View||Jennifer Employee Data View & Onboarding","Admin|HRBP|Deepta Mathur Employee Data View||Jennifer Employee Data View & Onboarding",Admin,,,,Disabled,Disabled,,Disabled,Disabled,Disabled,Disabled,Disabled,Disabled,Disabled,Disabled,Disabled,Disabled,Disabled,,,,,All,,NA,,NA,NA
"Personal Identity",personal_identity,16,"Civil ID Number (Kuwait)",Kuwait_civil_id_number,340,No,,,,Disabled,ALL,,,Disabled,Disabled,N.A,Disabled,,Disabled,,Disabled,,,"Admin|Self|HRBP|Vice President|Ragini|Deepta Mathur Employee Data View|Yogesh Employee Data View|Chaithra Palladka & Rina Patel|Shreshta Alawandi Employee Data and Confirmation||Jennifer Employee Data View & Onboarding","Admin|HRBP|Deepta Mathur Employee Data View||Jennifer Employee Data View & Onboarding","Admin|HRBP|Deepta Mathur Employee Data View||Jennifer Employee Data View & Onboarding",Admin,,,,Disabled,Disabled,,Disabled,Disabled,Disabled,Disabled,Disabled,Disabled,Disabled,Disabled,Disabled,Disabled,Disabled,,,,,All,,NA,,NA,NA
"Personal Identity",personal_identity,16,"Identity Card (Kyrgyzstan)",kyrgyzstan_identity_card_number,341,No,,,,Disabled,ALL,,,Disabled,Disabled,N.A,Disabled,,Disabled,,Disabled,,,"Admin|Self|HRBP|Vice President|Ragini|Deepta Mathur Employee Data View|Yogesh Employee Data View|Chaithra Palladka & Rina Patel|Shreshta Alawandi Employee Data and Confirmation||Jennifer Employee Data View & Onboarding","Admin|HRBP|Deepta Mathur Employee Data View||Jennifer Employee Data View & Onboarding","Admin|HRBP|Deepta Mathur Employee Data View||Jennifer Employee Data View & Onboarding",Admin,,,,Disabled,Disabled,,Disabled,Disabled,Disabled,Disabled,Disabled,Disabled,Disabled,Disabled,Disabled,Disabled,Disabled,,,,,All,,NA,,NA,NA
"Personal Identity",personal_identity,16,"Personal Code (Latvia)",latvia_personal_code,342,No,,,,Disabled,ALL,,,Disabled,Disabled,N.A,Disabled,,Disabled,,Disabled,,,"Admin|Self|HRBP|Vice President|Ragini|Deepta Mathur Employee Data View|Yogesh Employee Data View|Chaithra Palladka & Rina Patel|Shreshta Alawandi Employee Data and Confirmation||Jennifer Employee Data View & Onboarding","Admin|HRBP|Deepta Mathur Employee Data View||Jennifer Employee Data View & Onboarding","Admin|HRBP|Deepta Mathur Employee Data View||Jennifer Employee Data View & Onboarding",Admin,,,,Disabled,Disabled,,Disabled,Disabled,Disabled,Disabled,Disabled,Disabled,Disabled,Disabled,Disabled,Disabled,Disabled,,,,,All,,NA,,NA,NA
"Personal Identity",personal_identity,16,"National Personal Identification Number (PEID) (Liechtenstein)",liechtenstein_personal_id_number,343,No,,,,Disabled,ALL,,,Disabled,Disabled,N.A,Disabled,,Disabled,,Disabled,,,"Admin|Self|HRBP|Vice President|Ragini|Deepta Mathur Employee Data View|Yogesh Employee Data View|Chaithra Palladka & Rina Patel|Shreshta Alawandi Employee Data and Confirmation||Jennifer Employee Data View & Onboarding","Admin|HRBP|Deepta Mathur Employee Data View||Jennifer Employee Data View & Onboarding","Admin|HRBP|Deepta Mathur Employee Data View||Jennifer Employee Data View & Onboarding",Admin,,,,Disabled,Disabled,,Disabled,Disabled,Disabled,Disabled,Disabled,Disabled,Disabled,Disabled,Disabled,Disabled,Disabled,,,,,All,,NA,,NA,NA
"Personal Identity",personal_identity,16,"Personal Code (Asmens kodas) (Lithuania)",lithuania_personal_code,344,No,,,,Disabled,ALL,,,Disabled,Disabled,N.A,Disabled,,Disabled,,Disabled,,,"Admin|Self|HRBP|Vice President|Ragini|Deepta Mathur Employee Data View|Yogesh Employee Data View|Chaithra Palladka & Rina Patel|Shreshta Alawandi Employee Data and Confirmation||Jennifer Employee Data View & Onboarding","Admin|HRBP|Deepta Mathur Employee Data View||Jennifer Employee Data View & Onboarding","Admin|HRBP|Deepta Mathur Employee Data View||Jennifer Employee Data View & Onboarding",Admin,,,,Disabled,Disabled,,Disabled,Disabled,Disabled,Disabled,Disabled,Disabled,Disabled,Disabled,Disabled,Disabled,Disabled,,,,,All,,NA,,NA,NA
"Personal Identity",personal_identity,16,"ASB Membership Number (Malaysia)",malaysia_asb_membership_number,345,No,,,,Disabled,ALL,,,Disabled,Disabled,N.A,Disabled,,Disabled,,Disabled,,,"Admin|Self|HRBP|Vice President|Ragini|Deepta Mathur Employee Data View|Yogesh Employee Data View|Chaithra Palladka & Rina Patel|Shreshta Alawandi Employee Data and Confirmation||Jennifer Employee Data View & Onboarding","Admin|HRBP|Deepta Mathur Employee Data View||Jennifer Employee Data View & Onboarding","Admin|HRBP|Deepta Mathur Employee Data View||Jennifer Employee Data View & Onboarding",Admin,,,,Disabled,Disabled,,Disabled,Disabled,Disabled,Disabled,Disabled,Disabled,Disabled,Disabled,Disabled,Disabled,Disabled,,,,,All,,NA,,NA,NA
"Personal Identity",personal_identity,16,"PNB Number (Malaysia)",malaysia_pnb_number,346,No,,,,Disabled,ALL,,,Disabled,Disabled,N.A,Disabled,,Disabled,,Disabled,,,"Admin|Self|HRBP|Vice President|Ragini|Deepta Mathur Employee Data View|Yogesh Employee Data View|Chaithra Palladka & Rina Patel|Shreshta Alawandi Employee Data and Confirmation||Jennifer Employee Data View & Onboarding","Admin|HRBP|Deepta Mathur Employee Data View||Jennifer Employee Data View & Onboarding","Admin|HRBP|Deepta Mathur Employee Data View||Jennifer Employee Data View & Onboarding",Admin,,,,Disabled,Disabled,,Disabled,Disabled,Disabled,Disabled,Disabled,Disabled,Disabled,Disabled,Disabled,Disabled,Disabled,,,,,All,,NA,,NA,NA
"Personal Identity",personal_identity,16,"Provident Fund (KWSP) Number(Malaysia)",malaysia_provident_fund_number,347,No,,,,Disabled,ALL,,,Disabled,Disabled,N.A,Disabled,,Disabled,,Disabled,,,"Admin|Self|HRBP|Vice President|Ragini|Deepta Mathur Employee Data View|Yogesh Employee Data View|Chaithra Palladka & Rina Patel|Shreshta Alawandi Employee Data and Confirmation||Jennifer Employee Data View & Onboarding","Admin|HRBP|Deepta Mathur Employee Data View||Jennifer Employee Data View & Onboarding","Admin|HRBP|Deepta Mathur Employee Data View||Jennifer Employee Data View & Onboarding",Admin,,,,Disabled,Disabled,,Disabled,Disabled,Disabled,Disabled,Disabled,Disabled,Disabled,Disabled,Disabled,Disabled,Disabled,,,,,All,,NA,,NA,NA
"Personal Identity",personal_identity,16,"Tabung Haji Number(Malaysia)",malaysia_tabung_haji_number,348,No,,,,Disabled,ALL,,,Disabled,Disabled,N.A,Disabled,,Disabled,,Disabled,,,"Admin|Self|HRBP|Vice President|Ragini|Deepta Mathur Employee Data View|Yogesh Employee Data View|Chaithra Palladka & Rina Patel|Shreshta Alawandi Employee Data and Confirmation||Jennifer Employee Data View & Onboarding","Admin|HRBP|Deepta Mathur Employee Data View||Jennifer Employee Data View & Onboarding","Admin|HRBP|Deepta Mathur Employee Data View||Jennifer Employee Data View & Onboarding",Admin,,,,Disabled,Disabled,,Disabled,Disabled,Disabled,Disabled,Disabled,Disabled,Disabled,Disabled,Disabled,Disabled,Disabled,,,,,All,,NA,,NA,NA
"Personal Identity",personal_identity,16,"National ID Card Number(Maldives)",maldives_national_number,349,No,,,,Disabled,ALL,,,Disabled,Disabled,N.A,Disabled,,Disabled,,Disabled,,,"Admin|Self|HRBP|Vice President|Ragini|Deepta Mathur Employee Data View|Yogesh Employee Data View|Chaithra Palladka & Rina Patel|Shreshta Alawandi Employee Data and Confirmation||Jennifer Employee Data View & Onboarding","Admin|HRBP|Deepta Mathur Employee Data View||Jennifer Employee Data View & Onboarding","Admin|HRBP|Deepta Mathur Employee Data View||Jennifer Employee Data View & Onboarding",Admin,,,,Disabled,Disabled,,Disabled,Disabled,Disabled,Disabled,Disabled,Disabled,Disabled,Disabled,Disabled,Disabled,Disabled,,,,,All,,NA,,NA,NA
"Personal Identity",personal_identity,16,"Personal ID Code (CURP) (Mexico)",mexico_personal_id,350,No,,,,Disabled,ALL,,,Disabled,Disabled,N.A,Disabled,,Disabled,,Disabled,,,"Admin|Self|HRBP|Vice President|Ragini|Deepta Mathur Employee Data View|Yogesh Employee Data View|Chaithra Palladka & Rina Patel|Shreshta Alawandi Employee Data and Confirmation||Jennifer Employee Data View & Onboarding","Admin|HRBP|Deepta Mathur Employee Data View||Jennifer Employee Data View & Onboarding","Admin|HRBP|Deepta Mathur Employee Data View||Jennifer Employee Data View & Onboarding",Admin,,,,Disabled,Disabled,,Disabled,Disabled,Disabled,Disabled,Disabled,Disabled,Disabled,Disabled,Disabled,Disabled,Disabled,,,,,All,,NA,,NA,NA
"Personal Identity",personal_identity,16,"Residence Card (RC) (Mexico)",mexico_residence,351,No,,,,Disabled,ALL,,,Disabled,Disabled,N.A,Disabled,,Disabled,,Disabled,,,"Admin|Self|HRBP|Vice President|Ragini|Deepta Mathur Employee Data View|Yogesh Employee Data View|Chaithra Palladka & Rina Patel|Shreshta Alawandi Employee Data and Confirmation||Jennifer Employee Data View & Onboarding","Admin|HRBP|Deepta Mathur Employee Data View||Jennifer Employee Data View & Onboarding","Admin|HRBP|Deepta Mathur Employee Data View||Jennifer Employee Data View & Onboarding",Admin,,,,Disabled,Disabled,,Disabled,Disabled,Disabled,Disabled,Disabled,Disabled,Disabled,Disabled,Disabled,Disabled,Disabled,,,,,All,,NA,,NA,NA
"Personal Identity",personal_identity,16,"Social Security (IMSS) Number (Mexico)",mexico_social_security_number,352,No,,,,Disabled,ALL,,,Disabled,Disabled,N.A,Disabled,,Disabled,,Disabled,,,"Admin|Self|HRBP|Vice President|Ragini|Deepta Mathur Employee Data View|Yogesh Employee Data View|Chaithra Palladka & Rina Patel|Shreshta Alawandi Employee Data and Confirmation||Jennifer Employee Data View & Onboarding","Admin|HRBP|Deepta Mathur Employee Data View||Jennifer Employee Data View & Onboarding","Admin|HRBP|Deepta Mathur Employee Data View||Jennifer Employee Data View & Onboarding",Admin,,,,Disabled,Disabled,,Disabled,Disabled,Disabled,Disabled,Disabled,Disabled,Disabled,Disabled,Disabled,Disabled,Disabled,,,,,All,,NA,,NA,NA
"Personal Identity",personal_identity,16,"Taxpayer (RFC) Number (Mexico)",mexico_tax_payer_number,353,No,,,,Disabled,ALL,,,Disabled,Disabled,N.A,Disabled,,Disabled,,Disabled,,,"Admin|Self|HRBP|Vice President|Ragini|Deepta Mathur Employee Data View|Yogesh Employee Data View|Chaithra Palladka & Rina Patel|Shreshta Alawandi Employee Data and Confirmation||Jennifer Employee Data View & Onboarding","Admin|HRBP|Deepta Mathur Employee Data View||Jennifer Employee Data View & Onboarding","Admin|HRBP|Deepta Mathur Employee Data View||Jennifer Employee Data View & Onboarding",Admin,,,,Disabled,Disabled,,Disabled,Disabled,Disabled,Disabled,Disabled,Disabled,Disabled,Disabled,Disabled,Disabled,Disabled,,,,,All,,NA,,NA,NA
"Personal Identity",personal_identity,16,"Foreigner Registration Certificate (FRC) (Myanmar)",myanmar_foreigner_registration_number,354,No,,,,Disabled,ALL,,,Disabled,Disabled,N.A,Disabled,,Disabled,,Disabled,,,"Admin|Self|HRBP|Vice President|Ragini|Deepta Mathur Employee Data View|Yogesh Employee Data View|Chaithra Palladka & Rina Patel|Shreshta Alawandi Employee Data and Confirmation||Jennifer Employee Data View & Onboarding","Admin|HRBP|Deepta Mathur Employee Data View||Jennifer Employee Data View & Onboarding","Admin|HRBP|Deepta Mathur Employee Data View||Jennifer Employee Data View & Onboarding",Admin,,,,Disabled,Disabled,,Disabled,Disabled,Disabled,Disabled,Disabled,Disabled,Disabled,Disabled,Disabled,Disabled,Disabled,,,,,All,,NA,,NA,NA
"Personal Identity",personal_identity,16,"National Registration Card (NRC) Number (Myanmar)",myanmar_national_registration_number,355,No,,,,Disabled,ALL,,,Disabled,Disabled,N.A,Disabled,,Disabled,,Disabled,,,"Admin|Self|HRBP|Vice President|Ragini|Deepta Mathur Employee Data View|Yogesh Employee Data View|Chaithra Palladka & Rina Patel|Shreshta Alawandi Employee Data and Confirmation||Jennifer Employee Data View & Onboarding","Admin|HRBP|Deepta Mathur Employee Data View||Jennifer Employee Data View & Onboarding","Admin|HRBP|Deepta Mathur Employee Data View||Jennifer Employee Data View & Onboarding",Admin,,,,Disabled,Disabled,,Disabled,Disabled,Disabled,Disabled,Disabled,Disabled,Disabled,Disabled,Disabled,Disabled,Disabled,,,,,All,,NA,,NA,NA
"Personal Identity",personal_identity,16,"Permanent Account Number (PAN) (Nepal)",nepal_permanent_account_number,356,No,,,,Disabled,ALL,,,Disabled,Disabled,N.A,Disabled,,Disabled,,Disabled,,,"Admin|Self|HRBP|Vice President|Ragini|Deepta Mathur Employee Data View|Yogesh Employee Data View|Chaithra Palladka & Rina Patel|Shreshta Alawandi Employee Data and Confirmation||Jennifer Employee Data View & Onboarding","Admin|HRBP|Deepta Mathur Employee Data View||Jennifer Employee Data View & Onboarding","Admin|HRBP|Deepta Mathur Employee Data View||Jennifer Employee Data View & Onboarding",Admin,,,,Disabled,Disabled,,Disabled,Disabled,Disabled,Disabled,Disabled,Disabled,Disabled,Disabled,Disabled,Disabled,Disabled,,,,,All,,NA,,NA,NA
"Personal Identity",personal_identity,16,"Permanent Account Number (PAN) (Oman)",oman_civil_number,357,No,,,,Disabled,ALL,,,Disabled,Disabled,N.A,Disabled,,Disabled,,Disabled,,,"Admin|Self|HRBP|Vice President|Ragini|Deepta Mathur Employee Data View|Yogesh Employee Data View|Chaithra Palladka & Rina Patel|Shreshta Alawandi Employee Data and Confirmation||Jennifer Employee Data View & Onboarding","Admin|HRBP|Deepta Mathur Employee Data View||Jennifer Employee Data View & Onboarding","Admin|HRBP|Deepta Mathur Employee Data View||Jennifer Employee Data View & Onboarding",Admin,,,,Disabled,Disabled,,Disabled,Disabled,Disabled,Disabled,Disabled,Disabled,Disabled,Disabled,Disabled,Disabled,Disabled,,,,,All,,NA,,NA,NA
"Personal Identity",personal_identity,16,"Identification Card (PhilSys ID) (PID) (Philippines)",philippines_identification_number,358,No,,,,Disabled,ALL,,,Disabled,Disabled,N.A,Disabled,,Disabled,,Disabled,,,"Admin|Self|HRBP|Vice President|Ragini|Deepta Mathur Employee Data View|Yogesh Employee Data View|Chaithra Palladka & Rina Patel|Shreshta Alawandi Employee Data and Confirmation||Jennifer Employee Data View & Onboarding","Admin|HRBP|Deepta Mathur Employee Data View||Jennifer Employee Data View & Onboarding","Admin|HRBP|Deepta Mathur Employee Data View||Jennifer Employee Data View & Onboarding",Admin,,,,Disabled,Disabled,,Disabled,Disabled,Disabled,Disabled,Disabled,Disabled,Disabled,Disabled,Disabled,Disabled,Disabled,,,,,All,,NA,,NA,NA
"Personal Identity",personal_identity,16,"PhilHealth Identification Number (PIN) (Philippines)",philippines_philhealth_id_number,359,No,,,,Disabled,ALL,,,Disabled,Disabled,N.A,Disabled,,Disabled,,Disabled,,,"Admin|Self|HRBP|Vice President|Ragini|Deepta Mathur Employee Data View|Yogesh Employee Data View|Chaithra Palladka & Rina Patel|Shreshta Alawandi Employee Data and Confirmation||Jennifer Employee Data View & Onboarding","Admin|HRBP|Deepta Mathur Employee Data View||Jennifer Employee Data View & Onboarding","Admin|HRBP|Deepta Mathur Employee Data View||Jennifer Employee Data View & Onboarding",Admin,,,,Disabled,Disabled,,Disabled,Disabled,Disabled,Disabled,Disabled,Disabled,Disabled,Disabled,Disabled,Disabled,Disabled,,,,,All,,NA,,NA,NA
"Personal Identity",personal_identity,16,"ID Card (Dowód Osobisty) Number (Poland)",poland_id_card_number,360,No,,,,Disabled,ALL,,,Disabled,Disabled,N.A,Disabled,,Disabled,,Disabled,,,"Admin|Self|HRBP|Vice President|Ragini|Deepta Mathur Employee Data View|Yogesh Employee Data View|Chaithra Palladka & Rina Patel|Shreshta Alawandi Employee Data and Confirmation||Jennifer Employee Data View & Onboarding","Admin|HRBP|Deepta Mathur Employee Data View||Jennifer Employee Data View & Onboarding","Admin|HRBP|Deepta Mathur Employee Data View||Jennifer Employee Data View & Onboarding",Admin,,,,Disabled,Disabled,,Disabled,Disabled,Disabled,Disabled,Disabled,Disabled,Disabled,Disabled,Disabled,Disabled,Disabled,,,,,All,,NA,,NA,NA
"Personal Identity",personal_identity,16,"Personal Identity (PESEL) Number (Poland)",poland_personal_id_number,361,No,,,,Disabled,ALL,,,Disabled,Disabled,N.A,Disabled,,Disabled,,Disabled,,,"Admin|Self|HRBP|Vice President|Ragini|Deepta Mathur Employee Data View|Yogesh Employee Data View|Chaithra Palladka & Rina Patel|Shreshta Alawandi Employee Data and Confirmation||Jennifer Employee Data View & Onboarding","Admin|HRBP|Deepta Mathur Employee Data View||Jennifer Employee Data View & Onboarding","Admin|HRBP|Deepta Mathur Employee Data View||Jennifer Employee Data View & Onboarding",Admin,,,,Disabled,Disabled,,Disabled,Disabled,Disabled,Disabled,Disabled,Disabled,Disabled,Disabled,Disabled,Disabled,Disabled,,,,,All,,NA,,NA,NA
"Personal Identity",personal_identity,16,"Tax ID Number (NIP) (Poland)",poland_tax_id_number,362,No,,,,Disabled,ALL,,,Disabled,Disabled,N.A,Disabled,,Disabled,,Disabled,,,"Admin|Self|HRBP|Vice President|Ragini|Deepta Mathur Employee Data View|Yogesh Employee Data View|Chaithra Palladka & Rina Patel|Shreshta Alawandi Employee Data and Confirmation||Jennifer Employee Data View & Onboarding","Admin|HRBP|Deepta Mathur Employee Data View||Jennifer Employee Data View & Onboarding","Admin|HRBP|Deepta Mathur Employee Data View||Jennifer Employee Data View & Onboarding",Admin,,,,Disabled,Disabled,,Disabled,Disabled,Disabled,Disabled,Disabled,Disabled,Disabled,Disabled,Disabled,Disabled,Disabled,,,,,All,,NA,,NA,NA
"Personal Identity",personal_identity,16,"ID Card Number (Qatar)",qatar_id_number,363,No,,,,Disabled,ALL,,,Disabled,Disabled,N.A,Disabled,,Disabled,,Disabled,,,"Admin|Self|HRBP|Vice President|Ragini|Deepta Mathur Employee Data View|Yogesh Employee Data View|Chaithra Palladka & Rina Patel|Shreshta Alawandi Employee Data and Confirmation||Jennifer Employee Data View & Onboarding","Admin|HRBP|Deepta Mathur Employee Data View||Jennifer Employee Data View & Onboarding","Admin|HRBP|Deepta Mathur Employee Data View||Jennifer Employee Data View & Onboarding",Admin,,,,Disabled,Disabled,,Disabled,Disabled,Disabled,Disabled,Disabled,Disabled,Disabled,Disabled,Disabled,Disabled,Disabled,,,,,All,,NA,,NA,NA
"Personal Identity",personal_identity,16,"Identity Card Number (Romania)",romania_id_card_number,364,No,,,,Disabled,ALL,,,Disabled,Disabled,N.A,Disabled,,Disabled,,Disabled,,,"Admin|Self|HRBP|Vice President|Ragini|Deepta Mathur Employee Data View|Yogesh Employee Data View|Chaithra Palladka & Rina Patel|Shreshta Alawandi Employee Data and Confirmation||Jennifer Employee Data View & Onboarding","Admin|HRBP|Deepta Mathur Employee Data View||Jennifer Employee Data View & Onboarding","Admin|HRBP|Deepta Mathur Employee Data View||Jennifer Employee Data View & Onboarding",Admin,,,,Disabled,Disabled,,Disabled,Disabled,Disabled,Disabled,Disabled,Disabled,Disabled,Disabled,Disabled,Disabled,Disabled,,,,,All,,NA,,NA,NA
"Personal Identity",personal_identity,16,"Personal Numeric Code (CNP) (Romania)",romania_personal_numberic_code,365,No,,,,Disabled,ALL,,,Disabled,Disabled,N.A,Disabled,,Disabled,,Disabled,,,"Admin|Self|HRBP|Vice President|Ragini|Deepta Mathur Employee Data View|Yogesh Employee Data View|Chaithra Palladka & Rina Patel|Shreshta Alawandi Employee Data and Confirmation||Jennifer Employee Data View & Onboarding","Admin|HRBP|Deepta Mathur Employee Data View||Jennifer Employee Data View & Onboarding","Admin|HRBP|Deepta Mathur Employee Data View||Jennifer Employee Data View & Onboarding",Admin,,,,Disabled,Disabled,,Disabled,Disabled,Disabled,Disabled,Disabled,Disabled,Disabled,Disabled,Disabled,Disabled,Disabled,,,,,All,,NA,,NA,NA
"Personal Identity",personal_identity,16,"Internal Passport Number (Russian Federation)",russian_federation_internal_passport_number,367,No,,,,Disabled,ALL,,,Disabled,Disabled,N.A,Disabled,,Disabled,,Disabled,,,"Admin|Self|HRBP|Vice President|Ragini|Deepta Mathur Employee Data View|Yogesh Employee Data View|Chaithra Palladka & Rina Patel|Shreshta Alawandi Employee Data and Confirmation||Jennifer Employee Data View & Onboarding","Admin|HRBP|Deepta Mathur Employee Data View||Jennifer Employee Data View & Onboarding","Admin|HRBP|Deepta Mathur Employee Data View||Jennifer Employee Data View & Onboarding",Admin,,,,Disabled,Disabled,,Disabled,Disabled,Disabled,Disabled,Disabled,Disabled,Disabled,Disabled,Disabled,Disabled,Disabled,,,,,All,,NA,,NA,NA
"Personal Identity",personal_identity,16,"Labor Book Number (Russian Federation)",russian_federation_labor_book_number,368,No,,,,Disabled,ALL,,,Disabled,Disabled,N.A,Disabled,,Disabled,,Disabled,,,"Admin|Self|HRBP|Vice President|Ragini|Deepta Mathur Employee Data View|Yogesh Employee Data View|Chaithra Palladka & Rina Patel|Shreshta Alawandi Employee Data and Confirmation||Jennifer Employee Data View & Onboarding","Admin|HRBP|Deepta Mathur Employee Data View||Jennifer Employee Data View & Onboarding","Admin|HRBP|Deepta Mathur Employee Data View||Jennifer Employee Data View & Onboarding",Admin,,,,Disabled,Disabled,,Disabled,Disabled,Disabled,Disabled,Disabled,Disabled,Disabled,Disabled,Disabled,Disabled,Disabled,,,,,All,,NA,,NA,NA
"Personal Identity",personal_identity,16,"RPF (Pension Fund) Registration Number (Russian Federation)",russian_federation_rpf_number,369,No,,,,Disabled,ALL,,,Disabled,Disabled,N.A,Disabled,,Disabled,,Disabled,,,"Admin|Self|HRBP|Vice President|Ragini|Deepta Mathur Employee Data View|Yogesh Employee Data View|Chaithra Palladka & Rina Patel|Shreshta Alawandi Employee Data and Confirmation||Jennifer Employee Data View & Onboarding","Admin|HRBP|Deepta Mathur Employee Data View||Jennifer Employee Data View & Onboarding","Admin|HRBP|Deepta Mathur Employee Data View||Jennifer Employee Data View & Onboarding",Admin,,,,Disabled,Disabled,,Disabled,Disabled,Disabled,Disabled,Disabled,Disabled,Disabled,Disabled,Disabled,Disabled,Disabled,,,,,All,,NA,,NA,NA
"Personal Identity",personal_identity,16,"Taxpayer Identification Number (INN) (Russian Federation)",russian_federation_taxpayer_id_number,370,No,,,,Disabled,ALL,,,Disabled,Disabled,N.A,Disabled,,Disabled,,Disabled,,,"Admin|Self|HRBP|Vice President|Ragini|Deepta Mathur Employee Data View|Yogesh Employee Data View|Chaithra Palladka & Rina Patel|Shreshta Alawandi Employee Data and Confirmation||Jennifer Employee Data View & Onboarding","Admin|HRBP|Deepta Mathur Employee Data View||Jennifer Employee Data View & Onboarding","Admin|HRBP|Deepta Mathur Employee Data View||Jennifer Employee Data View & Onboarding",Admin,,,,Disabled,Disabled,,Disabled,Disabled,Disabled,Disabled,Disabled,Disabled,Disabled,Disabled,Disabled,Disabled,Disabled,,,,,All,,NA,,NA,NA
"Personal Identity",personal_identity,16,"National ID Card Number (Saudi Arabia)",saudi_national_id_number,371,No,,,,Disabled,ALL,,,Disabled,Disabled,N.A,Disabled,,Disabled,,Disabled,,,"Admin|Self|HRBP|Vice President|Ragini|Deepta Mathur Employee Data View|Yogesh Employee Data View|Chaithra Palladka & Rina Patel|Shreshta Alawandi Employee Data and Confirmation||Jennifer Employee Data View & Onboarding","Admin|HRBP|Deepta Mathur Employee Data View||Jennifer Employee Data View & Onboarding","Admin|HRBP|Deepta Mathur Employee Data View||Jennifer Employee Data View & Onboarding",Admin,,,,Disabled,Disabled,,Disabled,Disabled,Disabled,Disabled,Disabled,Disabled,Disabled,Disabled,Disabled,Disabled,Disabled,,,,,All,,NA,,NA,NA
"Personal Identity",personal_identity,16,"Residence Permit (Iqama) Number (Saudi Arabia)",saudi_resident_permit_number,372,No,,,,Disabled,ALL,,,Disabled,Disabled,N.A,Disabled,,Disabled,,Disabled,,,"Admin|Self|HRBP|Vice President|Ragini|Deepta Mathur Employee Data View|Yogesh Employee Data View|Chaithra Palladka & Rina Patel|Shreshta Alawandi Employee Data and Confirmation||Jennifer Employee Data View & Onboarding","Admin|HRBP|Deepta Mathur Employee Data View||Jennifer Employee Data View & Onboarding","Admin|HRBP|Deepta Mathur Employee Data View||Jennifer Employee Data View & Onboarding",Admin,,,,Disabled,Disabled,,Disabled,Disabled,Disabled,Disabled,Disabled,Disabled,Disabled,Disabled,Disabled,Disabled,Disabled,,,,,All,,NA,,NA,NA
"Personal Identity",personal_identity,16,"Foreign Identification Number (FIN) (Singapore)",singapore_foreign_identification_number,373,No,,,,Disabled,ALL,,,Disabled,Disabled,N.A,Disabled,,Disabled,,Disabled,,,"Admin|Self|HRBP|Vice President|Ragini|Deepta Mathur Employee Data View|Yogesh Employee Data View|Chaithra Palladka & Rina Patel|Shreshta Alawandi Employee Data and Confirmation||Jennifer Employee Data View & Onboarding","Admin|HRBP|Deepta Mathur Employee Data View||Jennifer Employee Data View & Onboarding","Admin|HRBP|Deepta Mathur Employee Data View||Jennifer Employee Data View & Onboarding",Admin,,,,Disabled,Disabled,,Disabled,Disabled,Disabled,Disabled,Disabled,Disabled,Disabled,Disabled,Disabled,Disabled,Disabled,,,,,All,,NA,,NA,NA
"Personal Identity",personal_identity,16,"National Identity Card (NIC) Number (Sri Lanka)",srilanka_national_id_number,374,No,,,,Disabled,ALL,,,Disabled,Disabled,N.A,Disabled,,Disabled,,Disabled,,,"Admin|Self|HRBP|Vice President|Ragini|Deepta Mathur Employee Data View|Yogesh Employee Data View|Chaithra Palladka & Rina Patel|Shreshta Alawandi Employee Data and Confirmation||Jennifer Employee Data View & Onboarding","Admin|HRBP|Deepta Mathur Employee Data View||Jennifer Employee Data View & Onboarding","Admin|HRBP|Deepta Mathur Employee Data View||Jennifer Employee Data View & Onboarding",Admin,,,,Disabled,Disabled,,Disabled,Disabled,Disabled,Disabled,Disabled,Disabled,Disabled,Disabled,Disabled,Disabled,Disabled,,,,,All,,NA,,NA,NA
"Personal Identity",personal_identity,16,"Alien Permanent Resident Card (APRC) (Taiwan)",taiwan_alien_permanent_resident_number,375,No,,,,Disabled,ALL,,,Disabled,Disabled,N.A,Disabled,,Disabled,,Disabled,,,"Admin|Self|HRBP|Vice President|Ragini|Deepta Mathur Employee Data View|Yogesh Employee Data View|Chaithra Palladka & Rina Patel|Shreshta Alawandi Employee Data and Confirmation||Jennifer Employee Data View & Onboarding","Admin|HRBP|Deepta Mathur Employee Data View||Jennifer Employee Data View & Onboarding","Admin|HRBP|Deepta Mathur Employee Data View||Jennifer Employee Data View & Onboarding",Admin,,,,Disabled,Disabled,,Disabled,Disabled,Disabled,Disabled,Disabled,Disabled,Disabled,Disabled,Disabled,Disabled,Disabled,,,,,All,,NA,,NA,NA
"Personal Identity",personal_identity,16,"Alien Resident Certificate (ARC) Number (Taiwan)",taiwan_alien_resident_number,376,No,,,,Disabled,ALL,,,Disabled,Disabled,N.A,Disabled,,Disabled,,Disabled,,,"Admin|Self|HRBP|Vice President|Ragini|Deepta Mathur Employee Data View|Yogesh Employee Data View|Chaithra Palladka & Rina Patel|Shreshta Alawandi Employee Data and Confirmation||Jennifer Employee Data View & Onboarding","Admin|HRBP|Deepta Mathur Employee Data View||Jennifer Employee Data View & Onboarding","Admin|HRBP|Deepta Mathur Employee Data View||Jennifer Employee Data View & Onboarding",Admin,,,,Disabled,Disabled,,Disabled,Disabled,Disabled,Disabled,Disabled,Disabled,Disabled,Disabled,Disabled,Disabled,Disabled,,,,,All,,NA,,NA,NA
"Personal Identity",personal_identity,16,"Employment Gold Card - Unified Identity Number (Taiwan)",taiwan_employee_gold_card_number,377,No,,,,Disabled,ALL,,,Disabled,Disabled,N.A,Disabled,,Disabled,,Disabled,,,"Admin|Self|HRBP|Vice President|Ragini|Deepta Mathur Employee Data View|Yogesh Employee Data View|Chaithra Palladka & Rina Patel|Shreshta Alawandi Employee Data and Confirmation||Jennifer Employee Data View & Onboarding","Admin|HRBP|Deepta Mathur Employee Data View||Jennifer Employee Data View & Onboarding","Admin|HRBP|Deepta Mathur Employee Data View||Jennifer Employee Data View & Onboarding",Admin,,,,Disabled,Disabled,,Disabled,Disabled,Disabled,Disabled,Disabled,Disabled,Disabled,Disabled,Disabled,Disabled,Disabled,,,,,All,,NA,,NA,NA
"Personal Identity",personal_identity,16,"National ID Number (Taiwan)",taiwan_national_id_number,378,No,,,,Disabled,ALL,,,Disabled,Disabled,N.A,Disabled,,Disabled,,Disabled,,,"Admin|Self|HRBP|Vice President|Ragini|Deepta Mathur Employee Data View|Yogesh Employee Data View|Chaithra Palladka & Rina Patel|Shreshta Alawandi Employee Data and Confirmation||Jennifer Employee Data View & Onboarding","Admin|HRBP|Deepta Mathur Employee Data View||Jennifer Employee Data View & Onboarding","Admin|HRBP|Deepta Mathur Employee Data View||Jennifer Employee Data View & Onboarding",Admin,,,,Disabled,Disabled,,Disabled,Disabled,Disabled,Disabled,Disabled,Disabled,Disabled,Disabled,Disabled,Disabled,Disabled,,,,,All,,NA,,NA,NA
"Personal Identity",personal_identity,16,"Driving Talon (Tajikistan)",tajikistan_driving_talon_number,379,No,,,,Disabled,ALL,,,Disabled,Disabled,N.A,Disabled,,Disabled,,Disabled,,,"Admin|Self|HRBP|Vice President|Ragini|Deepta Mathur Employee Data View|Yogesh Employee Data View|Chaithra Palladka & Rina Patel|Shreshta Alawandi Employee Data and Confirmation||Jennifer Employee Data View & Onboarding","Admin|HRBP|Deepta Mathur Employee Data View||Jennifer Employee Data View & Onboarding","Admin|HRBP|Deepta Mathur Employee Data View||Jennifer Employee Data View & Onboarding",Admin,,,,Disabled,Disabled,,Disabled,Disabled,Disabled,Disabled,Disabled,Disabled,Disabled,Disabled,Disabled,Disabled,Disabled,,,,,All,,NA,,NA,NA
"Personal Identity",personal_identity,16,"Identity Card (Tajikistan)",tajikistan_id_card_number,380,No,,,,Disabled,ALL,,,Disabled,Disabled,N.A,Disabled,,Disabled,,Disabled,,,"Admin|Self|HRBP|Vice President|Ragini|Deepta Mathur Employee Data View|Yogesh Employee Data View|Chaithra Palladka & Rina Patel|Shreshta Alawandi Employee Data and Confirmation||Jennifer Employee Data View & Onboarding","Admin|HRBP|Deepta Mathur Employee Data View||Jennifer Employee Data View & Onboarding","Admin|HRBP|Deepta Mathur Employee Data View||Jennifer Employee Data View & Onboarding",Admin,,,,Disabled,Disabled,,Disabled,Disabled,Disabled,Disabled,Disabled,Disabled,Disabled,Disabled,Disabled,Disabled,Disabled,,,,,All,,NA,,NA,NA
"Personal Identity",personal_identity,16,"Tax Identification Number (Tajikistan)",tajikistan_tax_id_number,382,No,,,,Disabled,ALL,,,Disabled,Disabled,N.A,Disabled,,Disabled,,Disabled,,,"Admin|Self|HRBP|Vice President|Ragini|Deepta Mathur Employee Data View|Yogesh Employee Data View|Chaithra Palladka & Rina Patel|Shreshta Alawandi Employee Data and Confirmation||Jennifer Employee Data View & Onboarding","Admin|HRBP|Deepta Mathur Employee Data View||Jennifer Employee Data View & Onboarding","Admin|HRBP|Deepta Mathur Employee Data View||Jennifer Employee Data View & Onboarding",Admin,,,,Disabled,Disabled,,Disabled,Disabled,Disabled,Disabled,Disabled,Disabled,Disabled,Disabled,Disabled,Disabled,Disabled,,,,,All,,NA,,NA,NA
"Personal Identity",personal_identity,16,"ID Card Number (Bàt Pracham Tua Prachachon) (Thailand)",thailand_id_number,383,No,,,,Disabled,ALL,,,Disabled,Disabled,N.A,Disabled,,Disabled,,Disabled,,,"Admin|Self|HRBP|Vice President|Ragini|Deepta Mathur Employee Data View|Yogesh Employee Data View|Chaithra Palladka & Rina Patel|Shreshta Alawandi Employee Data and Confirmation||Jennifer Employee Data View & Onboarding","Admin|HRBP|Deepta Mathur Employee Data View||Jennifer Employee Data View & Onboarding","Admin|HRBP|Deepta Mathur Employee Data View||Jennifer Employee Data View & Onboarding",Admin,,,,Disabled,Disabled,,Disabled,Disabled,Disabled,Disabled,Disabled,Disabled,Disabled,Disabled,Disabled,Disabled,Disabled,,,,,All,,NA,,NA,NA
"Personal Identity",personal_identity,16,"Identity Card (BI) Number (Timor-Leste)",timor_leste_id_number,384,No,,,,Disabled,ALL,,,Disabled,Disabled,N.A,Disabled,,Disabled,,Disabled,,,"Admin|Self|HRBP|Vice President|Ragini|Deepta Mathur Employee Data View|Yogesh Employee Data View|Chaithra Palladka & Rina Patel|Shreshta Alawandi Employee Data and Confirmation||Jennifer Employee Data View & Onboarding","Admin|HRBP|Deepta Mathur Employee Data View||Jennifer Employee Data View & Onboarding","Admin|HRBP|Deepta Mathur Employee Data View||Jennifer Employee Data View & Onboarding",Admin,,,,Disabled,Disabled,,Disabled,Disabled,Disabled,Disabled,Disabled,Disabled,Disabled,Disabled,Disabled,Disabled,Disabled,,,,,All,,NA,,NA,NA
"Personal Identity",personal_identity,16,"ID Card (TC Kimlik No) (Turkey)",turkey_id_number,385,No,,,,Disabled,ALL,,,Disabled,Disabled,N.A,Disabled,,Disabled,,Disabled,,,"Admin|Self|HRBP|Vice President|Ragini|Deepta Mathur Employee Data View|Yogesh Employee Data View|Chaithra Palladka & Rina Patel|Shreshta Alawandi Employee Data and Confirmation||Jennifer Employee Data View & Onboarding","Admin|HRBP|Deepta Mathur Employee Data View||Jennifer Employee Data View & Onboarding","Admin|HRBP|Deepta Mathur Employee Data View||Jennifer Employee Data View & Onboarding",Admin,,,,Disabled,Disabled,,Disabled,Disabled,Disabled,Disabled,Disabled,Disabled,Disabled,Disabled,Disabled,Disabled,Disabled,,,,,All,,NA,,NA,NA
"Personal Identity",personal_identity,16,"Social Security Number (Sosyal Güvenlik Numarası) (Turkey)",turkey_social_security_number,386,No,,,,Disabled,ALL,,,Disabled,Disabled,N.A,Disabled,,Disabled,,Disabled,,,"Admin|Self|HRBP|Vice President|Ragini|Deepta Mathur Employee Data View|Yogesh Employee Data View|Chaithra Palladka & Rina Patel|Shreshta Alawandi Employee Data and Confirmation||Jennifer Employee Data View & Onboarding","Admin|HRBP|Deepta Mathur Employee Data View||Jennifer Employee Data View & Onboarding","Admin|HRBP|Deepta Mathur Employee Data View||Jennifer Employee Data View & Onboarding",Admin,,,,Disabled,Disabled,,Disabled,Disabled,Disabled,Disabled,Disabled,Disabled,Disabled,Disabled,Disabled,Disabled,Disabled,,,,,All,,NA,,NA,NA
"Personal Identity",personal_identity,16,"TR ID Number (Turkey)",turkey_tr_id_number,387,No,,,,Disabled,ALL,,,Disabled,Disabled,N.A,Disabled,,Disabled,,Disabled,,,"Admin|Self|HRBP|Vice President|Ragini|Deepta Mathur Employee Data View|Yogesh Employee Data View|Chaithra Palladka & Rina Patel|Shreshta Alawandi Employee Data and Confirmation||Jennifer Employee Data View & Onboarding","Admin|HRBP|Deepta Mathur Employee Data View||Jennifer Employee Data View & Onboarding","Admin|HRBP|Deepta Mathur Employee Data View||Jennifer Employee Data View & Onboarding",Admin,,,,Disabled,Disabled,,Disabled,Disabled,Disabled,Disabled,Disabled,Disabled,Disabled,Disabled,Disabled,Disabled,Disabled,,,,,All,,NA,,NA,NA
"Personal Identity",personal_identity,16,"Individual Tax ID Number (Ukraine)",ukraine_individual_tax_id_number,388,No,,,,Disabled,ALL,,,Disabled,Disabled,N.A,Disabled,,Disabled,,Disabled,,,"Admin|Self|HRBP|Vice President|Ragini|Deepta Mathur Employee Data View|Yogesh Employee Data View|Chaithra Palladka & Rina Patel|Shreshta Alawandi Employee Data and Confirmation||Jennifer Employee Data View & Onboarding","Admin|HRBP|Deepta Mathur Employee Data View||Jennifer Employee Data View & Onboarding","Admin|HRBP|Deepta Mathur Employee Data View||Jennifer Employee Data View & Onboarding",Admin,,,,Disabled,Disabled,,Disabled,Disabled,Disabled,Disabled,Disabled,Disabled,Disabled,Disabled,Disabled,Disabled,Disabled,,,,,All,,NA,,NA,NA
"Personal Identity",personal_identity,16,"Internal Passport Number (Ukraine)",ukraine_internal_passport_number,389,No,,,,Disabled,ALL,,,Disabled,Disabled,N.A,Disabled,,Disabled,,Disabled,,,"Admin|Self|HRBP|Vice President|Ragini|Deepta Mathur Employee Data View|Yogesh Employee Data View|Chaithra Palladka & Rina Patel|Shreshta Alawandi Employee Data and Confirmation||Jennifer Employee Data View & Onboarding","Admin|HRBP|Deepta Mathur Employee Data View||Jennifer Employee Data View & Onboarding","Admin|HRBP|Deepta Mathur Employee Data View||Jennifer Employee Data View & Onboarding",Admin,,,,Disabled,Disabled,,Disabled,Disabled,Disabled,Disabled,Disabled,Disabled,Disabled,Disabled,Disabled,Disabled,Disabled,,,,,All,,NA,,NA,NA
"Personal Identity",personal_identity,16,"GCCID Number",gccid_number,392,No,,,,Disabled,ALL,,,Disabled,Disabled,N.A,Disabled,,Disabled,,Disabled,,,Admin|Self,Admin,Admin,Admin,,,,Disabled,Disabled,,Disabled,Disabled,Disabled,Disabled,Disabled,Disabled,Disabled,Disabled,Disabled,Disabled,Disabled,,,,,All,,NA,,NA,NA
"Personal Identity",personal_identity,16,"National Insurance (NI) Number (United Kingdom)",uk_national_insurance_number,393,No,,,,Disabled,ALL,,,Disabled,Disabled,N.A,Disabled,,Disabled,,Disabled,,,"Admin|Self|HRBP|Vice President|Ragini|Deepta Mathur Employee Data View|Yogesh Employee Data View|Chaithra Palladka & Rina Patel|Shreshta Alawandi Employee Data and Confirmation||Jennifer Employee Data View & Onboarding","Admin|HRBP|Deepta Mathur Employee Data View||Jennifer Employee Data View & Onboarding","Admin|HRBP|Deepta Mathur Employee Data View||Jennifer Employee Data View & Onboarding",Admin,,,,Disabled,Disabled,,Disabled,Disabled,Disabled,Disabled,Disabled,Disabled,Disabled,Disabled,Disabled,Disabled,Disabled,,,,,All,,NA,,NA,NA
"Personal Identity",personal_identity,16,"National ID Number (Oman)",oman_national_id_number,394,No,,,,Disabled,ALL,,,Disabled,Disabled,N.A,Disabled,,Disabled,,Disabled,,,Admin|Self,Admin,Admin,Admin,,,,Disabled,Disabled,,Disabled,Disabled,Disabled,Disabled,Disabled,Disabled,Disabled,Disabled,Disabled,Disabled,Disabled,,,,,All,,NA,,NA,NA
"Personal Identity",personal_identity,16,"Taxpayer Identification Number (Uzbekistan)",uzbekistan_taxpayer_id_number,396,No,,,,Disabled,ALL,,,Disabled,Disabled,N.A,Disabled,,Disabled,,Disabled,,,"Admin|Self|HRBP|Vice President|Ragini|Deepta Mathur Employee Data View|Yogesh Employee Data View|Chaithra Palladka & Rina Patel|Shreshta Alawandi Employee Data and Confirmation||Jennifer Employee Data View & Onboarding","Admin|HRBP|Deepta Mathur Employee Data View||Jennifer Employee Data View & Onboarding","Admin|HRBP|Deepta Mathur Employee Data View||Jennifer Employee Data View & Onboarding",Admin,,,,Disabled,Disabled,,Disabled,Disabled,Disabled,Disabled,Disabled,Disabled,Disabled,Disabled,Disabled,Disabled,Disabled,,,,,All,,NA,,NA,NA
"Personal Identity",personal_identity,16,"ID Number (Căn cước công dân) (CCCD) (Vietnam)",vietnam_id_number,397,No,,,,Disabled,ALL,,,Disabled,Disabled,N.A,Disabled,,Disabled,,Disabled,,,"Admin|Self|HRBP|Vice President|Ragini|Deepta Mathur Employee Data View|Yogesh Employee Data View|Chaithra Palladka & Rina Patel|Shreshta Alawandi Employee Data and Confirmation||Jennifer Employee Data View & Onboarding","Admin|HRBP|Deepta Mathur Employee Data View||Jennifer Employee Data View & Onboarding","Admin|HRBP|Deepta Mathur Employee Data View||Jennifer Employee Data View & Onboarding",Admin,,,,Disabled,Disabled,,Disabled,Disabled,Disabled,Disabled,Disabled,Disabled,Disabled,Disabled,Disabled,Disabled,Disabled,,,,,All,,NA,,NA,NA
"Personal Identity",personal_identity,16,"Individual Income Tax Number (Vietnam)",vietnam_individual_income_tax_number,398,No,,,,Disabled,ALL,,,Disabled,Disabled,N.A,Disabled,,Disabled,,Disabled,,,"Admin|Self|HRBP|Vice President|Ragini|Deepta Mathur Employee Data View|Yogesh Employee Data View|Chaithra Palladka & Rina Patel|Shreshta Alawandi Employee Data and Confirmation||Jennifer Employee Data View & Onboarding","Admin|HRBP|Deepta Mathur Employee Data View||Jennifer Employee Data View & Onboarding","Admin|HRBP|Deepta Mathur Employee Data View||Jennifer Employee Data View & Onboarding",Admin,,,,Disabled,Disabled,,Disabled,Disabled,Disabled,Disabled,Disabled,Disabled,Disabled,Disabled,Disabled,Disabled,Disabled,,,,,All,,NA,,NA,NA
"Personal Identity",personal_identity,16,"Unified Number - Document Number (Kuwait)",kuwait_unified_number_document_number,399,No,,,,Disabled,ALL,,,Disabled,Disabled,N.A,Disabled,,Disabled,,Disabled,,,Admin|Self,Admin,Admin,Admin,,,,Disabled,Disabled,,Disabled,Disabled,Disabled,Disabled,Disabled,Disabled,Disabled,Disabled,Disabled,Disabled,Disabled,,,,,All,,NA,,NA,NA
"Personal Identity",personal_identity,16,"Unified Number - Expiry Date (Kuwait)",kuwait_unified_number_expiry_date,400,No,,,,Disabled,ALL,,,Disabled,Disabled,N.A,Disabled,,Disabled,,Disabled,,,Admin|Self,Admin,Admin,Admin,,,,Disabled,Disabled,,Disabled,Disabled,Disabled,Disabled,Disabled,Disabled,Disabled,Disabled,Disabled,Disabled,Disabled,,,,,All,,NA,,NA,NA
"Personal Identity",personal_identity,16,"Unified Number - Issue Date (Kuwait)",kuwait_unified_number_issue_date,401,No,,,,Disabled,ALL,,,Disabled,Disabled,N.A,Disabled,,Disabled,,Disabled,,,Admin|Self,Admin,Admin,Admin,,,,Disabled,Disabled,,Disabled,Disabled,Disabled,Disabled,Disabled,Disabled,Disabled,Disabled,Disabled,Disabled,Disabled,,,,,All,,NA,,NA,NA
"Personal Identity",personal_identity,16,"WPS Code (Code on Labor Card)",wps_code,402,No,,,,Disabled,ALL,,,Disabled,Disabled,N.A,Disabled,,Disabled,,Disabled,,,Admin|Self,Admin,Admin,Admin,,,,Disabled,Disabled,,Disabled,Disabled,Disabled,Disabled,Disabled,Disabled,Disabled,Disabled,Disabled,Disabled,Disabled,,,,,All,,NA,,NA,NA
"Personal Identity",personal_identity,16,"I-94 Number",employee_i94_number,403,No,,,,Disabled,ALL,,,Disabled,Disabled,N.A,Disabled,,Disabled,,Disabled,,,Admin|Self,Admin,Admin,Admin,,,,Disabled,Disabled,,Disabled,Disabled,Disabled,Disabled,Disabled,Disabled,Disabled,Disabled,Disabled,Disabled,Disabled,,,,,All,,NA,,NA,NA
"Personal Identity",personal_identity,16,"Alien/USCIS Number",alien_number,404,No,,,,Disabled,ALL,,,Disabled,Disabled,N.A,Disabled,,Disabled,,Disabled,,,Admin|Self,Admin,Admin,Admin,,,,Disabled,Disabled,,Disabled,Disabled,Disabled,Disabled,Disabled,Disabled,Disabled,Disabled,Disabled,Disabled,Disabled,,,,,All,,NA,,NA,NA
"Personal Identity",personal_identity,16,"Tax Compliance Status",tax_compliance_status,405,No,,,,Disabled,ALL,,,Disabled,Disabled,N.A,Disabled,,Disabled,,Disabled,,,Admin|Self,Admin,Admin,Admin,,,,Disabled,Disabled,,Disabled,Disabled,Disabled,Disabled,Disabled,Disabled,Disabled,Disabled,Disabled,Disabled,Disabled,,,,,All,,NA,,NA,NA
"Personal Identity",personal_identity,16,"Tax Compliance Remarks",tax_compliance_remarks,406,No,,,,Disabled,ALL,,,Disabled,Disabled,N.A,Disabled,,Disabled,,Disabled,,,Admin|Self,Admin,Admin,Admin,,,,Disabled,Disabled,,Disabled,Disabled,Disabled,Disabled,Disabled,Disabled,Disabled,Disabled,Disabled,Disabled,Disabled,,,,,All,,NA,,NA,NA
"Personal Documents",personal_documents,17,"Profile Picture",profile_pic,1,No,,,,Enabled,ALL,,,Disabled,Disabled,N.A,Disabled,,Disabled,,Disabled,,,"Admin|Self|HRBP|Deepta Mathur Employee Data View||Jennifer Employee Data View & Onboarding","Admin|Self|HRBP|Deepta Mathur Employee Data View||Jennifer Employee Data View & Onboarding","Admin|Self|HRBP|Deepta Mathur Employee Data View||Jennifer Employee Data View & Onboarding",Admin,"Admin|Self|HRBP|Deepta Mathur Employee Data View||Jennifer Employee Data View & Onboarding",,,Disabled,Disabled,,Enabled,Disabled,Enabled,Disabled,Disabled,Disabled,Disabled,Disabled,Disabled,Enabled,Enabled,All,All,All,All,All,All,NA,,NA,NA
"Personal Documents",personal_documents,17,Signature,signature,2,No,,,,Disabled,ALL,,,Disabled,Disabled,N.A,Disabled,,Disabled,,Disabled,,,"Admin|Self|HRBP|Deepta Mathur Employee Data View||Jennifer Employee Data View & Onboarding","Admin|HRBP|Deepta Mathur Employee Data View||Jennifer Employee Data View & Onboarding","Admin|HRBP|Deepta Mathur Employee Data View||Jennifer Employee Data View & Onboarding",Admin,"Admin|Self|HRBP|Deepta Mathur Employee Data View||Jennifer Employee Data View & Onboarding",,,Disabled,Disabled,,Enabled,Disabled,Enabled,Disabled,Disabled,Disabled,Disabled,Disabled,Disabled,Disabled,Disabled,,,,,All,,NA,,NA,NA
"Personal Documents",personal_documents,17,"Aadhaar Front",bank_aadhar_img,3,No,,,,Enabled,ALL,,,Disabled,Disabled,N.A,Disabled,,Disabled,,Disabled,,,"Admin|Self|HRBP|Deepta Mathur Employee Data View||Jennifer Employee Data View & Onboarding","Admin|Self|HRBP|Deepta Mathur Employee Data View||Jennifer Employee Data View & Onboarding","Admin|Self|HRBP|Deepta Mathur Employee Data View||Jennifer Employee Data View & Onboarding",Admin,"Admin|Self|HRBP|Deepta Mathur Employee Data View||Jennifer Employee Data View & Onboarding",,,Disabled,Disabled,,Enabled,Disabled,Enabled,Disabled,Disabled,Disabled,Disabled,Disabled,Disabled,Enabled,Enabled,All,All,All,All,All,All,NA,,NA,NA
"Personal Documents",personal_documents,17,"PAN card",bank_pan_img,4,No,,,,Enabled,ALL,,,Disabled,Disabled,N.A,Disabled,,Disabled,,Disabled,,,"Admin|Self|HRBP|Deepta Mathur Employee Data View||Jennifer Employee Data View & Onboarding","Admin|Self|HRBP|Deepta Mathur Employee Data View||Jennifer Employee Data View & Onboarding","Admin|Self|HRBP|Deepta Mathur Employee Data View||Jennifer Employee Data View & Onboarding",Admin,"Admin|Self|HRBP|Deepta Mathur Employee Data View||Jennifer Employee Data View & Onboarding",,,Disabled,Disabled,,Enabled,Disabled,Enabled,Disabled,Disabled,Disabled,Disabled,Disabled,Disabled,Enabled,Enabled,All,All,All,All,All,All,NA,,NA,NA
"Personal Documents",personal_documents,17,"Driving Licence",driving_licence,5,No,,,,Enabled,ALL,,,Disabled,Disabled,N.A,Disabled,,Disabled,,Disabled,,,"Admin|Self|HRBP|Deepta Mathur Employee Data View||Jennifer Employee Data View & Onboarding","Admin|Self|HRBP|Deepta Mathur Employee Data View||Jennifer Employee Data View & Onboarding","Admin|Self|HRBP|Deepta Mathur Employee Data View||Jennifer Employee Data View & Onboarding",Admin,"Admin|Self|HRBP|Deepta Mathur Employee Data View||Jennifer Employee Data View & Onboarding",,,Disabled,Disabled,,Enabled,Disabled,Enabled,Disabled,Disabled,Disabled,Disabled,Disabled,Disabled,Disabled,Disabled,All,,,,All,,NA,,NA,NA
"Personal Documents",personal_documents,17,Passport,passport,6,No,,,,Enabled,ALL,,,Disabled,Disabled,N.A,Disabled,,Disabled,,Disabled,,,"Admin|Self|HRBP|Deepta Mathur Employee Data View||Jennifer Employee Data View & Onboarding","Admin|Self|HRBP|Deepta Mathur Employee Data View||Jennifer Employee Data View & Onboarding","Admin|Self|HRBP|Deepta Mathur Employee Data View||Jennifer Employee Data View & Onboarding",Admin,"Admin|Self|HRBP|Deepta Mathur Employee Data View||Jennifer Employee Data View & Onboarding",,,Disabled,Disabled,,Enabled,Disabled,Enabled,Disabled,Disabled,Disabled,Disabled,Disabled,Disabled,Disabled,Disabled,All,,,,All,,NA,,NA,NA
"Personal Documents",personal_documents,17,"Voter ID",election_id_card,7,No,,,,Enabled,ALL,,,Disabled,Disabled,N.A,Disabled,,Disabled,,Disabled,,,"Admin|Self|HRBP|Deepta Mathur Employee Data View||Jennifer Employee Data View & Onboarding","Admin|Self|HRBP|Deepta Mathur Employee Data View||Jennifer Employee Data View & Onboarding","Admin|Self|HRBP|Deepta Mathur Employee Data View||Jennifer Employee Data View & Onboarding",Admin,"Admin|Self|HRBP|Deepta Mathur Employee Data View||Jennifer Employee Data View & Onboarding",,,Disabled,Disabled,,Enabled,Disabled,Enabled,Disabled,Disabled,Disabled,Disabled,Disabled,Disabled,Disabled,Disabled,,,,,All,,NA,,NA,NA
"Personal Documents",personal_documents,17,"Passbook of bank or post office",passbook_of_bank_or_post_office_img,8,No,,,,Disabled,ALL,,,Disabled,Disabled,N.A,Disabled,,Disabled,,Disabled,,,"Admin|Self|HRBP|Deepta Mathur Employee Data View||Jennifer Employee Data View & Onboarding","Admin|HRBP|Deepta Mathur Employee Data View||Jennifer Employee Data View & Onboarding","Admin|HRBP|Deepta Mathur Employee Data View||Jennifer Employee Data View & Onboarding",Admin,"Admin|Self|HRBP|Deepta Mathur Employee Data View||Jennifer Employee Data View & Onboarding",,,Disabled,Disabled,,Enabled,Disabled,Enabled,Disabled,Disabled,Disabled,Disabled,Disabled,Disabled,Disabled,Disabled,,,,,All,,NA,,NA,NA
"Personal Documents",personal_documents,17,"Salary Slips",salary_slips,9,No,,,,Disabled,ALL,,,Disabled,Disabled,N.A,Disabled,,Disabled,,Enabled,"India-Last 3 months' Pay slips/ Bank statements",,"Admin|Self|HRBP|Deepta Mathur Employee Data View||Jennifer Employee Data View & Onboarding","Admin|HRBP|Deepta Mathur Employee Data View||Jennifer Employee Data View & Onboarding","Admin|HRBP|Deepta Mathur Employee Data View||Jennifer Employee Data View & Onboarding",,"Admin|Self|HRBP|Deepta Mathur Employee Data View||Jennifer Employee Data View & Onboarding",,,Disabled,Disabled,,Enabled,Disabled,Enabled,Disabled,Disabled,Disabled,Disabled,Disabled,Disabled,Enabled,Enabled,All,All,All,All,All,All,NA,,NA,NA
"Personal Documents",personal_documents,17,"Aadhaar Back",bank_aadhar_back,10,No,,,,Enabled,ALL,,,Disabled,Disabled,N.A,Disabled,,Disabled,,Disabled,,,"Admin|Self|HRBP|Deepta Mathur Employee Data View||Jennifer Employee Data View & Onboarding","Admin|Self|HRBP|Deepta Mathur Employee Data View||Jennifer Employee Data View & Onboarding","Admin|Self|HRBP|Deepta Mathur Employee Data View||Jennifer Employee Data View & Onboarding",Admin,"Admin|Self|HRBP|Deepta Mathur Employee Data View||Jennifer Employee Data View & Onboarding",,,Disabled,Disabled,,Disabled,Disabled,Disabled,Disabled,Disabled,Disabled,Disabled,Disabled,Disabled,Disabled,Disabled,,,,,All,,NA,,NA,NA
"Personal Documents",personal_documents,17,"Khmer Identity Card",cambodia_national_identity_card,11,No,,,,Disabled,ALL,,,Disabled,Disabled,N.A,Disabled,,Disabled,,Disabled,,,"Admin|Self|HRBP|Deepta Mathur Employee Data View||Jennifer Employee Data View & Onboarding","Admin|HRBP|Deepta Mathur Employee Data View||Jennifer Employee Data View & Onboarding","Admin|HRBP|Deepta Mathur Employee Data View||Jennifer Employee Data View & Onboarding",Admin,"Admin|Self|HRBP|Deepta Mathur Employee Data View||Jennifer Employee Data View & Onboarding",,,Disabled,Disabled,,Disabled,Disabled,Disabled,Disabled,Disabled,Disabled,Disabled,Disabled,Disabled,Disabled,Disabled,,,,,All,,NA,,NA,NA
"Personal Documents",personal_documents,17,"Cambodia National Social Security Fund(NSSF)",cambodia_national_health_insurance_card,12,No,,,,Disabled,ALL,,,Disabled,Disabled,N.A,Disabled,,Disabled,,Disabled,,,"Admin|Self|HRBP|Deepta Mathur Employee Data View||Jennifer Employee Data View & Onboarding","Admin|HRBP|Deepta Mathur Employee Data View||Jennifer Employee Data View & Onboarding","Admin|HRBP|Deepta Mathur Employee Data View||Jennifer Employee Data View & Onboarding",Admin,"Admin|Self|HRBP|Deepta Mathur Employee Data View||Jennifer Employee Data View & Onboarding",,,Disabled,Disabled,,Disabled,Disabled,Disabled,Disabled,Disabled,Disabled,Disabled,Disabled,Disabled,Disabled,Disabled,,,,,All,,NA,,NA,NA
"Personal Documents",personal_documents,17,"Nomor Pokok Wajib Pajak (NPWP)",indonesia_taxpayer_identification_card,14,No,,,,Disabled,ALL,,,Disabled,Disabled,N.A,Disabled,,Disabled,,Disabled,,,"Admin|Self|HRBP|Deepta Mathur Employee Data View||Jennifer Employee Data View & Onboarding","Admin|HRBP|Deepta Mathur Employee Data View||Jennifer Employee Data View & Onboarding","Admin|HRBP|Deepta Mathur Employee Data View||Jennifer Employee Data View & Onboarding",Admin,"Admin|Self|HRBP|Deepta Mathur Employee Data View||Jennifer Employee Data View & Onboarding",,,Disabled,Disabled,,Disabled,Disabled,Disabled,Disabled,Disabled,Disabled,Disabled,Disabled,Disabled,Disabled,Disabled,,,,,All,,NA,,NA,NA
"Personal Documents",personal_documents,17,"Badan Penyelenggara Jaminan Sosial (BPJS) Tenaga Kerja (BPJSTK)",indonesia_national_health_insurance_card,15,No,,,,Disabled,ALL,,,Disabled,Disabled,N.A,Disabled,,Disabled,,Disabled,,,"Admin|Self|HRBP|Deepta Mathur Employee Data View||Jennifer Employee Data View & Onboarding","Admin|HRBP|Deepta Mathur Employee Data View||Jennifer Employee Data View & Onboarding","Admin|HRBP|Deepta Mathur Employee Data View||Jennifer Employee Data View & Onboarding",Admin,"Admin|Self|HRBP|Deepta Mathur Employee Data View||Jennifer Employee Data View & Onboarding",,,Disabled,Disabled,,Disabled,Disabled,Disabled,Disabled,Disabled,Disabled,Disabled,Disabled,Disabled,Disabled,Disabled,,,,,All,,NA,,NA,NA
"Personal Documents",personal_documents,17,MyKad,malaysia_national_identity_card,16,No,,,,Disabled,ALL,,,Disabled,Disabled,N.A,Disabled,,Disabled,,Disabled,,,"Admin|Self|HRBP|Deepta Mathur Employee Data View||Jennifer Employee Data View & Onboarding","Admin|HRBP|Deepta Mathur Employee Data View||Jennifer Employee Data View & Onboarding","Admin|HRBP|Deepta Mathur Employee Data View||Jennifer Employee Data View & Onboarding",Admin,"Admin|Self|HRBP|Deepta Mathur Employee Data View||Jennifer Employee Data View & Onboarding",,,Disabled,Disabled,,Disabled,Disabled,Disabled,Disabled,Disabled,Disabled,Disabled,Disabled,Disabled,Disabled,Disabled,,,,,All,,NA,,NA,NA
"Personal Documents",personal_documents,17,"Myanmar National Registration Card (Identity Card)",myanmar_national_identity_card,17,No,,,,Disabled,ALL,,,Disabled,Disabled,N.A,Disabled,,Disabled,,Disabled,,,"Admin|Self|HRBP|Deepta Mathur Employee Data View||Jennifer Employee Data View & Onboarding","Admin|HRBP|Deepta Mathur Employee Data View||Jennifer Employee Data View & Onboarding","Admin|HRBP|Deepta Mathur Employee Data View||Jennifer Employee Data View & Onboarding",Admin,"Admin|Self|HRBP|Deepta Mathur Employee Data View||Jennifer Employee Data View & Onboarding",,,Disabled,Disabled,,Disabled,Disabled,Disabled,Disabled,Disabled,Disabled,Disabled,Disabled,Disabled,Disabled,Disabled,,,,,All,,NA,,NA,NA
"Personal Documents",personal_documents,17,"Philippines Taxpayer Identification Number (TIN)",philippines_taxpayer_identification_card,19,No,,,,Disabled,ALL,,,Disabled,Disabled,N.A,Disabled,,Disabled,,Disabled,,,"Admin|Self|HRBP|Deepta Mathur Employee Data View||Jennifer Employee Data View & Onboarding","Admin|HRBP|Deepta Mathur Employee Data View||Jennifer Employee Data View & Onboarding","Admin|HRBP|Deepta Mathur Employee Data View||Jennifer Employee Data View & Onboarding",Admin,"Admin|Self|HRBP|Deepta Mathur Employee Data View||Jennifer Employee Data View & Onboarding",,,Disabled,Disabled,,Disabled,Disabled,Disabled,Disabled,Disabled,Disabled,Disabled,Disabled,Disabled,Disabled,Disabled,,,,,All,,NA,,NA,NA
"Personal Documents",personal_documents,17,"National Registration Identity Card (NRIC) Foreign Identification Number (FIN)",singapore_national_identity_card,21,No,,,,Disabled,ALL,,,Disabled,Disabled,N.A,Disabled,,Disabled,,Disabled,,,"Admin|Self|HRBP|Deepta Mathur Employee Data View||Jennifer Employee Data View & Onboarding","Admin|HRBP|Deepta Mathur Employee Data View||Jennifer Employee Data View & Onboarding","Admin|HRBP|Deepta Mathur Employee Data View||Jennifer Employee Data View & Onboarding",Admin,"Admin|Self|HRBP|Deepta Mathur Employee Data View||Jennifer Employee Data View & Onboarding",,,Disabled,Disabled,,Disabled,Disabled,Disabled,Disabled,Disabled,Disabled,Disabled,Disabled,Disabled,Disabled,Disabled,,,,,All,,NA,,NA,NA
"Personal Documents",personal_documents,17,"Inland Revenue Authority of Singapore (IRAS) Unique Entity Number (UEN)",singapore_taxpayer_identification_card,22,No,,,,Disabled,ALL,,,Disabled,Disabled,N.A,Disabled,,Disabled,,Disabled,,,"Admin|Self|HRBP|Deepta Mathur Employee Data View||Jennifer Employee Data View & Onboarding","Admin|HRBP|Deepta Mathur Employee Data View||Jennifer Employee Data View & Onboarding","Admin|HRBP|Deepta Mathur Employee Data View||Jennifer Employee Data View & Onboarding",Admin,"Admin|Self|HRBP|Deepta Mathur Employee Data View||Jennifer Employee Data View & Onboarding",,,Disabled,Disabled,,Disabled,Disabled,Disabled,Disabled,Disabled,Disabled,Disabled,Disabled,Disabled,Disabled,Disabled,,,,,All,,NA,,NA,NA
"Personal Documents",personal_documents,17,"Việt Nam Social Insurance (VSI)",vietnam_national_health_insurance_card,25,No,,,,Disabled,ALL,,,Disabled,Disabled,N.A,Disabled,,Disabled,,Disabled,,,"Admin|Self|HRBP|Deepta Mathur Employee Data View||Jennifer Employee Data View & Onboarding","Admin|HRBP|Deepta Mathur Employee Data View||Jennifer Employee Data View & Onboarding","Admin|HRBP|Deepta Mathur Employee Data View||Jennifer Employee Data View & Onboarding",Admin,"Admin|Self|HRBP|Deepta Mathur Employee Data View||Jennifer Employee Data View & Onboarding",,,Disabled,Disabled,,Disabled,Disabled,Disabled,Disabled,Disabled,Disabled,Disabled,Disabled,Disabled,Disabled,Disabled,,,,,All,,NA,,NA,NA
"Personal Documents",personal_documents,17,"Cambodia Taxpayer Identification Number (TIN)",cambodia_taxpayer_identification_card,26,No,,,,Disabled,ALL,,,Disabled,Disabled,N.A,Disabled,,Disabled,,Disabled,,,"Admin|Self|HRBP|Deepta Mathur Employee Data View||Jennifer Employee Data View & Onboarding","Admin|HRBP|Deepta Mathur Employee Data View||Jennifer Employee Data View & Onboarding","Admin|HRBP|Deepta Mathur Employee Data View||Jennifer Employee Data View & Onboarding",Admin,"Admin|Self|HRBP|Deepta Mathur Employee Data View||Jennifer Employee Data View & Onboarding",,,Disabled,Disabled,,Disabled,Disabled,Disabled,Disabled,Disabled,Disabled,Disabled,Disabled,Disabled,Disabled,Disabled,,,,,All,,NA,,NA,NA
"Personal Documents",personal_documents,17,"Nombor Cukai Pendapatan (NCP)",malaysia_taxpayer_identification_card,27,No,,,,Disabled,ALL,,,Disabled,Disabled,N.A,Disabled,,Disabled,,Disabled,,,"Admin|Self|HRBP|Deepta Mathur Employee Data View||Jennifer Employee Data View & Onboarding","Admin|HRBP|Deepta Mathur Employee Data View||Jennifer Employee Data View & Onboarding","Admin|HRBP|Deepta Mathur Employee Data View||Jennifer Employee Data View & Onboarding",Admin,"Admin|Self|HRBP|Deepta Mathur Employee Data View||Jennifer Employee Data View & Onboarding",,,Disabled,Disabled,,Disabled,Disabled,Disabled,Disabled,Disabled,Disabled,Disabled,Disabled,Disabled,Disabled,Disabled,,,,,All,,NA,,NA,NA
"Personal Documents",personal_documents,17,"Thailand Taxpayer Identification Number (TIN)",thailand_taxpayer_identification_card,28,No,,,,Disabled,ALL,,,Disabled,Disabled,N.A,Disabled,,Disabled,,Disabled,,,"Admin|Self|HRBP|Deepta Mathur Employee Data View||Jennifer Employee Data View & Onboarding","Admin|HRBP|Deepta Mathur Employee Data View||Jennifer Employee Data View & Onboarding","Admin|HRBP|Deepta Mathur Employee Data View||Jennifer Employee Data View & Onboarding",Admin,"Admin|Self|HRBP|Deepta Mathur Employee Data View||Jennifer Employee Data View & Onboarding",,,Disabled,Disabled,,Disabled,Disabled,Disabled,Disabled,Disabled,Disabled,Disabled,Disabled,Disabled,Disabled,Disabled,,,,,All,,NA,,NA,NA
"Personal Documents",personal_documents,17,"Tax Code (Mã Sṍ Thuḗ)",vietnam_taxpayer_identification_card,29,No,,,,Disabled,ALL,,,Disabled,Disabled,N.A,Disabled,,Disabled,,Disabled,,,"Admin|Self|HRBP|Deepta Mathur Employee Data View||Jennifer Employee Data View & Onboarding","Admin|HRBP|Deepta Mathur Employee Data View||Jennifer Employee Data View & Onboarding","Admin|HRBP|Deepta Mathur Employee Data View||Jennifer Employee Data View & Onboarding",Admin,"Admin|Self|HRBP|Deepta Mathur Employee Data View||Jennifer Employee Data View & Onboarding",,,Disabled,Disabled,,Disabled,Disabled,Disabled,Disabled,Disabled,Disabled,Disabled,Disabled,Disabled,Disabled,Disabled,,,,,All,,NA,,NA,NA
"Personal Documents",personal_documents,17,"Badan Penyelenggara Jaminan Sosial (BPJS) Kesehatan (BPJSKES)",indonesia_national_health_insurance_kesehatan_card,30,No,,,,Disabled,ALL,,,Disabled,Disabled,N.A,Disabled,,Disabled,,Disabled,,,"Admin|Self|HRBP|Deepta Mathur Employee Data View||Jennifer Employee Data View & Onboarding","Admin|HRBP|Deepta Mathur Employee Data View||Jennifer Employee Data View & Onboarding","Admin|HRBP|Deepta Mathur Employee Data View||Jennifer Employee Data View & Onboarding",Admin,"Admin|Self|HRBP|Deepta Mathur Employee Data View||Jennifer Employee Data View & Onboarding",,,Disabled,Disabled,,Disabled,Disabled,Disabled,Disabled,Disabled,Disabled,Disabled,Disabled,Disabled,Disabled,Disabled,,,,,All,,NA,,NA,NA
"Personal Documents",personal_documents,17,"Emirates Card",emirates_card,31,No,,,,Disabled,ALL,,,Disabled,Disabled,N.A,Disabled,,Disabled,,Disabled,,,"Admin|Self|HRBP|Deepta Mathur Employee Data View||Jennifer Employee Data View & Onboarding","Admin|HRBP|Deepta Mathur Employee Data View||Jennifer Employee Data View & Onboarding","Admin|HRBP|Deepta Mathur Employee Data View||Jennifer Employee Data View & Onboarding",Admin,"Admin|Self|HRBP|Deepta Mathur Employee Data View||Jennifer Employee Data View & Onboarding",,,Disabled,Disabled,,Disabled,Disabled,Disabled,Disabled,Disabled,Disabled,Disabled,Disabled,Disabled,Disabled,Disabled,,,,,All,,NA,,NA,NA
"Personal Documents",personal_documents,17,"IQAMA Number",visa_iqama_img,32,No,,,,Disabled,ALL,,,Disabled,Disabled,N.A,Disabled,,Disabled,,Disabled,,,"Admin|Self|HRBP|Deepta Mathur Employee Data View||Jennifer Employee Data View & Onboarding","Admin|HRBP|Deepta Mathur Employee Data View||Jennifer Employee Data View & Onboarding","Admin|HRBP|Deepta Mathur Employee Data View||Jennifer Employee Data View & Onboarding",Admin,"Admin|Self|HRBP|Deepta Mathur Employee Data View||Jennifer Employee Data View & Onboarding",,,Disabled,Disabled,,Disabled,Disabled,Disabled,Disabled,Disabled,Disabled,Disabled,Disabled,Disabled,Disabled,Disabled,,,,,All,,NA,,NA,NA
"Personal Documents",personal_documents,17,"Personal ID (Letërnjoftimi) (Albania)",albania_personal_id_card,33,No,,,,Disabled,ALL,,,Disabled,Disabled,N.A,Disabled,,Disabled,,Disabled,,,"Admin|Self|HRBP|Deepta Mathur Employee Data View||Jennifer Employee Data View & Onboarding","Admin|HRBP|Deepta Mathur Employee Data View||Jennifer Employee Data View & Onboarding","Admin|HRBP|Deepta Mathur Employee Data View||Jennifer Employee Data View & Onboarding",Admin,"Admin|Self|HRBP|Deepta Mathur Employee Data View||Jennifer Employee Data View & Onboarding",,,Disabled,Disabled,,Disabled,Disabled,Disabled,Disabled,Disabled,Disabled,Disabled,Disabled,Disabled,Disabled,Disabled,,,,,All,,NA,,NA,NA
"Personal Documents",personal_documents,17,"National ID Card (Algeria)",algeria_national_id_card,34,No,,,,Disabled,ALL,,,Disabled,Disabled,N.A,Disabled,,Disabled,,Disabled,,,"Admin|Self|HRBP|Deepta Mathur Employee Data View||Jennifer Employee Data View & Onboarding","Admin|HRBP|Deepta Mathur Employee Data View||Jennifer Employee Data View & Onboarding","Admin|HRBP|Deepta Mathur Employee Data View||Jennifer Employee Data View & Onboarding",Admin,"Admin|Self|HRBP|Deepta Mathur Employee Data View||Jennifer Employee Data View & Onboarding",,,Disabled,Disabled,,Disabled,Disabled,Disabled,Disabled,Disabled,Disabled,Disabled,Disabled,Disabled,Disabled,Disabled,,,,,All,,NA,,NA,NA
"Personal Documents",personal_documents,17,"CASS Card (Andorra)",andorra_cass_card,35,No,,,,Disabled,ALL,,,Disabled,Disabled,N.A,Disabled,,Disabled,,Disabled,,,"Admin|Self|HRBP|Deepta Mathur Employee Data View||Jennifer Employee Data View & Onboarding","Admin|HRBP|Deepta Mathur Employee Data View||Jennifer Employee Data View & Onboarding","Admin|HRBP|Deepta Mathur Employee Data View||Jennifer Employee Data View & Onboarding",Admin,"Admin|Self|HRBP|Deepta Mathur Employee Data View||Jennifer Employee Data View & Onboarding",,,Disabled,Disabled,,Disabled,Disabled,Disabled,Disabled,Disabled,Disabled,Disabled,Disabled,Disabled,Disabled,Disabled,,,,,All,,NA,,NA,NA
"Personal Documents",personal_documents,17,"Identity Card (BI) (Angola)",angola_identity_card,36,No,,,,Disabled,ALL,,,Disabled,Disabled,N.A,Disabled,,Disabled,,Disabled,,,"Admin|Self|HRBP|Deepta Mathur Employee Data View||Jennifer Employee Data View & Onboarding","Admin|HRBP|Deepta Mathur Employee Data View||Jennifer Employee Data View & Onboarding","Admin|HRBP|Deepta Mathur Employee Data View||Jennifer Employee Data View & Onboarding",Admin,"Admin|Self|HRBP|Deepta Mathur Employee Data View||Jennifer Employee Data View & Onboarding",,,Disabled,Disabled,,Disabled,Disabled,Disabled,Disabled,Disabled,Disabled,Disabled,Disabled,Disabled,Disabled,Disabled,,,,,All,,NA,,NA,NA
"Personal Documents",personal_documents,17,"Social Security Identification Card (NISS) (Angola)",angola_social_security_identification_card,37,No,,,,Disabled,ALL,,,Disabled,Disabled,N.A,Disabled,,Disabled,,Disabled,,,"Admin|Self|HRBP|Deepta Mathur Employee Data View||Jennifer Employee Data View & Onboarding","Admin|HRBP|Deepta Mathur Employee Data View||Jennifer Employee Data View & Onboarding","Admin|HRBP|Deepta Mathur Employee Data View||Jennifer Employee Data View & Onboarding",Admin,"Admin|Self|HRBP|Deepta Mathur Employee Data View||Jennifer Employee Data View & Onboarding",,,Disabled,Disabled,,Disabled,Disabled,Disabled,Disabled,Disabled,Disabled,Disabled,Disabled,Disabled,Disabled,Disabled,,,,,All,,NA,,NA,NA
"Personal Documents",personal_documents,17,"Certificate of Identity (CID) Card (Anguilla)",anguilla_certificate_of_identity_card,38,No,,,,Disabled,ALL,,,Disabled,Disabled,N.A,Disabled,,Disabled,,Disabled,,,"Admin|Self|HRBP|Deepta Mathur Employee Data View||Jennifer Employee Data View & Onboarding","Admin|HRBP|Deepta Mathur Employee Data View||Jennifer Employee Data View & Onboarding","Admin|HRBP|Deepta Mathur Employee Data View||Jennifer Employee Data View & Onboarding",Admin,"Admin|Self|HRBP|Deepta Mathur Employee Data View||Jennifer Employee Data View & Onboarding",,,Disabled,Disabled,,Disabled,Disabled,Disabled,Disabled,Disabled,Disabled,Disabled,Disabled,Disabled,Disabled,Disabled,,,,,All,,NA,,NA,NA
"Personal Documents",personal_documents,17,"DNI Card (Argentina)",argentina_dni_card,40,No,,,,Disabled,ALL,,,Disabled,Disabled,N.A,Disabled,,Disabled,,Disabled,,,"Admin|Self|HRBP|Deepta Mathur Employee Data View||Jennifer Employee Data View & Onboarding","Admin|HRBP|Deepta Mathur Employee Data View||Jennifer Employee Data View & Onboarding","Admin|HRBP|Deepta Mathur Employee Data View||Jennifer Employee Data View & Onboarding",Admin,"Admin|Self|HRBP|Deepta Mathur Employee Data View||Jennifer Employee Data View & Onboarding",,,Disabled,Disabled,,Disabled,Disabled,Disabled,Disabled,Disabled,Disabled,Disabled,Disabled,Disabled,Disabled,Disabled,,,,,All,,NA,,NA,NA
"Personal Documents",personal_documents,17,"ID Card (CI) Number (Argentina)",argentina_id_card,41,No,,,,Disabled,ALL,,,Disabled,Disabled,N.A,Disabled,,Disabled,,Disabled,,,"Admin|Self|HRBP|Deepta Mathur Employee Data View||Jennifer Employee Data View & Onboarding","Admin|HRBP|Deepta Mathur Employee Data View||Jennifer Employee Data View & Onboarding","Admin|HRBP|Deepta Mathur Employee Data View||Jennifer Employee Data View & Onboarding",Admin,"Admin|Self|HRBP|Deepta Mathur Employee Data View||Jennifer Employee Data View & Onboarding",,,Disabled,Disabled,,Disabled,Disabled,Disabled,Disabled,Disabled,Disabled,Disabled,Disabled,Disabled,Disabled,Disabled,,,,,All,,NA,,NA,NA
"Personal Documents",personal_documents,17,"Worker Identification Card (CUIL) (Argentina)",argentina_worker_identification_card,42,No,,,,Disabled,ALL,,,Disabled,Disabled,N.A,Disabled,,Disabled,,Disabled,,,"Admin|Self|HRBP|Deepta Mathur Employee Data View||Jennifer Employee Data View & Onboarding","Admin|HRBP|Deepta Mathur Employee Data View||Jennifer Employee Data View & Onboarding","Admin|HRBP|Deepta Mathur Employee Data View||Jennifer Employee Data View & Onboarding",Admin,"Admin|Self|HRBP|Deepta Mathur Employee Data View||Jennifer Employee Data View & Onboarding",,,Disabled,Disabled,,Disabled,Disabled,Disabled,Disabled,Disabled,Disabled,Disabled,Disabled,Disabled,Disabled,Disabled,,,,,All,,NA,,NA,NA
"Personal Documents",personal_documents,17,"Social Card (Armenia)",armenia_social_card,43,No,,,,Disabled,ALL,,,Disabled,Disabled,N.A,Disabled,,Disabled,,Disabled,,,"Admin|Self|HRBP|Deepta Mathur Employee Data View||Jennifer Employee Data View & Onboarding","Admin|HRBP|Deepta Mathur Employee Data View||Jennifer Employee Data View & Onboarding","Admin|HRBP|Deepta Mathur Employee Data View||Jennifer Employee Data View & Onboarding",Admin,"Admin|Self|HRBP|Deepta Mathur Employee Data View||Jennifer Employee Data View & Onboarding",,,Disabled,Disabled,,Disabled,Disabled,Disabled,Disabled,Disabled,Disabled,Disabled,Disabled,Disabled,Disabled,Disabled,,,,,All,,NA,,NA,NA
"Personal Documents",personal_documents,17,"Tax File Card (Australia)",australia_tax_file_card,44,No,,,,Disabled,ALL,,,Disabled,Disabled,N.A,Disabled,,Disabled,,Disabled,,,"Admin|Self|HRBP|Deepta Mathur Employee Data View||Jennifer Employee Data View & Onboarding","Admin|HRBP|Deepta Mathur Employee Data View||Jennifer Employee Data View & Onboarding","Admin|HRBP|Deepta Mathur Employee Data View||Jennifer Employee Data View & Onboarding",Admin,"Admin|Self|HRBP|Deepta Mathur Employee Data View||Jennifer Employee Data View & Onboarding",,,Disabled,Disabled,,Disabled,Disabled,Disabled,Disabled,Disabled,Disabled,Disabled,Disabled,Disabled,Disabled,Disabled,,,,,All,,NA,,NA,NA
"Personal Documents",personal_documents,17,"National Insurance Card (Bahamas)",bahamas_national_insurance_card,45,No,,,,Disabled,ALL,,,Disabled,Disabled,N.A,Disabled,,Disabled,,Disabled,,,"Admin|Self|HRBP|Deepta Mathur Employee Data View||Jennifer Employee Data View & Onboarding","Admin|HRBP|Deepta Mathur Employee Data View||Jennifer Employee Data View & Onboarding","Admin|HRBP|Deepta Mathur Employee Data View||Jennifer Employee Data View & Onboarding",Admin,"Admin|Self|HRBP|Deepta Mathur Employee Data View||Jennifer Employee Data View & Onboarding",,,Disabled,Disabled,,Disabled,Disabled,Disabled,Disabled,Disabled,Disabled,Disabled,Disabled,Disabled,Disabled,Disabled,,,,,All,,NA,,NA,NA
"Personal Documents",personal_documents,17,"National Insurance Card (Barbados)",barbados_national_insurance_card,46,No,,,,Disabled,ALL,,,Disabled,Disabled,N.A,Disabled,,Disabled,,Disabled,,,"Admin|Self|HRBP|Deepta Mathur Employee Data View||Jennifer Employee Data View & Onboarding","Admin|HRBP|Deepta Mathur Employee Data View||Jennifer Employee Data View & Onboarding","Admin|HRBP|Deepta Mathur Employee Data View||Jennifer Employee Data View & Onboarding",Admin,"Admin|Self|HRBP|Deepta Mathur Employee Data View||Jennifer Employee Data View & Onboarding",,,Disabled,Disabled,,Disabled,Disabled,Disabled,Disabled,Disabled,Disabled,Disabled,Disabled,Disabled,Disabled,Disabled,,,,,All,,NA,,NA,NA
"Personal Documents",personal_documents,17,"ID Card (Belize)",belize_id_card,47,No,,,,Disabled,ALL,,,Disabled,Disabled,N.A,Disabled,,Disabled,,Disabled,,,"Admin|Self|HRBP|Deepta Mathur Employee Data View||Jennifer Employee Data View & Onboarding","Admin|HRBP|Deepta Mathur Employee Data View||Jennifer Employee Data View & Onboarding","Admin|HRBP|Deepta Mathur Employee Data View||Jennifer Employee Data View & Onboarding",Admin,"Admin|Self|HRBP|Deepta Mathur Employee Data View||Jennifer Employee Data View & Onboarding",,,Disabled,Disabled,,Disabled,Disabled,Disabled,Disabled,Disabled,Disabled,Disabled,Disabled,Disabled,Disabled,Disabled,,,,,All,,NA,,NA,NA
"Personal Documents",personal_documents,17,"Social Security Card (Belize)",belize_social_security_card,48,No,,,,Disabled,ALL,,,Disabled,Disabled,N.A,Disabled,,Disabled,,Disabled,,,"Admin|Self|HRBP|Deepta Mathur Employee Data View||Jennifer Employee Data View & Onboarding","Admin|HRBP|Deepta Mathur Employee Data View||Jennifer Employee Data View & Onboarding","Admin|HRBP|Deepta Mathur Employee Data View||Jennifer Employee Data View & Onboarding",Admin,"Admin|Self|HRBP|Deepta Mathur Employee Data View||Jennifer Employee Data View & Onboarding",,,Disabled,Disabled,,Disabled,Disabled,Disabled,Disabled,Disabled,Disabled,Disabled,Disabled,Disabled,Disabled,Disabled,,,,,All,,NA,,NA,NA
"Personal Documents",personal_documents,17,"Tax Identification Card (Belize)",belize_tax_identification_card,49,No,,,,Disabled,ALL,,,Disabled,Disabled,N.A,Disabled,,Disabled,,Disabled,,,"Admin|Self|HRBP|Deepta Mathur Employee Data View||Jennifer Employee Data View & Onboarding","Admin|HRBP|Deepta Mathur Employee Data View||Jennifer Employee Data View & Onboarding","Admin|HRBP|Deepta Mathur Employee Data View||Jennifer Employee Data View & Onboarding",Admin,"Admin|Self|HRBP|Deepta Mathur Employee Data View||Jennifer Employee Data View & Onboarding",,,Disabled,Disabled,,Disabled,Disabled,Disabled,Disabled,Disabled,Disabled,Disabled,Disabled,Disabled,Disabled,Disabled,,,,,All,,NA,,NA,NA
"Personal Documents",personal_documents,17,"NATIONAL I.D. CARD (CNI) (Benin)",benin_national_id_card,50,No,,,,Disabled,ALL,,,Disabled,Disabled,N.A,Disabled,,Disabled,,Disabled,,,"Admin|Self|HRBP|Deepta Mathur Employee Data View||Jennifer Employee Data View & Onboarding","Admin|HRBP|Deepta Mathur Employee Data View||Jennifer Employee Data View & Onboarding","Admin|HRBP|Deepta Mathur Employee Data View||Jennifer Employee Data View & Onboarding",Admin,"Admin|Self|HRBP|Deepta Mathur Employee Data View||Jennifer Employee Data View & Onboarding",,,Disabled,Disabled,,Disabled,Disabled,Disabled,Disabled,Disabled,Disabled,Disabled,Disabled,Disabled,Disabled,Disabled,,,,,All,,NA,,NA,NA
"Personal Documents",personal_documents,17,"Unique Tax Identification Card (IFU) (Benin)",benin_unique_tax_identification_card,51,No,,,,Disabled,ALL,,,Disabled,Disabled,N.A,Disabled,,Disabled,,Disabled,,,"Admin|Self|HRBP|Deepta Mathur Employee Data View||Jennifer Employee Data View & Onboarding","Admin|HRBP|Deepta Mathur Employee Data View||Jennifer Employee Data View & Onboarding","Admin|HRBP|Deepta Mathur Employee Data View||Jennifer Employee Data View & Onboarding",Admin,"Admin|Self|HRBP|Deepta Mathur Employee Data View||Jennifer Employee Data View & Onboarding",,,Disabled,Disabled,,Disabled,Disabled,Disabled,Disabled,Disabled,Disabled,Disabled,Disabled,Disabled,Disabled,Disabled,,,,,All,,NA,,NA,NA
"Personal Documents",personal_documents,17,"Social Insurance Card (Bermuda)",bermuda_social_insurance_card,52,No,,,,Disabled,ALL,,,Disabled,Disabled,N.A,Disabled,,Disabled,,Disabled,,,"Admin|Self|HRBP|Deepta Mathur Employee Data View||Jennifer Employee Data View & Onboarding","Admin|HRBP|Deepta Mathur Employee Data View||Jennifer Employee Data View & Onboarding","Admin|HRBP|Deepta Mathur Employee Data View||Jennifer Employee Data View & Onboarding",Admin,"Admin|Self|HRBP|Deepta Mathur Employee Data View||Jennifer Employee Data View & Onboarding",,,Disabled,Disabled,,Disabled,Disabled,Disabled,Disabled,Disabled,Disabled,Disabled,Disabled,Disabled,Disabled,Disabled,,,,,All,,NA,,NA,NA
"Personal Documents",personal_documents,17,"ID Card (CI) (Bolivia)",bolivia_id_card,53,No,,,,Disabled,ALL,,,Disabled,Disabled,N.A,Disabled,,Disabled,,Disabled,,,"Admin|Self|HRBP|Deepta Mathur Employee Data View||Jennifer Employee Data View & Onboarding","Admin|HRBP|Deepta Mathur Employee Data View||Jennifer Employee Data View & Onboarding","Admin|HRBP|Deepta Mathur Employee Data View||Jennifer Employee Data View & Onboarding",Admin,"Admin|Self|HRBP|Deepta Mathur Employee Data View||Jennifer Employee Data View & Onboarding",,,Disabled,Disabled,,Disabled,Disabled,Disabled,Disabled,Disabled,Disabled,Disabled,Disabled,Disabled,Disabled,Disabled,,,,,All,,NA,,NA,NA
"Personal Documents",personal_documents,17,"Taxpayer ID Card (NIT) (Bolivia)",bolivia_taxpayer_id_card,54,No,,,,Disabled,ALL,,,Disabled,Disabled,N.A,Disabled,,Disabled,,Disabled,,,"Admin|Self|HRBP|Deepta Mathur Employee Data View||Jennifer Employee Data View & Onboarding","Admin|HRBP|Deepta Mathur Employee Data View||Jennifer Employee Data View & Onboarding","Admin|HRBP|Deepta Mathur Employee Data View||Jennifer Employee Data View & Onboarding",Admin,"Admin|Self|HRBP|Deepta Mathur Employee Data View||Jennifer Employee Data View & Onboarding",,,Disabled,Disabled,,Disabled,Disabled,Disabled,Disabled,Disabled,Disabled,Disabled,Disabled,Disabled,Disabled,Disabled,,,,,All,,NA,,NA,NA
"Personal Documents",personal_documents,17,"Identification Card (Identiteitskaart) (Bonaire, Sint Eustatius, and Saba)",bonaire_sint_eustatius_saba_identification_card,55,No,,,,Disabled,ALL,,,Disabled,Disabled,N.A,Disabled,,Disabled,,Disabled,,,"Admin|Self|HRBP|Deepta Mathur Employee Data View||Jennifer Employee Data View & Onboarding","Admin|HRBP|Deepta Mathur Employee Data View||Jennifer Employee Data View & Onboarding","Admin|HRBP|Deepta Mathur Employee Data View||Jennifer Employee Data View & Onboarding",Admin,"Admin|Self|HRBP|Deepta Mathur Employee Data View||Jennifer Employee Data View & Onboarding",,,Disabled,Disabled,,Disabled,Disabled,Disabled,Disabled,Disabled,Disabled,Disabled,Disabled,Disabled,Disabled,Disabled,,,,,All,,NA,,NA,NA
"Personal Documents",personal_documents,17,"Omang card (Botswana)",botswana_omang_card,56,No,,,,Disabled,ALL,,,Disabled,Disabled,N.A,Disabled,,Disabled,,Disabled,,,"Admin|Self|HRBP|Deepta Mathur Employee Data View||Jennifer Employee Data View & Onboarding","Admin|HRBP|Deepta Mathur Employee Data View||Jennifer Employee Data View & Onboarding","Admin|HRBP|Deepta Mathur Employee Data View||Jennifer Employee Data View & Onboarding",Admin,"Admin|Self|HRBP|Deepta Mathur Employee Data View||Jennifer Employee Data View & Onboarding",,,Disabled,Disabled,,Disabled,Disabled,Disabled,Disabled,Disabled,Disabled,Disabled,Disabled,Disabled,Disabled,Disabled,,,,,All,,NA,,NA,NA
"Personal Documents",personal_documents,17,"CPF card (Brazil)",brazil_cpf_card,57,No,,,,Disabled,ALL,,,Disabled,Disabled,N.A,Disabled,,Disabled,,Disabled,,,"Admin|Self|HRBP|Deepta Mathur Employee Data View||Jennifer Employee Data View & Onboarding","Admin|HRBP|Deepta Mathur Employee Data View||Jennifer Employee Data View & Onboarding","Admin|HRBP|Deepta Mathur Employee Data View||Jennifer Employee Data View & Onboarding",Admin,"Admin|Self|HRBP|Deepta Mathur Employee Data View||Jennifer Employee Data View & Onboarding",,,Disabled,Disabled,,Disabled,Disabled,Disabled,Disabled,Disabled,Disabled,Disabled,Disabled,Disabled,Disabled,Disabled,,,,,All,,NA,,NA,NA
"Personal Documents",personal_documents,17,"CTPS card (Brazil)",brazil_ctps_card,58,No,,,,Disabled,ALL,,,Disabled,Disabled,N.A,Disabled,,Disabled,,Disabled,,,"Admin|Self|HRBP|Deepta Mathur Employee Data View||Jennifer Employee Data View & Onboarding","Admin|HRBP|Deepta Mathur Employee Data View||Jennifer Employee Data View & Onboarding","Admin|HRBP|Deepta Mathur Employee Data View||Jennifer Employee Data View & Onboarding",Admin,"Admin|Self|HRBP|Deepta Mathur Employee Data View||Jennifer Employee Data View & Onboarding",,,Disabled,Disabled,,Disabled,Disabled,Disabled,Disabled,Disabled,Disabled,Disabled,Disabled,Disabled,Disabled,Disabled,,,,,All,,NA,,NA,NA
"Personal Documents",personal_documents,17,"Foreign National Registration (RNE) Card (Brazil)",brazil_foreign_national_registration_card,59,No,,,,Disabled,ALL,,,Disabled,Disabled,N.A,Disabled,,Disabled,,Disabled,,,"Admin|Self|HRBP|Deepta Mathur Employee Data View||Jennifer Employee Data View & Onboarding","Admin|HRBP|Deepta Mathur Employee Data View||Jennifer Employee Data View & Onboarding","Admin|HRBP|Deepta Mathur Employee Data View||Jennifer Employee Data View & Onboarding",Admin,"Admin|Self|HRBP|Deepta Mathur Employee Data View||Jennifer Employee Data View & Onboarding",,,Disabled,Disabled,,Disabled,Disabled,Disabled,Disabled,Disabled,Disabled,Disabled,Disabled,Disabled,Disabled,Disabled,,,,,All,,NA,,NA,NA
"Personal Documents",personal_documents,17,"General Registration (RG) Card (Brazil)",brazil_general_registration_card,60,No,,,,Disabled,ALL,,,Disabled,Disabled,N.A,Disabled,,Disabled,,Disabled,,,"Admin|Self|HRBP|Deepta Mathur Employee Data View||Jennifer Employee Data View & Onboarding","Admin|HRBP|Deepta Mathur Employee Data View||Jennifer Employee Data View & Onboarding","Admin|HRBP|Deepta Mathur Employee Data View||Jennifer Employee Data View & Onboarding",Admin,"Admin|Self|HRBP|Deepta Mathur Employee Data View||Jennifer Employee Data View & Onboarding",,,Disabled,Disabled,,Disabled,Disabled,Disabled,Disabled,Disabled,Disabled,Disabled,Disabled,Disabled,Disabled,Disabled,,,,,All,,NA,,NA,NA
"Personal Documents",personal_documents,17,"National Civil Identification (NCI) Card (Brazil)",brazil_national_civil_identification_card,61,No,,,,Disabled,ALL,,,Disabled,Disabled,N.A,Disabled,,Disabled,,Disabled,,,"Admin|Self|HRBP|Deepta Mathur Employee Data View||Jennifer Employee Data View & Onboarding","Admin|HRBP|Deepta Mathur Employee Data View||Jennifer Employee Data View & Onboarding","Admin|HRBP|Deepta Mathur Employee Data View||Jennifer Employee Data View & Onboarding",Admin,"Admin|Self|HRBP|Deepta Mathur Employee Data View||Jennifer Employee Data View & Onboarding",,,Disabled,Disabled,,Disabled,Disabled,Disabled,Disabled,Disabled,Disabled,Disabled,Disabled,Disabled,Disabled,Disabled,,,,,All,,NA,,NA,NA
"Personal Documents",personal_documents,17,"National Migration Registration Card (CRNM) (Brazil)",brazil_national_migration_registration_card,62,No,,,,Disabled,ALL,,,Disabled,Disabled,N.A,Disabled,,Disabled,,Disabled,,,"Admin|Self|HRBP|Deepta Mathur Employee Data View||Jennifer Employee Data View & Onboarding","Admin|HRBP|Deepta Mathur Employee Data View||Jennifer Employee Data View & Onboarding","Admin|HRBP|Deepta Mathur Employee Data View||Jennifer Employee Data View & Onboarding",Admin,"Admin|Self|HRBP|Deepta Mathur Employee Data View||Jennifer Employee Data View & Onboarding",,,Disabled,Disabled,,Disabled,Disabled,Disabled,Disabled,Disabled,Disabled,Disabled,Disabled,Disabled,Disabled,Disabled,,,,,All,,NA,,NA,NA
"Personal Documents",personal_documents,17,"PIS card (Brazil)",brazil_pis_card,63,No,,,,Disabled,ALL,,,Disabled,Disabled,N.A,Disabled,,Disabled,,Disabled,,,"Admin|Self|HRBP|Deepta Mathur Employee Data View||Jennifer Employee Data View & Onboarding","Admin|HRBP|Deepta Mathur Employee Data View||Jennifer Employee Data View & Onboarding","Admin|HRBP|Deepta Mathur Employee Data View||Jennifer Employee Data View & Onboarding",Admin,"Admin|Self|HRBP|Deepta Mathur Employee Data View||Jennifer Employee Data View & Onboarding",,,Disabled,Disabled,,Disabled,Disabled,Disabled,Disabled,Disabled,Disabled,Disabled,Disabled,Disabled,Disabled,Disabled,,,,,All,,NA,,NA,NA
"Personal Documents",personal_documents,17,"Voter Registration Card (Brazil)",brazil_voter_registration_card,64,No,,,,Disabled,ALL,,,Disabled,Disabled,N.A,Disabled,,Disabled,,Disabled,,,"Admin|Self|HRBP|Deepta Mathur Employee Data View||Jennifer Employee Data View & Onboarding","Admin|HRBP|Deepta Mathur Employee Data View||Jennifer Employee Data View & Onboarding","Admin|HRBP|Deepta Mathur Employee Data View||Jennifer Employee Data View & Onboarding",Admin,"Admin|Self|HRBP|Deepta Mathur Employee Data View||Jennifer Employee Data View & Onboarding",,,Disabled,Disabled,,Disabled,Disabled,Disabled,Disabled,Disabled,Disabled,Disabled,Disabled,Disabled,Disabled,Disabled,,,,,All,,NA,,NA,NA
"Personal Documents",personal_documents,17,"National Identity Card (CNI) (Burkina Faso)",burkina_faso_national_identity_card,65,No,,,,Disabled,ALL,,,Disabled,Disabled,N.A,Disabled,,Disabled,,Disabled,,,"Admin|Self|HRBP|Deepta Mathur Employee Data View||Jennifer Employee Data View & Onboarding","Admin|HRBP|Deepta Mathur Employee Data View||Jennifer Employee Data View & Onboarding","Admin|HRBP|Deepta Mathur Employee Data View||Jennifer Employee Data View & Onboarding",Admin,"Admin|Self|HRBP|Deepta Mathur Employee Data View||Jennifer Employee Data View & Onboarding",,,Disabled,Disabled,,Disabled,Disabled,Disabled,Disabled,Disabled,Disabled,Disabled,Disabled,Disabled,Disabled,Disabled,,,,,All,,NA,,NA,NA
"Personal Documents",personal_documents,17,"National Identity Card (CNI) (Cameroon)",cameroon_national_identity_card,66,No,,,,Disabled,ALL,,,Disabled,Disabled,N.A,Disabled,,Disabled,,Disabled,,,"Admin|Self|HRBP|Deepta Mathur Employee Data View||Jennifer Employee Data View & Onboarding","Admin|HRBP|Deepta Mathur Employee Data View||Jennifer Employee Data View & Onboarding","Admin|HRBP|Deepta Mathur Employee Data View||Jennifer Employee Data View & Onboarding",Admin,"Admin|Self|HRBP|Deepta Mathur Employee Data View||Jennifer Employee Data View & Onboarding",,,Disabled,Disabled,,Disabled,Disabled,Disabled,Disabled,Disabled,Disabled,Disabled,Disabled,Disabled,Disabled,Disabled,,,,,All,,NA,,NA,NA
"Personal Documents",personal_documents,17,"RUT Card (Chile)",chile_rut_card,67,No,,,,Disabled,ALL,,,Disabled,Disabled,N.A,Disabled,,Disabled,,Disabled,,,"Admin|Self|HRBP|Deepta Mathur Employee Data View||Jennifer Employee Data View & Onboarding","Admin|HRBP|Deepta Mathur Employee Data View||Jennifer Employee Data View & Onboarding","Admin|HRBP|Deepta Mathur Employee Data View||Jennifer Employee Data View & Onboarding",Admin,"Admin|Self|HRBP|Deepta Mathur Employee Data View||Jennifer Employee Data View & Onboarding",,,Disabled,Disabled,,Disabled,Disabled,Disabled,Disabled,Disabled,Disabled,Disabled,Disabled,Disabled,Disabled,Disabled,,,,,All,,NA,,NA,NA
"Personal Documents",personal_documents,17,"Alien Registration Card (Colombia)",colombia_alien_registration_card,68,No,,,,Disabled,ALL,,,Disabled,Disabled,N.A,Disabled,,Disabled,,Disabled,,,"Admin|Self|HRBP|Deepta Mathur Employee Data View||Jennifer Employee Data View & Onboarding","Admin|HRBP|Deepta Mathur Employee Data View||Jennifer Employee Data View & Onboarding","Admin|HRBP|Deepta Mathur Employee Data View||Jennifer Employee Data View & Onboarding",Admin,"Admin|Self|HRBP|Deepta Mathur Employee Data View||Jennifer Employee Data View & Onboarding",,,Disabled,Disabled,,Disabled,Disabled,Disabled,Disabled,Disabled,Disabled,Disabled,Disabled,Disabled,Disabled,Disabled,,,,,All,,NA,,NA,NA
"Personal Documents",personal_documents,17,"Citizen Card (Colombia)",colombia_citizen_card,69,No,,,,Disabled,ALL,,,Disabled,Disabled,N.A,Disabled,,Disabled,,Disabled,,,"Admin|Self|HRBP|Deepta Mathur Employee Data View||Jennifer Employee Data View & Onboarding","Admin|HRBP|Deepta Mathur Employee Data View||Jennifer Employee Data View & Onboarding","Admin|HRBP|Deepta Mathur Employee Data View||Jennifer Employee Data View & Onboarding",Admin,"Admin|Self|HRBP|Deepta Mathur Employee Data View||Jennifer Employee Data View & Onboarding",,,Disabled,Disabled,,Disabled,Disabled,Disabled,Disabled,Disabled,Disabled,Disabled,Disabled,Disabled,Disabled,Disabled,,,,,All,,NA,,NA,NA
"Personal Documents",personal_documents,17,"Identity Card (Colombia)",colombia_identity_card,70,No,,,,Disabled,ALL,,,Disabled,Disabled,N.A,Disabled,,Disabled,,Disabled,,,"Admin|Self|HRBP|Deepta Mathur Employee Data View||Jennifer Employee Data View & Onboarding","Admin|HRBP|Deepta Mathur Employee Data View||Jennifer Employee Data View & Onboarding","Admin|HRBP|Deepta Mathur Employee Data View||Jennifer Employee Data View & Onboarding",Admin,"Admin|Self|HRBP|Deepta Mathur Employee Data View||Jennifer Employee Data View & Onboarding",,,Disabled,Disabled,,Disabled,Disabled,Disabled,Disabled,Disabled,Disabled,Disabled,Disabled,Disabled,Disabled,Disabled,,,,,All,,NA,,NA,NA
"Personal Documents",personal_documents,17,"Personal ID Card (NUIP) (Colombia)",colombia_personal_id_card,71,No,,,,Disabled,ALL,,,Disabled,Disabled,N.A,Disabled,,Disabled,,Disabled,,,"Admin|Self|HRBP|Deepta Mathur Employee Data View||Jennifer Employee Data View & Onboarding","Admin|HRBP|Deepta Mathur Employee Data View||Jennifer Employee Data View & Onboarding","Admin|HRBP|Deepta Mathur Employee Data View||Jennifer Employee Data View & Onboarding",Admin,"Admin|Self|HRBP|Deepta Mathur Employee Data View||Jennifer Employee Data View & Onboarding",,,Disabled,Disabled,,Disabled,Disabled,Disabled,Disabled,Disabled,Disabled,Disabled,Disabled,Disabled,Disabled,Disabled,,,,,All,,NA,,NA,NA
"Personal Documents",personal_documents,17,"Social Security Number (NSS) card (Colombia)",colombia_social_security_card,72,No,,,,Disabled,ALL,,,Disabled,Disabled,N.A,Disabled,,Disabled,,Disabled,,,"Admin|Self|HRBP|Deepta Mathur Employee Data View||Jennifer Employee Data View & Onboarding","Admin|HRBP|Deepta Mathur Employee Data View||Jennifer Employee Data View & Onboarding","Admin|HRBP|Deepta Mathur Employee Data View||Jennifer Employee Data View & Onboarding",Admin,"Admin|Self|HRBP|Deepta Mathur Employee Data View||Jennifer Employee Data View & Onboarding",,,Disabled,Disabled,,Disabled,Disabled,Disabled,Disabled,Disabled,Disabled,Disabled,Disabled,Disabled,Disabled,Disabled,,,,,All,,NA,,NA,NA
"Personal Documents",personal_documents,17,"Special Permit of Stay (PEP) (Colombia)",colombia_special_permit_of_stay_card,73,No,,,,Disabled,ALL,,,Disabled,Disabled,N.A,Disabled,,Disabled,,Disabled,,,"Admin|Self|HRBP|Deepta Mathur Employee Data View||Jennifer Employee Data View & Onboarding","Admin|HRBP|Deepta Mathur Employee Data View||Jennifer Employee Data View & Onboarding","Admin|HRBP|Deepta Mathur Employee Data View||Jennifer Employee Data View & Onboarding",Admin,"Admin|Self|HRBP|Deepta Mathur Employee Data View||Jennifer Employee Data View & Onboarding",,,Disabled,Disabled,,Disabled,Disabled,Disabled,Disabled,Disabled,Disabled,Disabled,Disabled,Disabled,Disabled,Disabled,,,,,All,,NA,,NA,NA
"Personal Documents",personal_documents,17,"Social Security ID Card (Congo)",congo_democratic_republic_social_security_ID_card,74,No,,,,Disabled,ALL,,,Disabled,Disabled,N.A,Disabled,,Disabled,,Disabled,,,"Admin|Self|HRBP|Deepta Mathur Employee Data View||Jennifer Employee Data View & Onboarding","Admin|HRBP|Deepta Mathur Employee Data View||Jennifer Employee Data View & Onboarding","Admin|HRBP|Deepta Mathur Employee Data View||Jennifer Employee Data View & Onboarding",Admin,"Admin|Self|HRBP|Deepta Mathur Employee Data View||Jennifer Employee Data View & Onboarding",,,Disabled,Disabled,,Disabled,Disabled,Disabled,Disabled,Disabled,Disabled,Disabled,Disabled,Disabled,Disabled,Disabled,,,,,All,,NA,,NA,NA
"Personal Documents",personal_documents,17,"National ID Card (Congo)",congo_national_id_Card,75,No,,,,Disabled,ALL,,,Disabled,Disabled,N.A,Disabled,,Disabled,,Disabled,,,"Admin|Self|HRBP|Deepta Mathur Employee Data View||Jennifer Employee Data View & Onboarding","Admin|HRBP|Deepta Mathur Employee Data View||Jennifer Employee Data View & Onboarding","Admin|HRBP|Deepta Mathur Employee Data View||Jennifer Employee Data View & Onboarding",Admin,"Admin|Self|HRBP|Deepta Mathur Employee Data View||Jennifer Employee Data View & Onboarding",,,Disabled,Disabled,,Disabled,Disabled,Disabled,Disabled,Disabled,Disabled,Disabled,Disabled,Disabled,Disabled,Disabled,,,,,All,,NA,,NA,NA
"Personal Documents",personal_documents,17,"Diplomatic Identification Document (Costa Rica)",costa_rica_diplomatic_identification_document,76,No,,,,Disabled,ALL,,,Disabled,Disabled,N.A,Disabled,,Disabled,,Disabled,,,"Admin|Self|HRBP|Deepta Mathur Employee Data View||Jennifer Employee Data View & Onboarding","Admin|HRBP|Deepta Mathur Employee Data View||Jennifer Employee Data View & Onboarding","Admin|HRBP|Deepta Mathur Employee Data View||Jennifer Employee Data View & Onboarding",Admin,"Admin|Self|HRBP|Deepta Mathur Employee Data View||Jennifer Employee Data View & Onboarding",,,Disabled,Disabled,,Disabled,Disabled,Disabled,Disabled,Disabled,Disabled,Disabled,Disabled,Disabled,Disabled,Disabled,,,,,All,,NA,,NA,NA
"Personal Documents",personal_documents,17,"ID Card (Costa Rica)",costa_rica_id_card,77,No,,,,Disabled,ALL,,,Disabled,Disabled,N.A,Disabled,,Disabled,,Disabled,,,"Admin|Self|HRBP|Deepta Mathur Employee Data View||Jennifer Employee Data View & Onboarding","Admin|HRBP|Deepta Mathur Employee Data View||Jennifer Employee Data View & Onboarding","Admin|HRBP|Deepta Mathur Employee Data View||Jennifer Employee Data View & Onboarding",Admin,"Admin|Self|HRBP|Deepta Mathur Employee Data View||Jennifer Employee Data View & Onboarding",,,Disabled,Disabled,,Disabled,Disabled,Disabled,Disabled,Disabled,Disabled,Disabled,Disabled,Disabled,Disabled,Disabled,,,,,All,,NA,,NA,NA
"Personal Documents",personal_documents,17,"Residence Card (DIMEX) (Costa Rica)",costa_rica_residence_card,78,No,,,,Disabled,ALL,,,Disabled,Disabled,N.A,Disabled,,Disabled,,Disabled,,,"Admin|Self|HRBP|Deepta Mathur Employee Data View||Jennifer Employee Data View & Onboarding","Admin|HRBP|Deepta Mathur Employee Data View||Jennifer Employee Data View & Onboarding","Admin|HRBP|Deepta Mathur Employee Data View||Jennifer Employee Data View & Onboarding",Admin,"Admin|Self|HRBP|Deepta Mathur Employee Data View||Jennifer Employee Data View & Onboarding",,,Disabled,Disabled,,Disabled,Disabled,Disabled,Disabled,Disabled,Disabled,Disabled,Disabled,Disabled,Disabled,Disabled,,,,,All,,NA,,NA,NA
"Personal Documents",personal_documents,17,"Social Security Card (NSS) (Costa Rica)",costa_rica_social_security_card,79,No,,,,Disabled,ALL,,,Disabled,Disabled,N.A,Disabled,,Disabled,,Disabled,,,"Admin|Self|HRBP|Deepta Mathur Employee Data View||Jennifer Employee Data View & Onboarding","Admin|HRBP|Deepta Mathur Employee Data View||Jennifer Employee Data View & Onboarding","Admin|HRBP|Deepta Mathur Employee Data View||Jennifer Employee Data View & Onboarding",Admin,"Admin|Self|HRBP|Deepta Mathur Employee Data View||Jennifer Employee Data View & Onboarding",,,Disabled,Disabled,,Disabled,Disabled,Disabled,Disabled,Disabled,Disabled,Disabled,Disabled,Disabled,Disabled,Disabled,,,,,All,,NA,,NA,NA
"Personal Documents",personal_documents,17,"CNPS card (Côte d'Ivoire)",cote_divoire_cnps_card,80,No,,,,Disabled,ALL,,,Disabled,Disabled,N.A,Disabled,,Disabled,,Disabled,,,"Admin|Self|HRBP|Deepta Mathur Employee Data View||Jennifer Employee Data View & Onboarding","Admin|HRBP|Deepta Mathur Employee Data View||Jennifer Employee Data View & Onboarding","Admin|HRBP|Deepta Mathur Employee Data View||Jennifer Employee Data View & Onboarding",Admin,"Admin|Self|HRBP|Deepta Mathur Employee Data View||Jennifer Employee Data View & Onboarding",,,Disabled,Disabled,,Disabled,Disabled,Disabled,Disabled,Disabled,Disabled,Disabled,Disabled,Disabled,Disabled,Disabled,,,,,All,,NA,,NA,NA
"Personal Documents",personal_documents,17,"National Identity Card (CNI) (Côte d'Ivoire)",cote_divoire_national_identity_card,81,No,,,,Disabled,ALL,,,Disabled,Disabled,N.A,Disabled,,Disabled,,Disabled,,,"Admin|Self|HRBP|Deepta Mathur Employee Data View||Jennifer Employee Data View & Onboarding","Admin|HRBP|Deepta Mathur Employee Data View||Jennifer Employee Data View & Onboarding","Admin|HRBP|Deepta Mathur Employee Data View||Jennifer Employee Data View & Onboarding",Admin,"Admin|Self|HRBP|Deepta Mathur Employee Data View||Jennifer Employee Data View & Onboarding",,,Disabled,Disabled,,Disabled,Disabled,Disabled,Disabled,Disabled,Disabled,Disabled,Disabled,Disabled,Disabled,Disabled,,,,,All,,NA,,NA,NA
"Personal Documents",personal_documents,17,"Personal ID Card (OIB) (Croatia)",croatia_personal_id_card,82,No,,,,Disabled,ALL,,,Disabled,Disabled,N.A,Disabled,,Disabled,,Disabled,,,"Admin|Self|HRBP|Deepta Mathur Employee Data View||Jennifer Employee Data View & Onboarding","Admin|HRBP|Deepta Mathur Employee Data View||Jennifer Employee Data View & Onboarding","Admin|HRBP|Deepta Mathur Employee Data View||Jennifer Employee Data View & Onboarding",Admin,"Admin|Self|HRBP|Deepta Mathur Employee Data View||Jennifer Employee Data View & Onboarding",,,Disabled,Disabled,,Disabled,Disabled,Disabled,Disabled,Disabled,Disabled,Disabled,Disabled,Disabled,Disabled,Disabled,,,,,All,,NA,,NA,NA
"Personal Documents",personal_documents,17,"Identity Card (CI) (Cuba)",cuba_identity_card,83,No,,,,Disabled,ALL,,,Disabled,Disabled,N.A,Disabled,,Disabled,,Disabled,,,"Admin|Self|HRBP|Deepta Mathur Employee Data View||Jennifer Employee Data View & Onboarding","Admin|HRBP|Deepta Mathur Employee Data View||Jennifer Employee Data View & Onboarding","Admin|HRBP|Deepta Mathur Employee Data View||Jennifer Employee Data View & Onboarding",Admin,"Admin|Self|HRBP|Deepta Mathur Employee Data View||Jennifer Employee Data View & Onboarding",,,Disabled,Disabled,,Disabled,Disabled,Disabled,Disabled,Disabled,Disabled,Disabled,Disabled,Disabled,Disabled,Disabled,,,,,All,,NA,,NA,NA
"Personal Documents",personal_documents,17,"National ID card (Curaçao)",curacao_nation_id_card,84,No,,,,Disabled,ALL,,,Disabled,Disabled,N.A,Disabled,,Disabled,,Disabled,,,"Admin|Self|HRBP|Deepta Mathur Employee Data View||Jennifer Employee Data View & Onboarding","Admin|HRBP|Deepta Mathur Employee Data View||Jennifer Employee Data View & Onboarding","Admin|HRBP|Deepta Mathur Employee Data View||Jennifer Employee Data View & Onboarding",Admin,"Admin|Self|HRBP|Deepta Mathur Employee Data View||Jennifer Employee Data View & Onboarding",,,Disabled,Disabled,,Disabled,Disabled,Disabled,Disabled,Disabled,Disabled,Disabled,Disabled,Disabled,Disabled,Disabled,,,,,All,,NA,,NA,NA
"Personal Documents",personal_documents,17,"Alien Registration Card (Cyprus)",cyprus_alien_registration_card,85,No,,,,Disabled,ALL,,,Disabled,Disabled,N.A,Disabled,,Disabled,,Disabled,,,"Admin|Self|HRBP|Deepta Mathur Employee Data View||Jennifer Employee Data View & Onboarding","Admin|HRBP|Deepta Mathur Employee Data View||Jennifer Employee Data View & Onboarding","Admin|HRBP|Deepta Mathur Employee Data View||Jennifer Employee Data View & Onboarding",Admin,"Admin|Self|HRBP|Deepta Mathur Employee Data View||Jennifer Employee Data View & Onboarding",,,Disabled,Disabled,,Disabled,Disabled,Disabled,Disabled,Disabled,Disabled,Disabled,Disabled,Disabled,Disabled,Disabled,,,,,All,,NA,,NA,NA
"Personal Documents",personal_documents,17,"Identification Card (Cyprus)",cyprus_identification_card,86,No,,,,Disabled,ALL,,,Disabled,Disabled,N.A,Disabled,,Disabled,,Disabled,,,"Admin|Self|HRBP|Deepta Mathur Employee Data View||Jennifer Employee Data View & Onboarding","Admin|HRBP|Deepta Mathur Employee Data View||Jennifer Employee Data View & Onboarding","Admin|HRBP|Deepta Mathur Employee Data View||Jennifer Employee Data View & Onboarding",Admin,"Admin|Self|HRBP|Deepta Mathur Employee Data View||Jennifer Employee Data View & Onboarding",,,Disabled,Disabled,,Disabled,Disabled,Disabled,Disabled,Disabled,Disabled,Disabled,Disabled,Disabled,Disabled,Disabled,,,,,All,,NA,,NA,NA
"Personal Documents",personal_documents,17,"Social Insurance Card (Cyprus)",cyprus_social_insurance_card,87,No,,,,Disabled,ALL,,,Disabled,Disabled,N.A,Disabled,,Disabled,,Disabled,,,"Admin|Self|HRBP|Deepta Mathur Employee Data View||Jennifer Employee Data View & Onboarding","Admin|HRBP|Deepta Mathur Employee Data View||Jennifer Employee Data View & Onboarding","Admin|HRBP|Deepta Mathur Employee Data View||Jennifer Employee Data View & Onboarding",Admin,"Admin|Self|HRBP|Deepta Mathur Employee Data View||Jennifer Employee Data View & Onboarding",,,Disabled,Disabled,,Disabled,Disabled,Disabled,Disabled,Disabled,Disabled,Disabled,Disabled,Disabled,Disabled,Disabled,,,,,All,,NA,,NA,NA
"Personal Documents",personal_documents,17,"Citizen ID Card (ČOP) (Czechia)",czechia_citizen_id_card,88,No,,,,Disabled,ALL,,,Disabled,Disabled,N.A,Disabled,,Disabled,,Disabled,,,"Admin|Self|HRBP|Deepta Mathur Employee Data View||Jennifer Employee Data View & Onboarding","Admin|HRBP|Deepta Mathur Employee Data View||Jennifer Employee Data View & Onboarding","Admin|HRBP|Deepta Mathur Employee Data View||Jennifer Employee Data View & Onboarding",Admin,"Admin|Self|HRBP|Deepta Mathur Employee Data View||Jennifer Employee Data View & Onboarding",,,Disabled,Disabled,,Disabled,Disabled,Disabled,Disabled,Disabled,Disabled,Disabled,Disabled,Disabled,Disabled,Disabled,,,,,All,,NA,,NA,NA
"Personal Documents",personal_documents,17,"Personal Card (RČ) (Czechia)",czechia_personal_card,89,No,,,,Disabled,ALL,,,Disabled,Disabled,N.A,Disabled,,Disabled,,Disabled,,,"Admin|Self|HRBP|Deepta Mathur Employee Data View||Jennifer Employee Data View & Onboarding","Admin|HRBP|Deepta Mathur Employee Data View||Jennifer Employee Data View & Onboarding","Admin|HRBP|Deepta Mathur Employee Data View||Jennifer Employee Data View & Onboarding",Admin,"Admin|Self|HRBP|Deepta Mathur Employee Data View||Jennifer Employee Data View & Onboarding",,,Disabled,Disabled,,Disabled,Disabled,Disabled,Disabled,Disabled,Disabled,Disabled,Disabled,Disabled,Disabled,Disabled,,,,,All,,NA,,NA,NA
"Personal Documents",personal_documents,17,"National Contribution ID (RNC) Card (Dominican Republic)",dominican_republic_national_contribution_id_card,90,No,,,,Disabled,ALL,,,Disabled,Disabled,N.A,Disabled,,Disabled,,Disabled,,,"Admin|Self|HRBP|Deepta Mathur Employee Data View||Jennifer Employee Data View & Onboarding","Admin|HRBP|Deepta Mathur Employee Data View||Jennifer Employee Data View & Onboarding","Admin|HRBP|Deepta Mathur Employee Data View||Jennifer Employee Data View & Onboarding",Admin,"Admin|Self|HRBP|Deepta Mathur Employee Data View||Jennifer Employee Data View & Onboarding",,,Disabled,Disabled,,Disabled,Disabled,Disabled,Disabled,Disabled,Disabled,Disabled,Disabled,Disabled,Disabled,Disabled,,,,,All,,NA,,NA,NA
"Personal Documents",personal_documents,17,"National ID (Cédula) Number Card (Dominican Republic)",dominican_republic_national_id_card,91,No,,,,Disabled,ALL,,,Disabled,Disabled,N.A,Disabled,,Disabled,,Disabled,,,"Admin|Self|HRBP|Deepta Mathur Employee Data View||Jennifer Employee Data View & Onboarding","Admin|HRBP|Deepta Mathur Employee Data View||Jennifer Employee Data View & Onboarding","Admin|HRBP|Deepta Mathur Employee Data View||Jennifer Employee Data View & Onboarding",Admin,"Admin|Self|HRBP|Deepta Mathur Employee Data View||Jennifer Employee Data View & Onboarding",,,Disabled,Disabled,,Disabled,Disabled,Disabled,Disabled,Disabled,Disabled,Disabled,Disabled,Disabled,Disabled,Disabled,,,,,All,,NA,,NA,NA
"Personal Documents",personal_documents,17,"Social Security (NSS) Card (Dominican Republic)",dominican_republic_social_security_card,92,No,,,,Disabled,ALL,,,Disabled,Disabled,N.A,Disabled,,Disabled,,Disabled,,,"Admin|Self|HRBP|Deepta Mathur Employee Data View||Jennifer Employee Data View & Onboarding","Admin|HRBP|Deepta Mathur Employee Data View||Jennifer Employee Data View & Onboarding","Admin|HRBP|Deepta Mathur Employee Data View||Jennifer Employee Data View & Onboarding",Admin,"Admin|Self|HRBP|Deepta Mathur Employee Data View||Jennifer Employee Data View & Onboarding",,,Disabled,Disabled,,Disabled,Disabled,Disabled,Disabled,Disabled,Disabled,Disabled,Disabled,Disabled,Disabled,Disabled,,,,,All,,NA,,NA,NA
"Personal Documents",personal_documents,17,"Identity Card Number (Ecuador)",ecuador_identity_card,93,No,,,,Disabled,ALL,,,Disabled,Disabled,N.A,Disabled,,Disabled,,Disabled,,,"Admin|Self|HRBP|Deepta Mathur Employee Data View||Jennifer Employee Data View & Onboarding","Admin|HRBP|Deepta Mathur Employee Data View||Jennifer Employee Data View & Onboarding","Admin|HRBP|Deepta Mathur Employee Data View||Jennifer Employee Data View & Onboarding",Admin,"Admin|Self|HRBP|Deepta Mathur Employee Data View||Jennifer Employee Data View & Onboarding",,,Disabled,Disabled,,Disabled,Disabled,Disabled,Disabled,Disabled,Disabled,Disabled,Disabled,Disabled,Disabled,Disabled,,,,,All,,NA,,NA,NA
"Personal Documents",personal_documents,17,"Social Security Card (NSS) (Ecuador)",ecuador_social_security_card,94,No,,,,Disabled,ALL,,,Disabled,Disabled,N.A,Disabled,,Disabled,,Disabled,,,"Admin|Self|HRBP|Deepta Mathur Employee Data View||Jennifer Employee Data View & Onboarding","Admin|HRBP|Deepta Mathur Employee Data View||Jennifer Employee Data View & Onboarding","Admin|HRBP|Deepta Mathur Employee Data View||Jennifer Employee Data View & Onboarding",Admin,"Admin|Self|HRBP|Deepta Mathur Employee Data View||Jennifer Employee Data View & Onboarding",,,Disabled,Disabled,,Disabled,Disabled,Disabled,Disabled,Disabled,Disabled,Disabled,Disabled,Disabled,Disabled,Disabled,,,,,All,,NA,,NA,NA
"Personal Documents",personal_documents,17,"Insurance Card (Egypt)",egypt_insurance_card,95,No,,,,Disabled,ALL,,,Disabled,Disabled,N.A,Disabled,,Disabled,,Disabled,,,"Admin|Self|HRBP|Deepta Mathur Employee Data View||Jennifer Employee Data View & Onboarding","Admin|HRBP|Deepta Mathur Employee Data View||Jennifer Employee Data View & Onboarding","Admin|HRBP|Deepta Mathur Employee Data View||Jennifer Employee Data View & Onboarding",Admin,"Admin|Self|HRBP|Deepta Mathur Employee Data View||Jennifer Employee Data View & Onboarding",,,Disabled,Disabled,,Disabled,Disabled,Disabled,Disabled,Disabled,Disabled,Disabled,Disabled,Disabled,Disabled,Disabled,,,,,All,,NA,,NA,NA
"Personal Documents",personal_documents,17,"National ID Card (Egypt)",egypt_national_id_card,96,No,,,,Disabled,ALL,,,Disabled,Disabled,N.A,Disabled,,Disabled,,Disabled,,,"Admin|Self|HRBP|Deepta Mathur Employee Data View||Jennifer Employee Data View & Onboarding","Admin|HRBP|Deepta Mathur Employee Data View||Jennifer Employee Data View & Onboarding","Admin|HRBP|Deepta Mathur Employee Data View||Jennifer Employee Data View & Onboarding",Admin,"Admin|Self|HRBP|Deepta Mathur Employee Data View||Jennifer Employee Data View & Onboarding",,,Disabled,Disabled,,Disabled,Disabled,Disabled,Disabled,Disabled,Disabled,Disabled,Disabled,Disabled,Disabled,Disabled,,,,,All,,NA,,NA,NA
"Personal Documents",personal_documents,17,"ID Card (DUI) (El Salvador)",el_salvador_id_card,97,No,,,,Disabled,ALL,,,Disabled,Disabled,N.A,Disabled,,Disabled,,Disabled,,,"Admin|Self|HRBP|Deepta Mathur Employee Data View||Jennifer Employee Data View & Onboarding","Admin|HRBP|Deepta Mathur Employee Data View||Jennifer Employee Data View & Onboarding","Admin|HRBP|Deepta Mathur Employee Data View||Jennifer Employee Data View & Onboarding",Admin,"Admin|Self|HRBP|Deepta Mathur Employee Data View||Jennifer Employee Data View & Onboarding",,,Disabled,Disabled,,Disabled,Disabled,Disabled,Disabled,Disabled,Disabled,Disabled,Disabled,Disabled,Disabled,Disabled,,,,,All,,NA,,NA,NA
"Personal Documents",personal_documents,17,"Pension (NUP) Card (El Salvador)",el_salvador_pension_card,98,No,,,,Disabled,ALL,,,Disabled,Disabled,N.A,Disabled,,Disabled,,Disabled,,,"Admin|Self|HRBP|Deepta Mathur Employee Data View||Jennifer Employee Data View & Onboarding","Admin|HRBP|Deepta Mathur Employee Data View||Jennifer Employee Data View & Onboarding","Admin|HRBP|Deepta Mathur Employee Data View||Jennifer Employee Data View & Onboarding",Admin,"Admin|Self|HRBP|Deepta Mathur Employee Data View||Jennifer Employee Data View & Onboarding",,,Disabled,Disabled,,Disabled,Disabled,Disabled,Disabled,Disabled,Disabled,Disabled,Disabled,Disabled,Disabled,Disabled,,,,,All,,NA,,NA,NA
"Personal Documents",personal_documents,17,"Social Security Card (NSS) (El Salvador)",el_salvador_social_security_card,99,No,,,,Disabled,ALL,,,Disabled,Disabled,N.A,Disabled,,Disabled,,Disabled,,,"Admin|Self|HRBP|Deepta Mathur Employee Data View||Jennifer Employee Data View & Onboarding","Admin|HRBP|Deepta Mathur Employee Data View||Jennifer Employee Data View & Onboarding","Admin|HRBP|Deepta Mathur Employee Data View||Jennifer Employee Data View & Onboarding",Admin,"Admin|Self|HRBP|Deepta Mathur Employee Data View||Jennifer Employee Data View & Onboarding",,,Disabled,Disabled,,Disabled,Disabled,Disabled,Disabled,Disabled,Disabled,Disabled,Disabled,Disabled,Disabled,Disabled,,,,,All,,NA,,NA,NA
"Personal Documents",personal_documents,17,"Tax ID (NIT) Card (El Salvador)",el_salvador_tax_id_card,100,No,,,,Disabled,ALL,,,Disabled,Disabled,N.A,Disabled,,Disabled,,Disabled,,,"Admin|Self|HRBP|Deepta Mathur Employee Data View||Jennifer Employee Data View & Onboarding","Admin|HRBP|Deepta Mathur Employee Data View||Jennifer Employee Data View & Onboarding","Admin|HRBP|Deepta Mathur Employee Data View||Jennifer Employee Data View & Onboarding",Admin,"Admin|Self|HRBP|Deepta Mathur Employee Data View||Jennifer Employee Data View & Onboarding",,,Disabled,Disabled,,Disabled,Disabled,Disabled,Disabled,Disabled,Disabled,Disabled,Disabled,Disabled,Disabled,Disabled,,,,,All,,NA,,NA,NA
"Personal Documents",personal_documents,17,"Personal Identity Card (Equatorial Guinea)",equatorial_guinea_personal_identity_card,101,No,,,,Disabled,ALL,,,Disabled,Disabled,N.A,Disabled,,Disabled,,Disabled,,,"Admin|Self|HRBP|Deepta Mathur Employee Data View||Jennifer Employee Data View & Onboarding","Admin|HRBP|Deepta Mathur Employee Data View||Jennifer Employee Data View & Onboarding","Admin|HRBP|Deepta Mathur Employee Data View||Jennifer Employee Data View & Onboarding",Admin,"Admin|Self|HRBP|Deepta Mathur Employee Data View||Jennifer Employee Data View & Onboarding",,,Disabled,Disabled,,Disabled,Disabled,Disabled,Disabled,Disabled,Disabled,Disabled,Disabled,Disabled,Disabled,Disabled,,,,,All,,NA,,NA,NA
"Personal Documents",personal_documents,17,"Personal ID (Isikukood) Card (Estonia)",estonia_personal_id_card,102,No,,,,Disabled,ALL,,,Disabled,Disabled,N.A,Disabled,,Disabled,,Disabled,,,"Admin|Self|HRBP|Deepta Mathur Employee Data View||Jennifer Employee Data View & Onboarding","Admin|HRBP|Deepta Mathur Employee Data View||Jennifer Employee Data View & Onboarding","Admin|HRBP|Deepta Mathur Employee Data View||Jennifer Employee Data View & Onboarding",Admin,"Admin|Self|HRBP|Deepta Mathur Employee Data View||Jennifer Employee Data View & Onboarding",,,Disabled,Disabled,,Disabled,Disabled,Disabled,Disabled,Disabled,Disabled,Disabled,Disabled,Disabled,Disabled,Disabled,,,,,All,,NA,,NA,NA
"Personal Documents",personal_documents,17,"Personal Identification Card (PIN) (Eswatini)",eswatini_personal_identification_card,103,No,,,,Disabled,ALL,,,Disabled,Disabled,N.A,Disabled,,Disabled,,Disabled,,,"Admin|Self|HRBP|Deepta Mathur Employee Data View||Jennifer Employee Data View & Onboarding","Admin|HRBP|Deepta Mathur Employee Data View||Jennifer Employee Data View & Onboarding","Admin|HRBP|Deepta Mathur Employee Data View||Jennifer Employee Data View & Onboarding",Admin,"Admin|Self|HRBP|Deepta Mathur Employee Data View||Jennifer Employee Data View & Onboarding",,,Disabled,Disabled,,Disabled,Disabled,Disabled,Disabled,Disabled,Disabled,Disabled,Disabled,Disabled,Disabled,Disabled,,,,,All,,NA,,NA,NA
"Personal Documents",personal_documents,17,"Tax Identification Card (Ethiopia)",ethiopia_tax_identification_card,104,No,,,,Disabled,ALL,,,Disabled,Disabled,N.A,Disabled,,Disabled,,Disabled,,,"Admin|Self|HRBP|Deepta Mathur Employee Data View||Jennifer Employee Data View & Onboarding","Admin|HRBP|Deepta Mathur Employee Data View||Jennifer Employee Data View & Onboarding","Admin|HRBP|Deepta Mathur Employee Data View||Jennifer Employee Data View & Onboarding",Admin,"Admin|Self|HRBP|Deepta Mathur Employee Data View||Jennifer Employee Data View & Onboarding",,,Disabled,Disabled,,Disabled,Disabled,Disabled,Disabled,Disabled,Disabled,Disabled,Disabled,Disabled,Disabled,Disabled,,,,,All,,NA,,NA,NA
"Personal Documents",personal_documents,17,"P-Card (Faroe Islands)",faroe_islands_p_card,105,No,,,,Disabled,ALL,,,Disabled,Disabled,N.A,Disabled,,Disabled,,Disabled,,,"Admin|Self|HRBP|Deepta Mathur Employee Data View||Jennifer Employee Data View & Onboarding","Admin|HRBP|Deepta Mathur Employee Data View||Jennifer Employee Data View & Onboarding","Admin|HRBP|Deepta Mathur Employee Data View||Jennifer Employee Data View & Onboarding",Admin,"Admin|Self|HRBP|Deepta Mathur Employee Data View||Jennifer Employee Data View & Onboarding",,,Disabled,Disabled,,Disabled,Disabled,Disabled,Disabled,Disabled,Disabled,Disabled,Disabled,Disabled,Disabled,Disabled,,,,,All,,NA,,NA,NA
"Personal Documents",personal_documents,17,"Tax Identification Card (TIN) (Fiji)",fiji_tax_identification_card,106,No,,,,Disabled,ALL,,,Disabled,Disabled,N.A,Disabled,,Disabled,,Disabled,,,"Admin|Self|HRBP|Deepta Mathur Employee Data View||Jennifer Employee Data View & Onboarding","Admin|HRBP|Deepta Mathur Employee Data View||Jennifer Employee Data View & Onboarding","Admin|HRBP|Deepta Mathur Employee Data View||Jennifer Employee Data View & Onboarding",Admin,"Admin|Self|HRBP|Deepta Mathur Employee Data View||Jennifer Employee Data View & Onboarding",,,Disabled,Disabled,,Disabled,Disabled,Disabled,Disabled,Disabled,Disabled,Disabled,Disabled,Disabled,Disabled,Disabled,,,,,All,,NA,,NA,NA
"Personal Documents",personal_documents,17,"Social Security Fund (CNSS) Card (Gabon)",gabon_social_security_fund_card,107,No,,,,Disabled,ALL,,,Disabled,Disabled,N.A,Disabled,,Disabled,,Disabled,,,"Admin|Self|HRBP|Deepta Mathur Employee Data View||Jennifer Employee Data View & Onboarding","Admin|HRBP|Deepta Mathur Employee Data View||Jennifer Employee Data View & Onboarding","Admin|HRBP|Deepta Mathur Employee Data View||Jennifer Employee Data View & Onboarding",Admin,"Admin|Self|HRBP|Deepta Mathur Employee Data View||Jennifer Employee Data View & Onboarding",,,Disabled,Disabled,,Disabled,Disabled,Disabled,Disabled,Disabled,Disabled,Disabled,Disabled,Disabled,Disabled,Disabled,,,,,All,,NA,,NA,NA
"Personal Documents",personal_documents,17,"Ecowas Identity Card (Gambia)",gambia_ecowas_identity_card,108,No,,,,Disabled,ALL,,,Disabled,Disabled,N.A,Disabled,,Disabled,,Disabled,,,"Admin|Self|HRBP|Deepta Mathur Employee Data View||Jennifer Employee Data View & Onboarding","Admin|HRBP|Deepta Mathur Employee Data View||Jennifer Employee Data View & Onboarding","Admin|HRBP|Deepta Mathur Employee Data View||Jennifer Employee Data View & Onboarding",Admin,"Admin|Self|HRBP|Deepta Mathur Employee Data View||Jennifer Employee Data View & Onboarding",,,Disabled,Disabled,,Disabled,Disabled,Disabled,Disabled,Disabled,Disabled,Disabled,Disabled,Disabled,Disabled,Disabled,,,,,All,,NA,,NA,NA
"Personal Documents",personal_documents,17,"National Identity Card (NIC) (Ghana)",ghana_national_identity_card,109,No,,,,Disabled,ALL,,,Disabled,Disabled,N.A,Disabled,,Disabled,,Disabled,,,"Admin|Self|HRBP|Deepta Mathur Employee Data View||Jennifer Employee Data View & Onboarding","Admin|HRBP|Deepta Mathur Employee Data View||Jennifer Employee Data View & Onboarding","Admin|HRBP|Deepta Mathur Employee Data View||Jennifer Employee Data View & Onboarding",Admin,"Admin|Self|HRBP|Deepta Mathur Employee Data View||Jennifer Employee Data View & Onboarding",,,Disabled,Disabled,,Disabled,Disabled,Disabled,Disabled,Disabled,Disabled,Disabled,Disabled,Disabled,Disabled,Disabled,,,,,All,,NA,,NA,NA
"Personal Documents",personal_documents,17,"Social Security card (Ghana)",ghana_social_security_card,110,No,,,,Disabled,ALL,,,Disabled,Disabled,N.A,Disabled,,Disabled,,Disabled,,,"Admin|Self|HRBP|Deepta Mathur Employee Data View||Jennifer Employee Data View & Onboarding","Admin|HRBP|Deepta Mathur Employee Data View||Jennifer Employee Data View & Onboarding","Admin|HRBP|Deepta Mathur Employee Data View||Jennifer Employee Data View & Onboarding",Admin,"Admin|Self|HRBP|Deepta Mathur Employee Data View||Jennifer Employee Data View & Onboarding",,,Disabled,Disabled,,Disabled,Disabled,Disabled,Disabled,Disabled,Disabled,Disabled,Disabled,Disabled,Disabled,Disabled,,,,,All,,NA,,NA,NA
"Personal Documents",personal_documents,17,"Tax Identification Card (Ghana)",ghana_tax_identification_card,111,No,,,,Disabled,ALL,,,Disabled,Disabled,N.A,Disabled,,Disabled,,Disabled,,,"Admin|Self|HRBP|Deepta Mathur Employee Data View||Jennifer Employee Data View & Onboarding","Admin|HRBP|Deepta Mathur Employee Data View||Jennifer Employee Data View & Onboarding","Admin|HRBP|Deepta Mathur Employee Data View||Jennifer Employee Data View & Onboarding",Admin,"Admin|Self|HRBP|Deepta Mathur Employee Data View||Jennifer Employee Data View & Onboarding",,,Disabled,Disabled,,Disabled,Disabled,Disabled,Disabled,Disabled,Disabled,Disabled,Disabled,Disabled,Disabled,Disabled,,,,,All,,NA,,NA,NA
"Personal Documents",personal_documents,17,"Civilian Registration Card (Gibraltar)",gibraltar_civilian_registration_card,112,No,,,,Disabled,ALL,,,Disabled,Disabled,N.A,Disabled,,Disabled,,Disabled,,,"Admin|Self|HRBP|Deepta Mathur Employee Data View||Jennifer Employee Data View & Onboarding","Admin|HRBP|Deepta Mathur Employee Data View||Jennifer Employee Data View & Onboarding","Admin|HRBP|Deepta Mathur Employee Data View||Jennifer Employee Data View & Onboarding",Admin,"Admin|Self|HRBP|Deepta Mathur Employee Data View||Jennifer Employee Data View & Onboarding",,,Disabled,Disabled,,Disabled,Disabled,Disabled,Disabled,Disabled,Disabled,Disabled,Disabled,Disabled,Disabled,Disabled,,,,,All,,NA,,NA,NA
"Personal Documents",personal_documents,17,"Central Person Register Card (CPR Nr) (Greenland)",greenland_central_person_register_card,113,No,,,,Disabled,ALL,,,Disabled,Disabled,N.A,Disabled,,Disabled,,Disabled,,,"Admin|Self|HRBP|Deepta Mathur Employee Data View||Jennifer Employee Data View & Onboarding","Admin|HRBP|Deepta Mathur Employee Data View||Jennifer Employee Data View & Onboarding","Admin|HRBP|Deepta Mathur Employee Data View||Jennifer Employee Data View & Onboarding",Admin,"Admin|Self|HRBP|Deepta Mathur Employee Data View||Jennifer Employee Data View & Onboarding",,,Disabled,Disabled,,Disabled,Disabled,Disabled,Disabled,Disabled,Disabled,Disabled,Disabled,Disabled,Disabled,Disabled,,,,,All,,NA,,NA,NA
"Personal Documents",personal_documents,17,"National Insurance Scheme (NIS) Card (Grenada)",grenada_national_insurance_scheme_card,114,No,,,,Disabled,ALL,,,Disabled,Disabled,N.A,Disabled,,Disabled,,Disabled,,,"Admin|Self|HRBP|Deepta Mathur Employee Data View||Jennifer Employee Data View & Onboarding","Admin|HRBP|Deepta Mathur Employee Data View||Jennifer Employee Data View & Onboarding","Admin|HRBP|Deepta Mathur Employee Data View||Jennifer Employee Data View & Onboarding",Admin,"Admin|Self|HRBP|Deepta Mathur Employee Data View||Jennifer Employee Data View & Onboarding",,,Disabled,Disabled,,Disabled,Disabled,Disabled,Disabled,Disabled,Disabled,Disabled,Disabled,Disabled,Disabled,Disabled,,,,,All,,NA,,NA,NA
"Personal Documents",personal_documents,17,"ID Card (Cédula de Vecindad) (Guatemala)",guatemala_id_card,115,No,,,,Disabled,ALL,,,Disabled,Disabled,N.A,Disabled,,Disabled,,Disabled,,,"Admin|Self|HRBP|Deepta Mathur Employee Data View||Jennifer Employee Data View & Onboarding","Admin|HRBP|Deepta Mathur Employee Data View||Jennifer Employee Data View & Onboarding","Admin|HRBP|Deepta Mathur Employee Data View||Jennifer Employee Data View & Onboarding",Admin,"Admin|Self|HRBP|Deepta Mathur Employee Data View||Jennifer Employee Data View & Onboarding",,,Disabled,Disabled,,Disabled,Disabled,Disabled,Disabled,Disabled,Disabled,Disabled,Disabled,Disabled,Disabled,Disabled,,,,,All,,NA,,NA,NA
"Personal Documents",personal_documents,17,"Personal Identification Document (DPI) (Guatemala)",guatemala_personal_identification_document,116,No,,,,Disabled,ALL,,,Disabled,Disabled,N.A,Disabled,,Disabled,,Disabled,,,"Admin|Self|HRBP|Deepta Mathur Employee Data View||Jennifer Employee Data View & Onboarding","Admin|HRBP|Deepta Mathur Employee Data View||Jennifer Employee Data View & Onboarding","Admin|HRBP|Deepta Mathur Employee Data View||Jennifer Employee Data View & Onboarding",Admin,"Admin|Self|HRBP|Deepta Mathur Employee Data View||Jennifer Employee Data View & Onboarding",,,Disabled,Disabled,,Disabled,Disabled,Disabled,Disabled,Disabled,Disabled,Disabled,Disabled,Disabled,Disabled,Disabled,,,,,All,,NA,,NA,NA
"Personal Documents",personal_documents,17,"Social Security Number (NSS) card (Guatemala)",guatemala_social_security_card,117,No,,,,Disabled,ALL,,,Disabled,Disabled,N.A,Disabled,,Disabled,,Disabled,,,"Admin|Self|HRBP|Deepta Mathur Employee Data View||Jennifer Employee Data View & Onboarding","Admin|HRBP|Deepta Mathur Employee Data View||Jennifer Employee Data View & Onboarding","Admin|HRBP|Deepta Mathur Employee Data View||Jennifer Employee Data View & Onboarding",Admin,"Admin|Self|HRBP|Deepta Mathur Employee Data View||Jennifer Employee Data View & Onboarding",,,Disabled,Disabled,,Disabled,Disabled,Disabled,Disabled,Disabled,Disabled,Disabled,Disabled,Disabled,Disabled,Disabled,,,,,All,,NA,,NA,NA
"Personal Documents",personal_documents,17,"Tax Identification (NIT) card (Guatemala)",guatemala_tax_identification_card,118,No,,,,Disabled,ALL,,,Disabled,Disabled,N.A,Disabled,,Disabled,,Disabled,,,"Admin|Self|HRBP|Deepta Mathur Employee Data View||Jennifer Employee Data View & Onboarding","Admin|HRBP|Deepta Mathur Employee Data View||Jennifer Employee Data View & Onboarding","Admin|HRBP|Deepta Mathur Employee Data View||Jennifer Employee Data View & Onboarding",Admin,"Admin|Self|HRBP|Deepta Mathur Employee Data View||Jennifer Employee Data View & Onboarding",,,Disabled,Disabled,,Disabled,Disabled,Disabled,Disabled,Disabled,Disabled,Disabled,Disabled,Disabled,Disabled,Disabled,,,,,All,,NA,,NA,NA
"Personal Documents",personal_documents,17,"National Insurance (NI) Card (Guernsey)",guernsey_national_insurance_card,119,No,,,,Disabled,ALL,,,Disabled,Disabled,N.A,Disabled,,Disabled,,Disabled,,,"Admin|Self|HRBP|Deepta Mathur Employee Data View||Jennifer Employee Data View & Onboarding","Admin|HRBP|Deepta Mathur Employee Data View||Jennifer Employee Data View & Onboarding","Admin|HRBP|Deepta Mathur Employee Data View||Jennifer Employee Data View & Onboarding",Admin,"Admin|Self|HRBP|Deepta Mathur Employee Data View||Jennifer Employee Data View & Onboarding",,,Disabled,Disabled,,Disabled,Disabled,Disabled,Disabled,Disabled,Disabled,Disabled,Disabled,Disabled,Disabled,Disabled,,,,,All,,NA,,NA,NA
"Personal Documents",personal_documents,17,"Social Security Card (SSN) (Guernsey)",guernsey_social_security_card,120,No,,,,Disabled,ALL,,,Disabled,Disabled,N.A,Disabled,,Disabled,,Disabled,,,"Admin|Self|HRBP|Deepta Mathur Employee Data View||Jennifer Employee Data View & Onboarding","Admin|HRBP|Deepta Mathur Employee Data View||Jennifer Employee Data View & Onboarding","Admin|HRBP|Deepta Mathur Employee Data View||Jennifer Employee Data View & Onboarding",Admin,"Admin|Self|HRBP|Deepta Mathur Employee Data View||Jennifer Employee Data View & Onboarding",,,Disabled,Disabled,,Disabled,Disabled,Disabled,Disabled,Disabled,Disabled,Disabled,Disabled,Disabled,Disabled,Disabled,,,,,All,,NA,,NA,NA
"Personal Documents",personal_documents,17,"CNSS Card (Guinea)",guinea_cnss_card,122,No,,,,Disabled,ALL,,,Disabled,Disabled,N.A,Disabled,,Disabled,,Disabled,,,"Admin|Self|HRBP|Deepta Mathur Employee Data View||Jennifer Employee Data View & Onboarding","Admin|HRBP|Deepta Mathur Employee Data View||Jennifer Employee Data View & Onboarding","Admin|HRBP|Deepta Mathur Employee Data View||Jennifer Employee Data View & Onboarding",Admin,"Admin|Self|HRBP|Deepta Mathur Employee Data View||Jennifer Employee Data View & Onboarding",,,Disabled,Disabled,,Disabled,Disabled,Disabled,Disabled,Disabled,Disabled,Disabled,Disabled,Disabled,Disabled,Disabled,,,,,All,,NA,,NA,NA
"Personal Documents",personal_documents,17,"National Identity Card (CNI) (Guinea)",guinea_national_identity_card,123,No,,,,Disabled,ALL,,,Disabled,Disabled,N.A,Disabled,,Disabled,,Disabled,,,"Admin|Self|HRBP|Deepta Mathur Employee Data View||Jennifer Employee Data View & Onboarding","Admin|HRBP|Deepta Mathur Employee Data View||Jennifer Employee Data View & Onboarding","Admin|HRBP|Deepta Mathur Employee Data View||Jennifer Employee Data View & Onboarding",Admin,"Admin|Self|HRBP|Deepta Mathur Employee Data View||Jennifer Employee Data View & Onboarding",,,Disabled,Disabled,,Disabled,Disabled,Disabled,Disabled,Disabled,Disabled,Disabled,Disabled,Disabled,Disabled,Disabled,,,,,All,,NA,,NA,NA
"Personal Documents",personal_documents,17,"National Identification Card (Guyana)",guyana_national_identification_card,124,No,,,,Disabled,ALL,,,Disabled,Disabled,N.A,Disabled,,Disabled,,Disabled,,,"Admin|Self|HRBP|Deepta Mathur Employee Data View||Jennifer Employee Data View & Onboarding","Admin|HRBP|Deepta Mathur Employee Data View||Jennifer Employee Data View & Onboarding","Admin|HRBP|Deepta Mathur Employee Data View||Jennifer Employee Data View & Onboarding",Admin,"Admin|Self|HRBP|Deepta Mathur Employee Data View||Jennifer Employee Data View & Onboarding",,,Disabled,Disabled,,Disabled,Disabled,Disabled,Disabled,Disabled,Disabled,Disabled,Disabled,Disabled,Disabled,Disabled,,,,,All,,NA,,NA,NA
"Personal Documents",personal_documents,17,"National Identification Card (CIN) (Haiti)",haiti_national_identification_card,125,No,,,,Disabled,ALL,,,Disabled,Disabled,N.A,Disabled,,Disabled,,Disabled,,,"Admin|Self|HRBP|Deepta Mathur Employee Data View||Jennifer Employee Data View & Onboarding","Admin|HRBP|Deepta Mathur Employee Data View||Jennifer Employee Data View & Onboarding","Admin|HRBP|Deepta Mathur Employee Data View||Jennifer Employee Data View & Onboarding",Admin,"Admin|Self|HRBP|Deepta Mathur Employee Data View||Jennifer Employee Data View & Onboarding",,,Disabled,Disabled,,Disabled,Disabled,Disabled,Disabled,Disabled,Disabled,Disabled,Disabled,Disabled,Disabled,Disabled,,,,,All,,NA,,NA,NA
"Personal Documents",personal_documents,17,"Tax ID Card (NIF) (Haiti)",haiti_tax_id_card,126,No,,,,Disabled,ALL,,,Disabled,Disabled,N.A,Disabled,,Disabled,,Disabled,,,"Admin|Self|HRBP|Deepta Mathur Employee Data View||Jennifer Employee Data View & Onboarding","Admin|HRBP|Deepta Mathur Employee Data View||Jennifer Employee Data View & Onboarding","Admin|HRBP|Deepta Mathur Employee Data View||Jennifer Employee Data View & Onboarding",Admin,"Admin|Self|HRBP|Deepta Mathur Employee Data View||Jennifer Employee Data View & Onboarding",,,Disabled,Disabled,,Disabled,Disabled,Disabled,Disabled,Disabled,Disabled,Disabled,Disabled,Disabled,Disabled,Disabled,,,,,All,,NA,,NA,NA
"Personal Documents",personal_documents,17,"ID Card (Honduras)",honduras_id_card,127,No,,,,Disabled,ALL,,,Disabled,Disabled,N.A,Disabled,,Disabled,,Disabled,,,"Admin|Self|HRBP|Deepta Mathur Employee Data View||Jennifer Employee Data View & Onboarding","Admin|HRBP|Deepta Mathur Employee Data View||Jennifer Employee Data View & Onboarding","Admin|HRBP|Deepta Mathur Employee Data View||Jennifer Employee Data View & Onboarding",Admin,"Admin|Self|HRBP|Deepta Mathur Employee Data View||Jennifer Employee Data View & Onboarding",,,Disabled,Disabled,,Disabled,Disabled,Disabled,Disabled,Disabled,Disabled,Disabled,Disabled,Disabled,Disabled,Disabled,,,,,All,,NA,,NA,NA
"Personal Documents",personal_documents,17,"Tax ID (RTN) (Honduras)",honduras_tax_id_card,128,No,,,,Disabled,ALL,,,Disabled,Disabled,N.A,Disabled,,Disabled,,Disabled,,,"Admin|Self|HRBP|Deepta Mathur Employee Data View||Jennifer Employee Data View & Onboarding","Admin|HRBP|Deepta Mathur Employee Data View||Jennifer Employee Data View & Onboarding","Admin|HRBP|Deepta Mathur Employee Data View||Jennifer Employee Data View & Onboarding",Admin,"Admin|Self|HRBP|Deepta Mathur Employee Data View||Jennifer Employee Data View & Onboarding",,,Disabled,Disabled,,Disabled,Disabled,Disabled,Disabled,Disabled,Disabled,Disabled,Disabled,Disabled,Disabled,Disabled,,,,,All,,NA,,NA,NA
"Personal Documents",personal_documents,17,"ID Card (Hungary)",hungary_id_card,129,No,,,,Disabled,ALL,,,Disabled,Disabled,N.A,Disabled,,Disabled,,Disabled,,,"Admin|Self|HRBP|Deepta Mathur Employee Data View||Jennifer Employee Data View & Onboarding","Admin|HRBP|Deepta Mathur Employee Data View||Jennifer Employee Data View & Onboarding","Admin|HRBP|Deepta Mathur Employee Data View||Jennifer Employee Data View & Onboarding",Admin,"Admin|Self|HRBP|Deepta Mathur Employee Data View||Jennifer Employee Data View & Onboarding",,,Disabled,Disabled,,Disabled,Disabled,Disabled,Disabled,Disabled,Disabled,Disabled,Disabled,Disabled,Disabled,Disabled,,,,,All,,NA,,NA,NA
"Personal Documents",personal_documents,17,"Social Security (TAJ) Card (Hungary)",hungary_social_security_card,130,No,,,,Disabled,ALL,,,Disabled,Disabled,N.A,Disabled,,Disabled,,Disabled,,,"Admin|Self|HRBP|Deepta Mathur Employee Data View||Jennifer Employee Data View & Onboarding","Admin|HRBP|Deepta Mathur Employee Data View||Jennifer Employee Data View & Onboarding","Admin|HRBP|Deepta Mathur Employee Data View||Jennifer Employee Data View & Onboarding",Admin,"Admin|Self|HRBP|Deepta Mathur Employee Data View||Jennifer Employee Data View & Onboarding",,,Disabled,Disabled,,Disabled,Disabled,Disabled,Disabled,Disabled,Disabled,Disabled,Disabled,Disabled,Disabled,Disabled,,,,,All,,NA,,NA,NA
"Personal Documents",personal_documents,17,"Tax ID Card (Hungary)",hungary_tax_id_card,131,No,,,,Disabled,ALL,,,Disabled,Disabled,N.A,Disabled,,Disabled,,Disabled,,,"Admin|Self|HRBP|Deepta Mathur Employee Data View||Jennifer Employee Data View & Onboarding","Admin|HRBP|Deepta Mathur Employee Data View||Jennifer Employee Data View & Onboarding","Admin|HRBP|Deepta Mathur Employee Data View||Jennifer Employee Data View & Onboarding",Admin,"Admin|Self|HRBP|Deepta Mathur Employee Data View||Jennifer Employee Data View & Onboarding",,,Disabled,Disabled,,Disabled,Disabled,Disabled,Disabled,Disabled,Disabled,Disabled,Disabled,Disabled,Disabled,Disabled,,,,,All,,NA,,NA,NA
"Personal Documents",personal_documents,17,"National ID (Kennitala) Card (Iceland)",iceland_national_id_card,132,No,,,,Disabled,ALL,,,Disabled,Disabled,N.A,Disabled,,Disabled,,Disabled,,,"Admin|Self|HRBP|Deepta Mathur Employee Data View||Jennifer Employee Data View & Onboarding","Admin|HRBP|Deepta Mathur Employee Data View||Jennifer Employee Data View & Onboarding","Admin|HRBP|Deepta Mathur Employee Data View||Jennifer Employee Data View & Onboarding",Admin,"Admin|Self|HRBP|Deepta Mathur Employee Data View||Jennifer Employee Data View & Onboarding",,,Disabled,Disabled,,Disabled,Disabled,Disabled,Disabled,Disabled,Disabled,Disabled,Disabled,Disabled,Disabled,Disabled,,,,,All,,NA,,NA,NA
"Personal Documents",personal_documents,17,"National Insurance (NI) Card (Isle of Man)",isle_of_man_national_insurance_card,133,No,,,,Disabled,ALL,,,Disabled,Disabled,N.A,Disabled,,Disabled,,Disabled,,,"Admin|Self|HRBP|Deepta Mathur Employee Data View||Jennifer Employee Data View & Onboarding","Admin|HRBP|Deepta Mathur Employee Data View||Jennifer Employee Data View & Onboarding","Admin|HRBP|Deepta Mathur Employee Data View||Jennifer Employee Data View & Onboarding",Admin,"Admin|Self|HRBP|Deepta Mathur Employee Data View||Jennifer Employee Data View & Onboarding",,,Disabled,Disabled,,Disabled,Disabled,Disabled,Disabled,Disabled,Disabled,Disabled,Disabled,Disabled,Disabled,Disabled,,,,,All,,NA,,NA,NA
"Personal Documents",personal_documents,17,"National Insurance Card (Jamaica)",jamaica_national_insurance_card,134,No,,,,Disabled,ALL,,,Disabled,Disabled,N.A,Disabled,,Disabled,,Disabled,,,"Admin|Self|HRBP|Deepta Mathur Employee Data View||Jennifer Employee Data View & Onboarding","Admin|HRBP|Deepta Mathur Employee Data View||Jennifer Employee Data View & Onboarding","Admin|HRBP|Deepta Mathur Employee Data View||Jennifer Employee Data View & Onboarding",Admin,"Admin|Self|HRBP|Deepta Mathur Employee Data View||Jennifer Employee Data View & Onboarding",,,Disabled,Disabled,,Disabled,Disabled,Disabled,Disabled,Disabled,Disabled,Disabled,Disabled,Disabled,Disabled,Disabled,,,,,All,,NA,,NA,NA
"Personal Documents",personal_documents,17,"Taxpayer Registration Card (Jamaica)",jamaica_taxpayer_registration_card,135,No,,,,Disabled,ALL,,,Disabled,Disabled,N.A,Disabled,,Disabled,,Disabled,,,"Admin|Self|HRBP|Deepta Mathur Employee Data View||Jennifer Employee Data View & Onboarding","Admin|HRBP|Deepta Mathur Employee Data View||Jennifer Employee Data View & Onboarding","Admin|HRBP|Deepta Mathur Employee Data View||Jennifer Employee Data View & Onboarding",Admin,"Admin|Self|HRBP|Deepta Mathur Employee Data View||Jennifer Employee Data View & Onboarding",,,Disabled,Disabled,,Disabled,Disabled,Disabled,Disabled,Disabled,Disabled,Disabled,Disabled,Disabled,Disabled,Disabled,,,,,All,,NA,,NA,NA
"Personal Documents",personal_documents,17,"National Insurance (NI) Card (Jersey)",jersey_national_insurance_card,136,No,,,,Disabled,ALL,,,Disabled,Disabled,N.A,Disabled,,Disabled,,Disabled,,,"Admin|Self|HRBP|Deepta Mathur Employee Data View||Jennifer Employee Data View & Onboarding","Admin|HRBP|Deepta Mathur Employee Data View||Jennifer Employee Data View & Onboarding","Admin|HRBP|Deepta Mathur Employee Data View||Jennifer Employee Data View & Onboarding",Admin,"Admin|Self|HRBP|Deepta Mathur Employee Data View||Jennifer Employee Data View & Onboarding",,,Disabled,Disabled,,Disabled,Disabled,Disabled,Disabled,Disabled,Disabled,Disabled,Disabled,Disabled,Disabled,Disabled,,,,,All,,NA,,NA,NA
"Personal Documents",personal_documents,17,"Social Security Card (SSN) (Jersey)",jersey_social_security_card,137,No,,,,Disabled,ALL,,,Disabled,Disabled,N.A,Disabled,,Disabled,,Disabled,,,"Admin|Self|HRBP|Deepta Mathur Employee Data View||Jennifer Employee Data View & Onboarding","Admin|HRBP|Deepta Mathur Employee Data View||Jennifer Employee Data View & Onboarding","Admin|HRBP|Deepta Mathur Employee Data View||Jennifer Employee Data View & Onboarding",Admin,"Admin|Self|HRBP|Deepta Mathur Employee Data View||Jennifer Employee Data View & Onboarding",,,Disabled,Disabled,,Disabled,Disabled,Disabled,Disabled,Disabled,Disabled,Disabled,Disabled,Disabled,Disabled,Disabled,,,,,All,,NA,,NA,NA
"Personal Documents",personal_documents,17,"Hospital Insurance (NHIF) Card (Kenya)",kenya_hospital_insurance_card,138,No,,,,Disabled,ALL,,,Disabled,Disabled,N.A,Disabled,,Disabled,,Disabled,,,"Admin|Self|HRBP|Deepta Mathur Employee Data View||Jennifer Employee Data View & Onboarding","Admin|HRBP|Deepta Mathur Employee Data View||Jennifer Employee Data View & Onboarding","Admin|HRBP|Deepta Mathur Employee Data View||Jennifer Employee Data View & Onboarding",Admin,"Admin|Self|HRBP|Deepta Mathur Employee Data View||Jennifer Employee Data View & Onboarding",,,Disabled,Disabled,,Disabled,Disabled,Disabled,Disabled,Disabled,Disabled,Disabled,Disabled,Disabled,Disabled,Disabled,,,,,All,,NA,,NA,NA
"Personal Documents",personal_documents,17,"National Identity Card (Kenya)",kenya_national_identity_card,139,No,,,,Disabled,ALL,,,Disabled,Disabled,N.A,Disabled,,Disabled,,Disabled,,,"Admin|Self|HRBP|Deepta Mathur Employee Data View||Jennifer Employee Data View & Onboarding","Admin|HRBP|Deepta Mathur Employee Data View||Jennifer Employee Data View & Onboarding","Admin|HRBP|Deepta Mathur Employee Data View||Jennifer Employee Data View & Onboarding",Admin,"Admin|Self|HRBP|Deepta Mathur Employee Data View||Jennifer Employee Data View & Onboarding",,,Disabled,Disabled,,Disabled,Disabled,Disabled,Disabled,Disabled,Disabled,Disabled,Disabled,Disabled,Disabled,Disabled,,,,,All,,NA,,NA,NA
"Personal Documents",personal_documents,17,"Revenue Authority card (Kenya)",kenya_revenue_authority_card,140,No,,,,Disabled,ALL,,,Disabled,Disabled,N.A,Disabled,,Disabled,,Disabled,,,"Admin|Self|HRBP|Deepta Mathur Employee Data View||Jennifer Employee Data View & Onboarding","Admin|HRBP|Deepta Mathur Employee Data View||Jennifer Employee Data View & Onboarding","Admin|HRBP|Deepta Mathur Employee Data View||Jennifer Employee Data View & Onboarding",Admin,"Admin|Self|HRBP|Deepta Mathur Employee Data View||Jennifer Employee Data View & Onboarding",,,Disabled,Disabled,,Disabled,Disabled,Disabled,Disabled,Disabled,Disabled,Disabled,Disabled,Disabled,Disabled,Disabled,,,,,All,,NA,,NA,NA
"Personal Documents",personal_documents,17,"Social Security (NSSF) Card (Kenya)",kenya_social_security_card,141,No,,,,Disabled,ALL,,,Disabled,Disabled,N.A,Disabled,,Disabled,,Disabled,,,"Admin|Self|HRBP|Deepta Mathur Employee Data View||Jennifer Employee Data View & Onboarding","Admin|HRBP|Deepta Mathur Employee Data View||Jennifer Employee Data View & Onboarding","Admin|HRBP|Deepta Mathur Employee Data View||Jennifer Employee Data View & Onboarding",Admin,"Admin|Self|HRBP|Deepta Mathur Employee Data View||Jennifer Employee Data View & Onboarding",,,Disabled,Disabled,,Disabled,Disabled,Disabled,Disabled,Disabled,Disabled,Disabled,Disabled,Disabled,Disabled,Disabled,,,,,All,,NA,,NA,NA
"Personal Documents",personal_documents,17,"Identity Card (Letërnjoftimi) Number (Kosovo)",kosovo_identity_card,142,No,,,,Disabled,ALL,,,Disabled,Disabled,N.A,Disabled,,Disabled,,Disabled,,,"Admin|Self|HRBP|Deepta Mathur Employee Data View||Jennifer Employee Data View & Onboarding","Admin|HRBP|Deepta Mathur Employee Data View||Jennifer Employee Data View & Onboarding","Admin|HRBP|Deepta Mathur Employee Data View||Jennifer Employee Data View & Onboarding",Admin,"Admin|Self|HRBP|Deepta Mathur Employee Data View||Jennifer Employee Data View & Onboarding",,,Disabled,Disabled,,Disabled,Disabled,Disabled,Disabled,Disabled,Disabled,Disabled,Disabled,Disabled,Disabled,Disabled,,,,,All,,NA,,NA,NA
"Personal Documents",personal_documents,17,"National ID Card (Laos)",laos_national_id_card,143,No,,,,Disabled,ALL,,,Disabled,Disabled,N.A,Disabled,,Disabled,,Disabled,,,"Admin|Self|HRBP|Deepta Mathur Employee Data View||Jennifer Employee Data View & Onboarding","Admin|HRBP|Deepta Mathur Employee Data View||Jennifer Employee Data View & Onboarding","Admin|HRBP|Deepta Mathur Employee Data View||Jennifer Employee Data View & Onboarding",Admin,"Admin|Self|HRBP|Deepta Mathur Employee Data View||Jennifer Employee Data View & Onboarding",,,Disabled,Disabled,,Disabled,Disabled,Disabled,Disabled,Disabled,Disabled,Disabled,Disabled,Disabled,Disabled,Disabled,,,,,All,,NA,,NA,NA
"Personal Documents",personal_documents,17,"Identity Card (Lebanon)",lebanon_identity_card,144,No,,,,Disabled,ALL,,,Disabled,Disabled,N.A,Disabled,,Disabled,,Disabled,,,"Admin|Self|HRBP|Deepta Mathur Employee Data View||Jennifer Employee Data View & Onboarding","Admin|HRBP|Deepta Mathur Employee Data View||Jennifer Employee Data View & Onboarding","Admin|HRBP|Deepta Mathur Employee Data View||Jennifer Employee Data View & Onboarding",Admin,"Admin|Self|HRBP|Deepta Mathur Employee Data View||Jennifer Employee Data View & Onboarding",,,Disabled,Disabled,,Disabled,Disabled,Disabled,Disabled,Disabled,Disabled,Disabled,Disabled,Disabled,Disabled,Disabled,,,,,All,,NA,,NA,NA
"Personal Documents",personal_documents,17,"ID Card (Lesotho)",lesotho_id_card,145,No,,,,Disabled,ALL,,,Disabled,Disabled,N.A,Disabled,,Disabled,,Disabled,,,"Admin|Self|HRBP|Deepta Mathur Employee Data View||Jennifer Employee Data View & Onboarding","Admin|HRBP|Deepta Mathur Employee Data View||Jennifer Employee Data View & Onboarding","Admin|HRBP|Deepta Mathur Employee Data View||Jennifer Employee Data View & Onboarding",Admin,"Admin|Self|HRBP|Deepta Mathur Employee Data View||Jennifer Employee Data View & Onboarding",,,Disabled,Disabled,,Disabled,Disabled,Disabled,Disabled,Disabled,Disabled,Disabled,Disabled,Disabled,Disabled,Disabled,,,,,All,,NA,,NA,NA
"Personal Documents",personal_documents,17,"Social Security (NASSCorp) Card (Liberia)",liberia_social_security_card,146,No,,,,Disabled,ALL,,,Disabled,Disabled,N.A,Disabled,,Disabled,,Disabled,,,"Admin|Self|HRBP|Deepta Mathur Employee Data View||Jennifer Employee Data View & Onboarding","Admin|HRBP|Deepta Mathur Employee Data View||Jennifer Employee Data View & Onboarding","Admin|HRBP|Deepta Mathur Employee Data View||Jennifer Employee Data View & Onboarding",Admin,"Admin|Self|HRBP|Deepta Mathur Employee Data View||Jennifer Employee Data View & Onboarding",,,Disabled,Disabled,,Disabled,Disabled,Disabled,Disabled,Disabled,Disabled,Disabled,Disabled,Disabled,Disabled,Disabled,,,,,All,,NA,,NA,NA
"Personal Documents",personal_documents,17,"National ID Card (Libya)",libya_national_id_card,147,No,,,,Disabled,ALL,,,Disabled,Disabled,N.A,Disabled,,Disabled,,Disabled,,,"Admin|Self|HRBP|Deepta Mathur Employee Data View||Jennifer Employee Data View & Onboarding","Admin|HRBP|Deepta Mathur Employee Data View||Jennifer Employee Data View & Onboarding","Admin|HRBP|Deepta Mathur Employee Data View||Jennifer Employee Data View & Onboarding",Admin,"Admin|Self|HRBP|Deepta Mathur Employee Data View||Jennifer Employee Data View & Onboarding",,,Disabled,Disabled,,Disabled,Disabled,Disabled,Disabled,Disabled,Disabled,Disabled,Disabled,Disabled,Disabled,Disabled,,,,,All,,NA,,NA,NA
"Personal Documents",personal_documents,17,"Social Security Number (CCSS) card (Luxembourg)",luxembourg_social_security_card,148,No,,,,Disabled,ALL,,,Disabled,Disabled,N.A,Disabled,,Disabled,,Disabled,,,"Admin|Self|HRBP|Deepta Mathur Employee Data View||Jennifer Employee Data View & Onboarding","Admin|HRBP|Deepta Mathur Employee Data View||Jennifer Employee Data View & Onboarding","Admin|HRBP|Deepta Mathur Employee Data View||Jennifer Employee Data View & Onboarding",Admin,"Admin|Self|HRBP|Deepta Mathur Employee Data View||Jennifer Employee Data View & Onboarding",,,Disabled,Disabled,,Disabled,Disabled,Disabled,Disabled,Disabled,Disabled,Disabled,Disabled,Disabled,Disabled,Disabled,,,,,All,,NA,,NA,NA
"Personal Documents",personal_documents,17,"Beneficiary Card (FSS) (Macao)",macao_beneficiary_card,149,No,,,,Disabled,ALL,,,Disabled,Disabled,N.A,Disabled,,Disabled,,Disabled,,,"Admin|Self|HRBP|Deepta Mathur Employee Data View||Jennifer Employee Data View & Onboarding","Admin|HRBP|Deepta Mathur Employee Data View||Jennifer Employee Data View & Onboarding","Admin|HRBP|Deepta Mathur Employee Data View||Jennifer Employee Data View & Onboarding",Admin,"Admin|Self|HRBP|Deepta Mathur Employee Data View||Jennifer Employee Data View & Onboarding",,,Disabled,Disabled,,Disabled,Disabled,Disabled,Disabled,Disabled,Disabled,Disabled,Disabled,Disabled,Disabled,Disabled,,,,,All,,NA,,NA,NA
"Personal Documents",personal_documents,17,"Macao SAR Identity Card Number (Macao)",macao_sar_identity_card,150,No,,,,Disabled,ALL,,,Disabled,Disabled,N.A,Disabled,,Disabled,,Disabled,,,"Admin|Self|HRBP|Deepta Mathur Employee Data View||Jennifer Employee Data View & Onboarding","Admin|HRBP|Deepta Mathur Employee Data View||Jennifer Employee Data View & Onboarding","Admin|HRBP|Deepta Mathur Employee Data View||Jennifer Employee Data View & Onboarding",Admin,"Admin|Self|HRBP|Deepta Mathur Employee Data View||Jennifer Employee Data View & Onboarding",,,Disabled,Disabled,,Disabled,Disabled,Disabled,Disabled,Disabled,Disabled,Disabled,Disabled,Disabled,Disabled,Disabled,,,,,All,,NA,,NA,NA
"Personal Documents",personal_documents,17,"National Identity Card (CIN) (Madagascar)",madagascar_national_identity_card,151,No,,,,Disabled,ALL,,,Disabled,Disabled,N.A,Disabled,,Disabled,,Disabled,,,"Admin|Self|HRBP|Deepta Mathur Employee Data View||Jennifer Employee Data View & Onboarding","Admin|HRBP|Deepta Mathur Employee Data View||Jennifer Employee Data View & Onboarding","Admin|HRBP|Deepta Mathur Employee Data View||Jennifer Employee Data View & Onboarding",Admin,"Admin|Self|HRBP|Deepta Mathur Employee Data View||Jennifer Employee Data View & Onboarding",,,Disabled,Disabled,,Disabled,Disabled,Disabled,Disabled,Disabled,Disabled,Disabled,Disabled,Disabled,Disabled,Disabled,,,,,All,,NA,,NA,NA
"Personal Documents",personal_documents,17,"Resident Card (CR) (Madagascar)",madagascar_resident_card,152,No,,,,Disabled,ALL,,,Disabled,Disabled,N.A,Disabled,,Disabled,,Disabled,,,"Admin|Self|HRBP|Deepta Mathur Employee Data View||Jennifer Employee Data View & Onboarding","Admin|HRBP|Deepta Mathur Employee Data View||Jennifer Employee Data View & Onboarding","Admin|HRBP|Deepta Mathur Employee Data View||Jennifer Employee Data View & Onboarding",Admin,"Admin|Self|HRBP|Deepta Mathur Employee Data View||Jennifer Employee Data View & Onboarding",,,Disabled,Disabled,,Disabled,Disabled,Disabled,Disabled,Disabled,Disabled,Disabled,Disabled,Disabled,Disabled,Disabled,,,,,All,,NA,,NA,NA
"Personal Documents",personal_documents,17,"National Identity Card (Malawi)",malawi_national_identity_card,153,No,,,,Disabled,ALL,,,Disabled,Disabled,N.A,Disabled,,Disabled,,Disabled,,,"Admin|Self|HRBP|Deepta Mathur Employee Data View||Jennifer Employee Data View & Onboarding","Admin|HRBP|Deepta Mathur Employee Data View||Jennifer Employee Data View & Onboarding","Admin|HRBP|Deepta Mathur Employee Data View||Jennifer Employee Data View & Onboarding",Admin,"Admin|Self|HRBP|Deepta Mathur Employee Data View||Jennifer Employee Data View & Onboarding",,,Disabled,Disabled,,Disabled,Disabled,Disabled,Disabled,Disabled,Disabled,Disabled,Disabled,Disabled,Disabled,Disabled,,,,,All,,NA,,NA,NA
"Personal Documents",personal_documents,17,"INPS Insurance Card (Mali)",mali_inps_insurance_card,154,No,,,,Disabled,ALL,,,Disabled,Disabled,N.A,Disabled,,Disabled,,Disabled,,,"Admin|Self|HRBP|Deepta Mathur Employee Data View||Jennifer Employee Data View & Onboarding","Admin|HRBP|Deepta Mathur Employee Data View||Jennifer Employee Data View & Onboarding","Admin|HRBP|Deepta Mathur Employee Data View||Jennifer Employee Data View & Onboarding",Admin,"Admin|Self|HRBP|Deepta Mathur Employee Data View||Jennifer Employee Data View & Onboarding",,,Disabled,Disabled,,Disabled,Disabled,Disabled,Disabled,Disabled,Disabled,Disabled,Disabled,Disabled,Disabled,Disabled,,,,,All,,NA,,NA,NA
"Personal Documents",personal_documents,17,"National Identification Card (NINA) (Mali)",mali_national_identification_card,155,No,,,,Disabled,ALL,,,Disabled,Disabled,N.A,Disabled,,Disabled,,Disabled,,,"Admin|Self|HRBP|Deepta Mathur Employee Data View||Jennifer Employee Data View & Onboarding","Admin|HRBP|Deepta Mathur Employee Data View||Jennifer Employee Data View & Onboarding","Admin|HRBP|Deepta Mathur Employee Data View||Jennifer Employee Data View & Onboarding",Admin,"Admin|Self|HRBP|Deepta Mathur Employee Data View||Jennifer Employee Data View & Onboarding",,,Disabled,Disabled,,Disabled,Disabled,Disabled,Disabled,Disabled,Disabled,Disabled,Disabled,Disabled,Disabled,Disabled,,,,,All,,NA,,NA,NA
"Personal Documents",personal_documents,17,"ID Card (Malta)",malta_id_card,156,No,,,,Disabled,ALL,,,Disabled,Disabled,N.A,Disabled,,Disabled,,Disabled,,,"Admin|Self|HRBP|Deepta Mathur Employee Data View||Jennifer Employee Data View & Onboarding","Admin|HRBP|Deepta Mathur Employee Data View||Jennifer Employee Data View & Onboarding","Admin|HRBP|Deepta Mathur Employee Data View||Jennifer Employee Data View & Onboarding",Admin,"Admin|Self|HRBP|Deepta Mathur Employee Data View||Jennifer Employee Data View & Onboarding",,,Disabled,Disabled,,Disabled,Disabled,Disabled,Disabled,Disabled,Disabled,Disabled,Disabled,Disabled,Disabled,Disabled,,,,,All,,NA,,NA,NA
"Personal Documents",personal_documents,17,"Social Security Card (Malta)",malta_social_security_card,157,No,,,,Disabled,ALL,,,Disabled,Disabled,N.A,Disabled,,Disabled,,Disabled,,,"Admin|Self|HRBP|Deepta Mathur Employee Data View||Jennifer Employee Data View & Onboarding","Admin|HRBP|Deepta Mathur Employee Data View||Jennifer Employee Data View & Onboarding","Admin|HRBP|Deepta Mathur Employee Data View||Jennifer Employee Data View & Onboarding",Admin,"Admin|Self|HRBP|Deepta Mathur Employee Data View||Jennifer Employee Data View & Onboarding",,,Disabled,Disabled,,Disabled,Disabled,Disabled,Disabled,Disabled,Disabled,Disabled,Disabled,Disabled,Disabled,Disabled,,,,,All,,NA,,NA,NA
"Personal Documents",personal_documents,17,"National Identification Number (NNI) Card (Mauritania)",mauritania_national_identification_card,158,No,,,,Disabled,ALL,,,Disabled,Disabled,N.A,Disabled,,Disabled,,Disabled,,,"Admin|Self|HRBP|Deepta Mathur Employee Data View||Jennifer Employee Data View & Onboarding","Admin|HRBP|Deepta Mathur Employee Data View||Jennifer Employee Data View & Onboarding","Admin|HRBP|Deepta Mathur Employee Data View||Jennifer Employee Data View & Onboarding",Admin,"Admin|Self|HRBP|Deepta Mathur Employee Data View||Jennifer Employee Data View & Onboarding",,,Disabled,Disabled,,Disabled,Disabled,Disabled,Disabled,Disabled,Disabled,Disabled,Disabled,Disabled,Disabled,Disabled,,,,,All,,NA,,NA,NA
"Personal Documents",personal_documents,17,"Social Security Registration Card(CNSS) (Mauritania)",mauritania_social_security_registration_card,159,No,,,,Disabled,ALL,,,Disabled,Disabled,N.A,Disabled,,Disabled,,Disabled,,,"Admin|Self|HRBP|Deepta Mathur Employee Data View||Jennifer Employee Data View & Onboarding","Admin|HRBP|Deepta Mathur Employee Data View||Jennifer Employee Data View & Onboarding","Admin|HRBP|Deepta Mathur Employee Data View||Jennifer Employee Data View & Onboarding",Admin,"Admin|Self|HRBP|Deepta Mathur Employee Data View||Jennifer Employee Data View & Onboarding",,,Disabled,Disabled,,Disabled,Disabled,Disabled,Disabled,Disabled,Disabled,Disabled,Disabled,Disabled,Disabled,Disabled,,,,,All,,NA,,NA,NA
"Personal Documents",personal_documents,17,"National Identity Card (Mauritius)",mauritius_national_identity_card,160,No,,,,Disabled,ALL,,,Disabled,Disabled,N.A,Disabled,,Disabled,,Disabled,,,"Admin|Self|HRBP|Deepta Mathur Employee Data View||Jennifer Employee Data View & Onboarding","Admin|HRBP|Deepta Mathur Employee Data View||Jennifer Employee Data View & Onboarding","Admin|HRBP|Deepta Mathur Employee Data View||Jennifer Employee Data View & Onboarding",Admin,"Admin|Self|HRBP|Deepta Mathur Employee Data View||Jennifer Employee Data View & Onboarding",,,Disabled,Disabled,,Disabled,Disabled,Disabled,Disabled,Disabled,Disabled,Disabled,Disabled,Disabled,Disabled,Disabled,,,,,All,,NA,,NA,NA
"Personal Documents",personal_documents,17,"Permanent Residence Permit Card (Mauritius)",mauritius_permanent_residence_permit_card,161,No,,,,Disabled,ALL,,,Disabled,Disabled,N.A,Disabled,,Disabled,,Disabled,,,"Admin|Self|HRBP|Deepta Mathur Employee Data View||Jennifer Employee Data View & Onboarding","Admin|HRBP|Deepta Mathur Employee Data View||Jennifer Employee Data View & Onboarding","Admin|HRBP|Deepta Mathur Employee Data View||Jennifer Employee Data View & Onboarding",Admin,"Admin|Self|HRBP|Deepta Mathur Employee Data View||Jennifer Employee Data View & Onboarding",,,Disabled,Disabled,,Disabled,Disabled,Disabled,Disabled,Disabled,Disabled,Disabled,Disabled,Disabled,Disabled,Disabled,,,,,All,,NA,,NA,NA
"Personal Documents",personal_documents,17,"State Identification card (Moldova)",moldova_state_identification_card,162,No,,,,Disabled,ALL,,,Disabled,Disabled,N.A,Disabled,,Disabled,,Disabled,,,"Admin|Self|HRBP|Deepta Mathur Employee Data View||Jennifer Employee Data View & Onboarding","Admin|HRBP|Deepta Mathur Employee Data View||Jennifer Employee Data View & Onboarding","Admin|HRBP|Deepta Mathur Employee Data View||Jennifer Employee Data View & Onboarding",Admin,"Admin|Self|HRBP|Deepta Mathur Employee Data View||Jennifer Employee Data View & Onboarding",,,Disabled,Disabled,,Disabled,Disabled,Disabled,Disabled,Disabled,Disabled,Disabled,Disabled,Disabled,Disabled,Disabled,,,,,All,,NA,,NA,NA
"Personal Documents",personal_documents,17,"National ID Card (Monaco)",monaco_national_id_card,163,No,,,,Disabled,ALL,,,Disabled,Disabled,N.A,Disabled,,Disabled,,Disabled,,,"Admin|Self|HRBP|Deepta Mathur Employee Data View||Jennifer Employee Data View & Onboarding","Admin|HRBP|Deepta Mathur Employee Data View||Jennifer Employee Data View & Onboarding","Admin|HRBP|Deepta Mathur Employee Data View||Jennifer Employee Data View & Onboarding",Admin,"Admin|Self|HRBP|Deepta Mathur Employee Data View||Jennifer Employee Data View & Onboarding",,,Disabled,Disabled,,Disabled,Disabled,Disabled,Disabled,Disabled,Disabled,Disabled,Disabled,Disabled,Disabled,Disabled,,,,,All,,NA,,NA,NA
"Personal Documents",personal_documents,17,"National Insurance Card (Monaco)",monaco_national_insurance_card,164,No,,,,Disabled,ALL,,,Disabled,Disabled,N.A,Disabled,,Disabled,,Disabled,,,"Admin|Self|HRBP|Deepta Mathur Employee Data View||Jennifer Employee Data View & Onboarding","Admin|HRBP|Deepta Mathur Employee Data View||Jennifer Employee Data View & Onboarding","Admin|HRBP|Deepta Mathur Employee Data View||Jennifer Employee Data View & Onboarding",Admin,"Admin|Self|HRBP|Deepta Mathur Employee Data View||Jennifer Employee Data View & Onboarding",,,Disabled,Disabled,,Disabled,Disabled,Disabled,Disabled,Disabled,Disabled,Disabled,Disabled,Disabled,Disabled,Disabled,,,,,All,,NA,,NA,NA
"Personal Documents",personal_documents,17,"Civil ID Card (Mongolia)",mongolia_civil_id_card,165,No,,,,Disabled,ALL,,,Disabled,Disabled,N.A,Disabled,,Disabled,,Disabled,,,"Admin|Self|HRBP|Deepta Mathur Employee Data View||Jennifer Employee Data View & Onboarding","Admin|HRBP|Deepta Mathur Employee Data View||Jennifer Employee Data View & Onboarding","Admin|HRBP|Deepta Mathur Employee Data View||Jennifer Employee Data View & Onboarding",Admin,"Admin|Self|HRBP|Deepta Mathur Employee Data View||Jennifer Employee Data View & Onboarding",,,Disabled,Disabled,,Disabled,Disabled,Disabled,Disabled,Disabled,Disabled,Disabled,Disabled,Disabled,Disabled,Disabled,,,,,All,,NA,,NA,NA
"Personal Documents",personal_documents,17,"Registration ID Card (Mongolia)",mongolia_registration_id_card,166,No,,,,Disabled,ALL,,,Disabled,Disabled,N.A,Disabled,,Disabled,,Disabled,,,"Admin|Self|HRBP|Deepta Mathur Employee Data View||Jennifer Employee Data View & Onboarding","Admin|HRBP|Deepta Mathur Employee Data View||Jennifer Employee Data View & Onboarding","Admin|HRBP|Deepta Mathur Employee Data View||Jennifer Employee Data View & Onboarding",Admin,"Admin|Self|HRBP|Deepta Mathur Employee Data View||Jennifer Employee Data View & Onboarding",,,Disabled,Disabled,,Disabled,Disabled,Disabled,Disabled,Disabled,Disabled,Disabled,Disabled,Disabled,Disabled,Disabled,,,,,All,,NA,,NA,NA
"Personal Documents",personal_documents,17,"Unique Master Citizen Card (JMBG) (Montenegro)",montenegro_unique_master_citizen_card,167,No,,,,Disabled,ALL,,,Disabled,Disabled,N.A,Disabled,,Disabled,,Disabled,,,"Admin|Self|HRBP|Deepta Mathur Employee Data View||Jennifer Employee Data View & Onboarding","Admin|HRBP|Deepta Mathur Employee Data View||Jennifer Employee Data View & Onboarding","Admin|HRBP|Deepta Mathur Employee Data View||Jennifer Employee Data View & Onboarding",Admin,"Admin|Self|HRBP|Deepta Mathur Employee Data View||Jennifer Employee Data View & Onboarding",,,Disabled,Disabled,,Disabled,Disabled,Disabled,Disabled,Disabled,Disabled,Disabled,Disabled,Disabled,Disabled,Disabled,,,,,All,,NA,,NA,NA
"Personal Documents",personal_documents,17,"National ID Card (Morocco)",morocco_national_id_card,168,No,,,,Disabled,ALL,,,Disabled,Disabled,N.A,Disabled,,Disabled,,Disabled,,,"Admin|Self|HRBP|Deepta Mathur Employee Data View||Jennifer Employee Data View & Onboarding","Admin|HRBP|Deepta Mathur Employee Data View||Jennifer Employee Data View & Onboarding","Admin|HRBP|Deepta Mathur Employee Data View||Jennifer Employee Data View & Onboarding",Admin,"Admin|Self|HRBP|Deepta Mathur Employee Data View||Jennifer Employee Data View & Onboarding",,,Disabled,Disabled,,Disabled,Disabled,Disabled,Disabled,Disabled,Disabled,Disabled,Disabled,Disabled,Disabled,Disabled,,,,,All,,NA,,NA,NA
"Personal Documents",personal_documents,17,"National Social Security Fund Registration Card (NSS) (Morocco)",morocco_national_social_security_fund_registration_card,169,No,,,,Disabled,ALL,,,Disabled,Disabled,N.A,Disabled,,Disabled,,Disabled,,,"Admin|Self|HRBP|Deepta Mathur Employee Data View||Jennifer Employee Data View & Onboarding","Admin|HRBP|Deepta Mathur Employee Data View||Jennifer Employee Data View & Onboarding","Admin|HRBP|Deepta Mathur Employee Data View||Jennifer Employee Data View & Onboarding",Admin,"Admin|Self|HRBP|Deepta Mathur Employee Data View||Jennifer Employee Data View & Onboarding",,,Disabled,Disabled,,Disabled,Disabled,Disabled,Disabled,Disabled,Disabled,Disabled,Disabled,Disabled,Disabled,Disabled,,,,,All,,NA,,NA,NA
"Personal Documents",personal_documents,17,"Identity Card (BI) (Mozambique)",mozambique_identity_card,170,No,,,,Disabled,ALL,,,Disabled,Disabled,N.A,Disabled,,Disabled,,Disabled,,,"Admin|Self|HRBP|Deepta Mathur Employee Data View||Jennifer Employee Data View & Onboarding","Admin|HRBP|Deepta Mathur Employee Data View||Jennifer Employee Data View & Onboarding","Admin|HRBP|Deepta Mathur Employee Data View||Jennifer Employee Data View & Onboarding",Admin,"Admin|Self|HRBP|Deepta Mathur Employee Data View||Jennifer Employee Data View & Onboarding",,,Disabled,Disabled,,Disabled,Disabled,Disabled,Disabled,Disabled,Disabled,Disabled,Disabled,Disabled,Disabled,Disabled,,,,,All,,NA,,NA,NA
"Personal Documents",personal_documents,17,"ID Card (Namibia)",namibia_id_card,171,No,,,,Disabled,ALL,,,Disabled,Disabled,N.A,Disabled,,Disabled,,Disabled,,,"Admin|Self|HRBP|Deepta Mathur Employee Data View||Jennifer Employee Data View & Onboarding","Admin|HRBP|Deepta Mathur Employee Data View||Jennifer Employee Data View & Onboarding","Admin|HRBP|Deepta Mathur Employee Data View||Jennifer Employee Data View & Onboarding",Admin,"Admin|Self|HRBP|Deepta Mathur Employee Data View||Jennifer Employee Data View & Onboarding",,,Disabled,Disabled,,Disabled,Disabled,Disabled,Disabled,Disabled,Disabled,Disabled,Disabled,Disabled,Disabled,Disabled,,,,,All,,NA,,NA,NA
"Personal Documents",personal_documents,17,"Income Tax Card (Namibia)",namibia_income_tax_card,172,No,,,,Disabled,ALL,,,Disabled,Disabled,N.A,Disabled,,Disabled,,Disabled,,,"Admin|Self|HRBP|Deepta Mathur Employee Data View||Jennifer Employee Data View & Onboarding","Admin|HRBP|Deepta Mathur Employee Data View||Jennifer Employee Data View & Onboarding","Admin|HRBP|Deepta Mathur Employee Data View||Jennifer Employee Data View & Onboarding",Admin,"Admin|Self|HRBP|Deepta Mathur Employee Data View||Jennifer Employee Data View & Onboarding",,,Disabled,Disabled,,Disabled,Disabled,Disabled,Disabled,Disabled,Disabled,Disabled,Disabled,Disabled,Disabled,Disabled,,,,,All,,NA,,NA,NA
"Personal Documents",personal_documents,17,"Social Security Card (Namibia)",namibia_social_security_card,173,No,,,,Disabled,ALL,,,Disabled,Disabled,N.A,Disabled,,Disabled,,Disabled,,,"Admin|Self|HRBP|Deepta Mathur Employee Data View||Jennifer Employee Data View & Onboarding","Admin|HRBP|Deepta Mathur Employee Data View||Jennifer Employee Data View & Onboarding","Admin|HRBP|Deepta Mathur Employee Data View||Jennifer Employee Data View & Onboarding",Admin,"Admin|Self|HRBP|Deepta Mathur Employee Data View||Jennifer Employee Data View & Onboarding",,,Disabled,Disabled,,Disabled,Disabled,Disabled,Disabled,Disabled,Disabled,Disabled,Disabled,Disabled,Disabled,Disabled,,,,,All,,NA,,NA,NA
"Personal Documents",personal_documents,17,"Dutch Identity Card (ID-card) (Netherlands)",netherlands_dutch_identity_card,174,No,,,,Disabled,ALL,,,Disabled,Disabled,N.A,Disabled,,Disabled,,Disabled,,,"Admin|Self|HRBP|Deepta Mathur Employee Data View||Jennifer Employee Data View & Onboarding","Admin|HRBP|Deepta Mathur Employee Data View||Jennifer Employee Data View & Onboarding","Admin|HRBP|Deepta Mathur Employee Data View||Jennifer Employee Data View & Onboarding",Admin,"Admin|Self|HRBP|Deepta Mathur Employee Data View||Jennifer Employee Data View & Onboarding",,,Disabled,Disabled,,Disabled,Disabled,Disabled,Disabled,Disabled,Disabled,Disabled,Disabled,Disabled,Disabled,Disabled,,,,,All,,NA,,NA,NA
"Personal Documents",personal_documents,17,"Personal Number (Burgerservicenr) card (Netherlands)",netherlands_personal_number_card,175,No,,,,Disabled,ALL,,,Disabled,Disabled,N.A,Disabled,,Disabled,,Disabled,,,"Admin|Self|HRBP|Deepta Mathur Employee Data View||Jennifer Employee Data View & Onboarding","Admin|HRBP|Deepta Mathur Employee Data View||Jennifer Employee Data View & Onboarding","Admin|HRBP|Deepta Mathur Employee Data View||Jennifer Employee Data View & Onboarding",Admin,"Admin|Self|HRBP|Deepta Mathur Employee Data View||Jennifer Employee Data View & Onboarding",,,Disabled,Disabled,,Disabled,Disabled,Disabled,Disabled,Disabled,Disabled,Disabled,Disabled,Disabled,Disabled,Disabled,,,,,All,,NA,,NA,NA
"Personal Documents",personal_documents,17,"Inland Revenue Department (IRD) Card (New Zealand)",new_zealand_inland_revenue_department_card,176,No,,,,Disabled,ALL,,,Disabled,Disabled,N.A,Disabled,,Disabled,,Disabled,,,"Admin|Self|HRBP|Deepta Mathur Employee Data View||Jennifer Employee Data View & Onboarding","Admin|HRBP|Deepta Mathur Employee Data View||Jennifer Employee Data View & Onboarding","Admin|HRBP|Deepta Mathur Employee Data View||Jennifer Employee Data View & Onboarding",Admin,"Admin|Self|HRBP|Deepta Mathur Employee Data View||Jennifer Employee Data View & Onboarding",,,Disabled,Disabled,,Disabled,Disabled,Disabled,Disabled,Disabled,Disabled,Disabled,Disabled,Disabled,Disabled,Disabled,,,,,All,,NA,,NA,NA
"Personal Documents",personal_documents,17,"employers Card (Nicaragua)",nicaragua_employer_card,177,No,,,,Disabled,ALL,,,Disabled,Disabled,N.A,Disabled,,Disabled,,Disabled,,,"Admin|Self|HRBP|Deepta Mathur Employee Data View||Jennifer Employee Data View & Onboarding","Admin|HRBP|Deepta Mathur Employee Data View||Jennifer Employee Data View & Onboarding","Admin|HRBP|Deepta Mathur Employee Data View||Jennifer Employee Data View & Onboarding",Admin,"Admin|Self|HRBP|Deepta Mathur Employee Data View||Jennifer Employee Data View & Onboarding",,,Disabled,Disabled,,Disabled,Disabled,Disabled,Disabled,Disabled,Disabled,Disabled,Disabled,Disabled,Disabled,Disabled,,,,,All,,NA,,NA,NA
"Personal Documents",personal_documents,17,"ID Card (Nicaragua)",nicaragua_id_card,178,No,,,,Disabled,ALL,,,Disabled,Disabled,N.A,Disabled,,Disabled,,Disabled,,,"Admin|Self|HRBP|Deepta Mathur Employee Data View||Jennifer Employee Data View & Onboarding","Admin|HRBP|Deepta Mathur Employee Data View||Jennifer Employee Data View & Onboarding","Admin|HRBP|Deepta Mathur Employee Data View||Jennifer Employee Data View & Onboarding",Admin,"Admin|Self|HRBP|Deepta Mathur Employee Data View||Jennifer Employee Data View & Onboarding",,,Disabled,Disabled,,Disabled,Disabled,Disabled,Disabled,Disabled,Disabled,Disabled,Disabled,Disabled,Disabled,Disabled,,,,,All,,NA,,NA,NA
"Personal Documents",personal_documents,17,"Residence Card (RC) (Nicaragua)",nicaragua_residence_card,179,No,,,,Disabled,ALL,,,Disabled,Disabled,N.A,Disabled,,Disabled,,Disabled,,,"Admin|Self|HRBP|Deepta Mathur Employee Data View||Jennifer Employee Data View & Onboarding","Admin|HRBP|Deepta Mathur Employee Data View||Jennifer Employee Data View & Onboarding","Admin|HRBP|Deepta Mathur Employee Data View||Jennifer Employee Data View & Onboarding",Admin,"Admin|Self|HRBP|Deepta Mathur Employee Data View||Jennifer Employee Data View & Onboarding",,,Disabled,Disabled,,Disabled,Disabled,Disabled,Disabled,Disabled,Disabled,Disabled,Disabled,Disabled,Disabled,Disabled,,,,,All,,NA,,NA,NA
"Personal Documents",personal_documents,17,"Social Security Card (NSS) (Nicaragua)",nicaragua_social_security_card,180,No,,,,Disabled,ALL,,,Disabled,Disabled,N.A,Disabled,,Disabled,,Disabled,,,"Admin|Self|HRBP|Deepta Mathur Employee Data View||Jennifer Employee Data View & Onboarding","Admin|HRBP|Deepta Mathur Employee Data View||Jennifer Employee Data View & Onboarding","Admin|HRBP|Deepta Mathur Employee Data View||Jennifer Employee Data View & Onboarding",Admin,"Admin|Self|HRBP|Deepta Mathur Employee Data View||Jennifer Employee Data View & Onboarding",,,Disabled,Disabled,,Disabled,Disabled,Disabled,Disabled,Disabled,Disabled,Disabled,Disabled,Disabled,Disabled,Disabled,,,,,All,,NA,,NA,NA
"Personal Documents",personal_documents,17,"Tax card (RUC) (Nicaragua)",nicaragua_tax_card,181,No,,,,Disabled,ALL,,,Disabled,Disabled,N.A,Disabled,,Disabled,,Disabled,,,"Admin|Self|HRBP|Deepta Mathur Employee Data View||Jennifer Employee Data View & Onboarding","Admin|HRBP|Deepta Mathur Employee Data View||Jennifer Employee Data View & Onboarding","Admin|HRBP|Deepta Mathur Employee Data View||Jennifer Employee Data View & Onboarding",Admin,"Admin|Self|HRBP|Deepta Mathur Employee Data View||Jennifer Employee Data View & Onboarding",,,Disabled,Disabled,,Disabled,Disabled,Disabled,Disabled,Disabled,Disabled,Disabled,Disabled,Disabled,Disabled,Disabled,,,,,All,,NA,,NA,NA
"Personal Documents",personal_documents,17,"National ID Card (Nigeria)",nigeria_national_id_card,182,No,,,,Disabled,ALL,,,Disabled,Disabled,N.A,Disabled,,Disabled,,Disabled,,,"Admin|Self|HRBP|Deepta Mathur Employee Data View||Jennifer Employee Data View & Onboarding","Admin|HRBP|Deepta Mathur Employee Data View||Jennifer Employee Data View & Onboarding","Admin|HRBP|Deepta Mathur Employee Data View||Jennifer Employee Data View & Onboarding",Admin,"Admin|Self|HRBP|Deepta Mathur Employee Data View||Jennifer Employee Data View & Onboarding",,,Disabled,Disabled,,Disabled,Disabled,Disabled,Disabled,Disabled,Disabled,Disabled,Disabled,Disabled,Disabled,Disabled,,,,,All,,NA,,NA,NA
"Personal Documents",personal_documents,17,"Unique Master Citizen Card (JMBG) (North Macedonia)",north_macedonia_unique_master_citizen_card,183,No,,,,Disabled,ALL,,,Disabled,Disabled,N.A,Disabled,,Disabled,,Disabled,,,"Admin|Self|HRBP|Deepta Mathur Employee Data View||Jennifer Employee Data View & Onboarding","Admin|HRBP|Deepta Mathur Employee Data View||Jennifer Employee Data View & Onboarding","Admin|HRBP|Deepta Mathur Employee Data View||Jennifer Employee Data View & Onboarding",Admin,"Admin|Self|HRBP|Deepta Mathur Employee Data View||Jennifer Employee Data View & Onboarding",,,Disabled,Disabled,,Disabled,Disabled,Disabled,Disabled,Disabled,Disabled,Disabled,Disabled,Disabled,Disabled,Disabled,,,,,All,,NA,,NA,NA
"Personal Documents",personal_documents,17,"D-Card (Norway)",norway_d_card,184,No,,,,Disabled,ALL,,,Disabled,Disabled,N.A,Disabled,,Disabled,,Disabled,,,"Admin|Self|HRBP|Deepta Mathur Employee Data View||Jennifer Employee Data View & Onboarding","Admin|HRBP|Deepta Mathur Employee Data View||Jennifer Employee Data View & Onboarding","Admin|HRBP|Deepta Mathur Employee Data View||Jennifer Employee Data View & Onboarding",Admin,"Admin|Self|HRBP|Deepta Mathur Employee Data View||Jennifer Employee Data View & Onboarding",,,Disabled,Disabled,,Disabled,Disabled,Disabled,Disabled,Disabled,Disabled,Disabled,Disabled,Disabled,Disabled,Disabled,,,,,All,,NA,,NA,NA
"Personal Documents",personal_documents,17,"Person Card (Fødselsnummer) (Norway)",norway_person_card,185,No,,,,Disabled,ALL,,,Disabled,Disabled,N.A,Disabled,,Disabled,,Disabled,,,"Admin|Self|HRBP|Deepta Mathur Employee Data View||Jennifer Employee Data View & Onboarding","Admin|HRBP|Deepta Mathur Employee Data View||Jennifer Employee Data View & Onboarding","Admin|HRBP|Deepta Mathur Employee Data View||Jennifer Employee Data View & Onboarding",Admin,"Admin|Self|HRBP|Deepta Mathur Employee Data View||Jennifer Employee Data View & Onboarding",,,Disabled,Disabled,,Disabled,Disabled,Disabled,Disabled,Disabled,Disabled,Disabled,Disabled,Disabled,Disabled,Disabled,,,,,All,,NA,,NA,NA
"Personal Documents",personal_documents,17,"CNIC Card (Pakistan)",pakistan_cnic_card,186,No,,,,Disabled,ALL,,,Disabled,Disabled,N.A,Disabled,,Disabled,,Disabled,,,"Admin|Self|HRBP|Deepta Mathur Employee Data View||Jennifer Employee Data View & Onboarding","Admin|HRBP|Deepta Mathur Employee Data View||Jennifer Employee Data View & Onboarding","Admin|HRBP|Deepta Mathur Employee Data View||Jennifer Employee Data View & Onboarding",Admin,"Admin|Self|HRBP|Deepta Mathur Employee Data View||Jennifer Employee Data View & Onboarding",,,Disabled,Disabled,,Disabled,Disabled,Disabled,Disabled,Disabled,Disabled,Disabled,Disabled,Disabled,Disabled,Disabled,,,,,All,,NA,,NA,NA
"Personal Documents",personal_documents,17,"Employee Old-Age Benefits Institution Card (Pakistan)",pakistan_employee_old_age_benefits_institution_card,187,No,,,,Disabled,ALL,,,Disabled,Disabled,N.A,Disabled,,Disabled,,Disabled,,,"Admin|Self|HRBP|Deepta Mathur Employee Data View||Jennifer Employee Data View & Onboarding","Admin|HRBP|Deepta Mathur Employee Data View||Jennifer Employee Data View & Onboarding","Admin|HRBP|Deepta Mathur Employee Data View||Jennifer Employee Data View & Onboarding",Admin,"Admin|Self|HRBP|Deepta Mathur Employee Data View||Jennifer Employee Data View & Onboarding",,,Disabled,Disabled,,Disabled,Disabled,Disabled,Disabled,Disabled,Disabled,Disabled,Disabled,Disabled,Disabled,Disabled,,,,,All,,NA,,NA,NA
"Personal Documents",personal_documents,17,"National Identity Card for Overseas Pakistanis (Pakistan)",pakistan_national_identity_card_for_overeseas_pakistanis,188,No,,,,Disabled,ALL,,,Disabled,Disabled,N.A,Disabled,,Disabled,,Disabled,,,"Admin|Self|HRBP|Deepta Mathur Employee Data View||Jennifer Employee Data View & Onboarding","Admin|HRBP|Deepta Mathur Employee Data View||Jennifer Employee Data View & Onboarding","Admin|HRBP|Deepta Mathur Employee Data View||Jennifer Employee Data View & Onboarding",Admin,"Admin|Self|HRBP|Deepta Mathur Employee Data View||Jennifer Employee Data View & Onboarding",,,Disabled,Disabled,,Disabled,Disabled,Disabled,Disabled,Disabled,Disabled,Disabled,Disabled,Disabled,Disabled,Disabled,,,,,All,,NA,,NA,NA
"Personal Documents",personal_documents,17,"National Tax Card (Pakistan)",pakistan_national_tax_card,189,No,,,,Disabled,ALL,,,Disabled,Disabled,N.A,Disabled,,Disabled,,Disabled,,,"Admin|Self|HRBP|Deepta Mathur Employee Data View||Jennifer Employee Data View & Onboarding","Admin|HRBP|Deepta Mathur Employee Data View||Jennifer Employee Data View & Onboarding","Admin|HRBP|Deepta Mathur Employee Data View||Jennifer Employee Data View & Onboarding",Admin,"Admin|Self|HRBP|Deepta Mathur Employee Data View||Jennifer Employee Data View & Onboarding",,,Disabled,Disabled,,Disabled,Disabled,Disabled,Disabled,Disabled,Disabled,Disabled,Disabled,Disabled,Disabled,Disabled,,,,,All,,NA,,NA,NA
"Personal Documents",personal_documents,17,"ID Card (Palestine)",palestine_id_card,190,No,,,,Disabled,ALL,,,Disabled,Disabled,N.A,Disabled,,Disabled,,Disabled,,,"Admin|Self|HRBP|Deepta Mathur Employee Data View||Jennifer Employee Data View & Onboarding","Admin|HRBP|Deepta Mathur Employee Data View||Jennifer Employee Data View & Onboarding","Admin|HRBP|Deepta Mathur Employee Data View||Jennifer Employee Data View & Onboarding",Admin,"Admin|Self|HRBP|Deepta Mathur Employee Data View||Jennifer Employee Data View & Onboarding",,,Disabled,Disabled,,Disabled,Disabled,Disabled,Disabled,Disabled,Disabled,Disabled,Disabled,Disabled,Disabled,Disabled,,,,,All,,NA,,NA,NA
"Personal Documents",personal_documents,17,"ID Card (Panama)",panama_id_card,191,No,,,,Disabled,ALL,,,Disabled,Disabled,N.A,Disabled,,Disabled,,Disabled,,,"Admin|Self|HRBP|Deepta Mathur Employee Data View||Jennifer Employee Data View & Onboarding","Admin|HRBP|Deepta Mathur Employee Data View||Jennifer Employee Data View & Onboarding","Admin|HRBP|Deepta Mathur Employee Data View||Jennifer Employee Data View & Onboarding",Admin,"Admin|Self|HRBP|Deepta Mathur Employee Data View||Jennifer Employee Data View & Onboarding",,,Disabled,Disabled,,Disabled,Disabled,Disabled,Disabled,Disabled,Disabled,Disabled,Disabled,Disabled,Disabled,Disabled,,,,,All,,NA,,NA,NA
"Personal Documents",personal_documents,17,"Social Security Card (NSS) (Panama)",panama_social_security_card,192,No,,,,Disabled,ALL,,,Disabled,Disabled,N.A,Disabled,,Disabled,,Disabled,,,"Admin|Self|HRBP|Deepta Mathur Employee Data View||Jennifer Employee Data View & Onboarding","Admin|HRBP|Deepta Mathur Employee Data View||Jennifer Employee Data View & Onboarding","Admin|HRBP|Deepta Mathur Employee Data View||Jennifer Employee Data View & Onboarding",Admin,"Admin|Self|HRBP|Deepta Mathur Employee Data View||Jennifer Employee Data View & Onboarding",,,Disabled,Disabled,,Disabled,Disabled,Disabled,Disabled,Disabled,Disabled,Disabled,Disabled,Disabled,Disabled,Disabled,,,,,All,,NA,,NA,NA
"Personal Documents",personal_documents,17,"ID Card (CI) (Paraguay)",paraguay_id_card,193,No,,,,Disabled,ALL,,,Disabled,Disabled,N.A,Disabled,,Disabled,,Disabled,,,"Admin|Self|HRBP|Deepta Mathur Employee Data View||Jennifer Employee Data View & Onboarding","Admin|HRBP|Deepta Mathur Employee Data View||Jennifer Employee Data View & Onboarding","Admin|HRBP|Deepta Mathur Employee Data View||Jennifer Employee Data View & Onboarding",Admin,"Admin|Self|HRBP|Deepta Mathur Employee Data View||Jennifer Employee Data View & Onboarding",,,Disabled,Disabled,,Disabled,Disabled,Disabled,Disabled,Disabled,Disabled,Disabled,Disabled,Disabled,Disabled,Disabled,,,,,All,,NA,,NA,NA
"Personal Documents",personal_documents,17,"ID Card (DNI) (Peru)",peru_id_card,194,No,,,,Disabled,ALL,,,Disabled,Disabled,N.A,Disabled,,Disabled,,Disabled,,,"Admin|Self|HRBP|Deepta Mathur Employee Data View||Jennifer Employee Data View & Onboarding","Admin|HRBP|Deepta Mathur Employee Data View||Jennifer Employee Data View & Onboarding","Admin|HRBP|Deepta Mathur Employee Data View||Jennifer Employee Data View & Onboarding",Admin,"Admin|Self|HRBP|Deepta Mathur Employee Data View||Jennifer Employee Data View & Onboarding",,,Disabled,Disabled,,Disabled,Disabled,Disabled,Disabled,Disabled,Disabled,Disabled,Disabled,Disabled,Disabled,Disabled,,,,,All,,NA,,NA,NA
"Personal Documents",personal_documents,17,"Tax (RUC) Card (Peru)",peru_tax_card,195,No,,,,Disabled,ALL,,,Disabled,Disabled,N.A,Disabled,,Disabled,,Disabled,,,"Admin|Self|HRBP|Deepta Mathur Employee Data View||Jennifer Employee Data View & Onboarding","Admin|HRBP|Deepta Mathur Employee Data View||Jennifer Employee Data View & Onboarding","Admin|HRBP|Deepta Mathur Employee Data View||Jennifer Employee Data View & Onboarding",Admin,"Admin|Self|HRBP|Deepta Mathur Employee Data View||Jennifer Employee Data View & Onboarding",,,Disabled,Disabled,,Disabled,Disabled,Disabled,Disabled,Disabled,Disabled,Disabled,Disabled,Disabled,Disabled,Disabled,,,,,All,,NA,,NA,NA
"Personal Documents",personal_documents,17,"Citizen Card (Portugal)",portugal_citizen_card,196,No,,,,Disabled,ALL,,,Disabled,Disabled,N.A,Disabled,,Disabled,,Disabled,,,"Admin|Self|HRBP|Deepta Mathur Employee Data View||Jennifer Employee Data View & Onboarding","Admin|HRBP|Deepta Mathur Employee Data View||Jennifer Employee Data View & Onboarding","Admin|HRBP|Deepta Mathur Employee Data View||Jennifer Employee Data View & Onboarding",Admin,"Admin|Self|HRBP|Deepta Mathur Employee Data View||Jennifer Employee Data View & Onboarding",,,Disabled,Disabled,,Disabled,Disabled,Disabled,Disabled,Disabled,Disabled,Disabled,Disabled,Disabled,Disabled,Disabled,,,,,All,,NA,,NA,NA
"Personal Documents",personal_documents,17,"ID Card (Número de Identificação) (Portugal)",portugal_id_card,197,No,,,,Disabled,ALL,,,Disabled,Disabled,N.A,Disabled,,Disabled,,Disabled,,,"Admin|Self|HRBP|Deepta Mathur Employee Data View||Jennifer Employee Data View & Onboarding","Admin|HRBP|Deepta Mathur Employee Data View||Jennifer Employee Data View & Onboarding","Admin|HRBP|Deepta Mathur Employee Data View||Jennifer Employee Data View & Onboarding",Admin,"Admin|Self|HRBP|Deepta Mathur Employee Data View||Jennifer Employee Data View & Onboarding",,,Disabled,Disabled,,Disabled,Disabled,Disabled,Disabled,Disabled,Disabled,Disabled,Disabled,Disabled,Disabled,Disabled,,,,,All,,NA,,NA,NA
"Personal Documents",personal_documents,17,"Social Security Identification Card (NISS) (Portugal)",portugal_social_security_identification_card,198,No,,,,Disabled,ALL,,,Disabled,Disabled,N.A,Disabled,,Disabled,,Disabled,,,"Admin|Self|HRBP|Deepta Mathur Employee Data View||Jennifer Employee Data View & Onboarding","Admin|HRBP|Deepta Mathur Employee Data View||Jennifer Employee Data View & Onboarding","Admin|HRBP|Deepta Mathur Employee Data View||Jennifer Employee Data View & Onboarding",Admin,"Admin|Self|HRBP|Deepta Mathur Employee Data View||Jennifer Employee Data View & Onboarding",,,Disabled,Disabled,,Disabled,Disabled,Disabled,Disabled,Disabled,Disabled,Disabled,Disabled,Disabled,Disabled,Disabled,,,,,All,,NA,,NA,NA
"Personal Documents",personal_documents,17,"Taxpayer ID Card (NIF) (Portugal)",portugal_taxpayer_id_card,199,No,,,,Disabled,ALL,,,Disabled,Disabled,N.A,Disabled,,Disabled,,Disabled,,,"Admin|Self|HRBP|Deepta Mathur Employee Data View||Jennifer Employee Data View & Onboarding","Admin|HRBP|Deepta Mathur Employee Data View||Jennifer Employee Data View & Onboarding","Admin|HRBP|Deepta Mathur Employee Data View||Jennifer Employee Data View & Onboarding",Admin,"Admin|Self|HRBP|Deepta Mathur Employee Data View||Jennifer Employee Data View & Onboarding",,,Disabled,Disabled,,Disabled,Disabled,Disabled,Disabled,Disabled,Disabled,Disabled,Disabled,Disabled,Disabled,Disabled,,,,,All,,NA,,NA,NA
"Personal Documents",personal_documents,17,"Social Security Card (Puerto Rico)",puerto_rico_social_security_card,200,No,,,,Disabled,ALL,,,Disabled,Disabled,N.A,Disabled,,Disabled,,Disabled,,,"Admin|Self|HRBP|Deepta Mathur Employee Data View||Jennifer Employee Data View & Onboarding","Admin|HRBP|Deepta Mathur Employee Data View||Jennifer Employee Data View & Onboarding","Admin|HRBP|Deepta Mathur Employee Data View||Jennifer Employee Data View & Onboarding",Admin,"Admin|Self|HRBP|Deepta Mathur Employee Data View||Jennifer Employee Data View & Onboarding",,,Disabled,Disabled,,Disabled,Disabled,Disabled,Disabled,Disabled,Disabled,Disabled,Disabled,Disabled,Disabled,Disabled,,,,,All,,NA,,NA,NA
"Personal Documents",personal_documents,17,"National ID Card (Rwanda)",rwanda_national_id_card,201,No,,,,Disabled,ALL,,,Disabled,Disabled,N.A,Disabled,,Disabled,,Disabled,,,"Admin|Self|HRBP|Deepta Mathur Employee Data View||Jennifer Employee Data View & Onboarding","Admin|HRBP|Deepta Mathur Employee Data View||Jennifer Employee Data View & Onboarding","Admin|HRBP|Deepta Mathur Employee Data View||Jennifer Employee Data View & Onboarding",Admin,"Admin|Self|HRBP|Deepta Mathur Employee Data View||Jennifer Employee Data View & Onboarding",,,Disabled,Disabled,,Disabled,Disabled,Disabled,Disabled,Disabled,Disabled,Disabled,Disabled,Disabled,Disabled,Disabled,,,,,All,,NA,,NA,NA
"Personal Documents",personal_documents,17,"Social Security Card (Rwanda)",rwanda_social_security_card,202,No,,,,Disabled,ALL,,,Disabled,Disabled,N.A,Disabled,,Disabled,,Disabled,,,"Admin|Self|HRBP|Deepta Mathur Employee Data View||Jennifer Employee Data View & Onboarding","Admin|HRBP|Deepta Mathur Employee Data View||Jennifer Employee Data View & Onboarding","Admin|HRBP|Deepta Mathur Employee Data View||Jennifer Employee Data View & Onboarding",Admin,"Admin|Self|HRBP|Deepta Mathur Employee Data View||Jennifer Employee Data View & Onboarding",,,Disabled,Disabled,,Disabled,Disabled,Disabled,Disabled,Disabled,Disabled,Disabled,Disabled,Disabled,Disabled,Disabled,,,,,All,,NA,,NA,NA
"Personal Documents",personal_documents,17,"National ID Card (Saint Kitts and Nevis)",saint_kitts_and_nevis_national_id_card,203,No,,,,Disabled,ALL,,,Disabled,Disabled,N.A,Disabled,,Disabled,,Disabled,,,"Admin|Self|HRBP|Deepta Mathur Employee Data View||Jennifer Employee Data View & Onboarding","Admin|HRBP|Deepta Mathur Employee Data View||Jennifer Employee Data View & Onboarding","Admin|HRBP|Deepta Mathur Employee Data View||Jennifer Employee Data View & Onboarding",Admin,"Admin|Self|HRBP|Deepta Mathur Employee Data View||Jennifer Employee Data View & Onboarding",,,Disabled,Disabled,,Disabled,Disabled,Disabled,Disabled,Disabled,Disabled,Disabled,Disabled,Disabled,Disabled,Disabled,,,,,All,,NA,,NA,NA
"Personal Documents",personal_documents,17,"National Identity Card (Senegal)",senegal_national_identity_card,204,No,,,,Disabled,ALL,,,Disabled,Disabled,N.A,Disabled,,Disabled,,Disabled,,,"Admin|Self|HRBP|Deepta Mathur Employee Data View||Jennifer Employee Data View & Onboarding","Admin|HRBP|Deepta Mathur Employee Data View||Jennifer Employee Data View & Onboarding","Admin|HRBP|Deepta Mathur Employee Data View||Jennifer Employee Data View & Onboarding",Admin,"Admin|Self|HRBP|Deepta Mathur Employee Data View||Jennifer Employee Data View & Onboarding",,,Disabled,Disabled,,Disabled,Disabled,Disabled,Disabled,Disabled,Disabled,Disabled,Disabled,Disabled,Disabled,Disabled,,,,,All,,NA,,NA,NA
"Personal Documents",personal_documents,17,"Unique Master Citizen Card (JMBG) (Serbia)",serbia_unique_master_citizen_card,205,No,,,,Disabled,ALL,,,Disabled,Disabled,N.A,Disabled,,Disabled,,Disabled,,,"Admin|Self|HRBP|Deepta Mathur Employee Data View||Jennifer Employee Data View & Onboarding","Admin|HRBP|Deepta Mathur Employee Data View||Jennifer Employee Data View & Onboarding","Admin|HRBP|Deepta Mathur Employee Data View||Jennifer Employee Data View & Onboarding",Admin,"Admin|Self|HRBP|Deepta Mathur Employee Data View||Jennifer Employee Data View & Onboarding",,,Disabled,Disabled,,Disabled,Disabled,Disabled,Disabled,Disabled,Disabled,Disabled,Disabled,Disabled,Disabled,Disabled,,,,,All,,NA,,NA,NA
"Personal Documents",personal_documents,17,"National Identity Card (Seychelles)",seychelles_national_identity_card,206,No,,,,Disabled,ALL,,,Disabled,Disabled,N.A,Disabled,,Disabled,,Disabled,,,"Admin|Self|HRBP|Deepta Mathur Employee Data View||Jennifer Employee Data View & Onboarding","Admin|HRBP|Deepta Mathur Employee Data View||Jennifer Employee Data View & Onboarding","Admin|HRBP|Deepta Mathur Employee Data View||Jennifer Employee Data View & Onboarding",Admin,"Admin|Self|HRBP|Deepta Mathur Employee Data View||Jennifer Employee Data View & Onboarding",,,Disabled,Disabled,,Disabled,Disabled,Disabled,Disabled,Disabled,Disabled,Disabled,Disabled,Disabled,Disabled,Disabled,,,,,All,,NA,,NA,NA
"Personal Documents",personal_documents,17,"NASSIT - Social Security Card (Sierra Leone)",sierra_leone_nassit_social_security_card,207,No,,,,Disabled,ALL,,,Disabled,Disabled,N.A,Disabled,,Disabled,,Disabled,,,"Admin|Self|HRBP|Deepta Mathur Employee Data View||Jennifer Employee Data View & Onboarding","Admin|HRBP|Deepta Mathur Employee Data View||Jennifer Employee Data View & Onboarding","Admin|HRBP|Deepta Mathur Employee Data View||Jennifer Employee Data View & Onboarding",Admin,"Admin|Self|HRBP|Deepta Mathur Employee Data View||Jennifer Employee Data View & Onboarding",,,Disabled,Disabled,,Disabled,Disabled,Disabled,Disabled,Disabled,Disabled,Disabled,Disabled,Disabled,Disabled,Disabled,,,,,All,,NA,,NA,NA
"Personal Documents",personal_documents,17,"National Identity Card (Sierra Leone)",sierra_leone_national_identity_card,208,No,,,,Disabled,ALL,,,Disabled,Disabled,N.A,Disabled,,Disabled,,Disabled,,,"Admin|Self|HRBP|Deepta Mathur Employee Data View||Jennifer Employee Data View & Onboarding","Admin|HRBP|Deepta Mathur Employee Data View||Jennifer Employee Data View & Onboarding","Admin|HRBP|Deepta Mathur Employee Data View||Jennifer Employee Data View & Onboarding",Admin,"Admin|Self|HRBP|Deepta Mathur Employee Data View||Jennifer Employee Data View & Onboarding",,,Disabled,Disabled,,Disabled,Disabled,Disabled,Disabled,Disabled,Disabled,Disabled,Disabled,Disabled,Disabled,Disabled,,,,,All,,NA,,NA,NA
"Personal Documents",personal_documents,17,"D Card (ČOP) (Slovakia)",slovakia_id_card,209,No,,,,Disabled,ALL,,,Disabled,Disabled,N.A,Disabled,,Disabled,,Disabled,,,"Admin|Self|HRBP|Deepta Mathur Employee Data View||Jennifer Employee Data View & Onboarding","Admin|HRBP|Deepta Mathur Employee Data View||Jennifer Employee Data View & Onboarding","Admin|HRBP|Deepta Mathur Employee Data View||Jennifer Employee Data View & Onboarding",Admin,"Admin|Self|HRBP|Deepta Mathur Employee Data View||Jennifer Employee Data View & Onboarding",,,Disabled,Disabled,,Disabled,Disabled,Disabled,Disabled,Disabled,Disabled,Disabled,Disabled,Disabled,Disabled,Disabled,,,,,All,,NA,,NA,NA
"Personal Documents",personal_documents,17,"Personal ID Card (RČ) (Slovakia)",slovakia_personal_id_card,210,No,,,,Disabled,ALL,,,Disabled,Disabled,N.A,Disabled,,Disabled,,Disabled,,,"Admin|Self|HRBP|Deepta Mathur Employee Data View||Jennifer Employee Data View & Onboarding","Admin|HRBP|Deepta Mathur Employee Data View||Jennifer Employee Data View & Onboarding","Admin|HRBP|Deepta Mathur Employee Data View||Jennifer Employee Data View & Onboarding",Admin,"Admin|Self|HRBP|Deepta Mathur Employee Data View||Jennifer Employee Data View & Onboarding",,,Disabled,Disabled,,Disabled,Disabled,Disabled,Disabled,Disabled,Disabled,Disabled,Disabled,Disabled,Disabled,Disabled,,,,,All,,NA,,NA,NA
"Personal Documents",personal_documents,17,"Residence Permit Card(ENG) (Slovakia)",slovakia_residence_permit_card,211,No,,,,Disabled,ALL,,,Disabled,Disabled,N.A,Disabled,,Disabled,,Disabled,,,"Admin|Self|HRBP|Deepta Mathur Employee Data View||Jennifer Employee Data View & Onboarding","Admin|HRBP|Deepta Mathur Employee Data View||Jennifer Employee Data View & Onboarding","Admin|HRBP|Deepta Mathur Employee Data View||Jennifer Employee Data View & Onboarding",Admin,"Admin|Self|HRBP|Deepta Mathur Employee Data View||Jennifer Employee Data View & Onboarding",,,Disabled,Disabled,,Disabled,Disabled,Disabled,Disabled,Disabled,Disabled,Disabled,Disabled,Disabled,Disabled,Disabled,,,,,All,,NA,,NA,NA
"Personal Documents",personal_documents,17,"Unique Master Citizen Card (EMŠO) (Slovenia)",slovenia_unique_master_citizen_card,212,No,,,,Disabled,ALL,,,Disabled,Disabled,N.A,Disabled,,Disabled,,Disabled,,,"Admin|Self|HRBP|Deepta Mathur Employee Data View||Jennifer Employee Data View & Onboarding","Admin|HRBP|Deepta Mathur Employee Data View||Jennifer Employee Data View & Onboarding","Admin|HRBP|Deepta Mathur Employee Data View||Jennifer Employee Data View & Onboarding",Admin,"Admin|Self|HRBP|Deepta Mathur Employee Data View||Jennifer Employee Data View & Onboarding",,,Disabled,Disabled,,Disabled,Disabled,Disabled,Disabled,Disabled,Disabled,Disabled,Disabled,Disabled,Disabled,Disabled,,,,,All,,NA,,NA,NA
"Personal Documents",personal_documents,17,"National Identification (Lambarka Qaranka) Card (Somalia)",somalia_national_identification_card,213,No,,,,Disabled,ALL,,,Disabled,Disabled,N.A,Disabled,,Disabled,,Disabled,,,"Admin|Self|HRBP|Deepta Mathur Employee Data View||Jennifer Employee Data View & Onboarding","Admin|HRBP|Deepta Mathur Employee Data View||Jennifer Employee Data View & Onboarding","Admin|HRBP|Deepta Mathur Employee Data View||Jennifer Employee Data View & Onboarding",Admin,"Admin|Self|HRBP|Deepta Mathur Employee Data View||Jennifer Employee Data View & Onboarding",,,Disabled,Disabled,,Disabled,Disabled,Disabled,Disabled,Disabled,Disabled,Disabled,Disabled,Disabled,Disabled,Disabled,,,,,All,,NA,,NA,NA
"Personal Documents",personal_documents,17,"ID Card (South Africa)",south_africa_id_card,214,No,,,,Disabled,ALL,,,Disabled,Disabled,N.A,Disabled,,Disabled,,Disabled,,,"Admin|Self|HRBP|Deepta Mathur Employee Data View||Jennifer Employee Data View & Onboarding","Admin|HRBP|Deepta Mathur Employee Data View||Jennifer Employee Data View & Onboarding","Admin|HRBP|Deepta Mathur Employee Data View||Jennifer Employee Data View & Onboarding",Admin,"Admin|Self|HRBP|Deepta Mathur Employee Data View||Jennifer Employee Data View & Onboarding",,,Disabled,Disabled,,Disabled,Disabled,Disabled,Disabled,Disabled,Disabled,Disabled,Disabled,Disabled,Disabled,Disabled,,,,,All,,NA,,NA,NA
"Personal Documents",personal_documents,17,"Tax Reference Card (South Africa)",south_africa_tax_reference_card,215,No,,,,Disabled,ALL,,,Disabled,Disabled,N.A,Disabled,,Disabled,,Disabled,,,"Admin|Self|HRBP|Deepta Mathur Employee Data View||Jennifer Employee Data View & Onboarding","Admin|HRBP|Deepta Mathur Employee Data View||Jennifer Employee Data View & Onboarding","Admin|HRBP|Deepta Mathur Employee Data View||Jennifer Employee Data View & Onboarding",Admin,"Admin|Self|HRBP|Deepta Mathur Employee Data View||Jennifer Employee Data View & Onboarding",,,Disabled,Disabled,,Enabled,Disabled,Enabled,Disabled,Disabled,Disabled,Disabled,Disabled,Disabled,Disabled,Disabled,,,,,All,,NA,,NA,NA
"Personal Documents",personal_documents,17,"Identity Card Card (South Sudan)",southsudan_identity_card,216,No,,,,Disabled,ALL,,,Disabled,Disabled,N.A,Disabled,,Disabled,,Disabled,,,"Admin|Self|HRBP|Deepta Mathur Employee Data View||Jennifer Employee Data View & Onboarding","Admin|HRBP|Deepta Mathur Employee Data View||Jennifer Employee Data View & Onboarding","Admin|HRBP|Deepta Mathur Employee Data View||Jennifer Employee Data View & Onboarding",Admin,"Admin|Self|HRBP|Deepta Mathur Employee Data View||Jennifer Employee Data View & Onboarding",,,Disabled,Disabled,,Enabled,Disabled,Enabled,Disabled,Disabled,Disabled,Disabled,Disabled,Disabled,Disabled,Disabled,,,,,All,,NA,,NA,NA
"Personal Documents",personal_documents,17,"Nationality Certificate (South Sudan)",southsudan_national_certificate_card,217,No,,,,Disabled,ALL,,,Disabled,Disabled,N.A,Disabled,,Disabled,,Disabled,,,"Admin|Self|HRBP|Deepta Mathur Employee Data View||Jennifer Employee Data View & Onboarding","Admin|HRBP|Deepta Mathur Employee Data View||Jennifer Employee Data View & Onboarding","Admin|HRBP|Deepta Mathur Employee Data View||Jennifer Employee Data View & Onboarding",Admin,"Admin|Self|HRBP|Deepta Mathur Employee Data View||Jennifer Employee Data View & Onboarding",,,Disabled,Disabled,,Enabled,Disabled,Enabled,Disabled,Disabled,Disabled,Disabled,Disabled,Disabled,Disabled,Disabled,,,,,All,,NA,,NA,NA
"Personal Documents",personal_documents,17,"Alien Identification Card (NIE) (Spain)",spain_alien_card,218,No,,,,Disabled,ALL,,,Disabled,Disabled,N.A,Disabled,,Disabled,,Disabled,,,"Admin|Self|HRBP|Deepta Mathur Employee Data View||Jennifer Employee Data View & Onboarding","Admin|HRBP|Deepta Mathur Employee Data View||Jennifer Employee Data View & Onboarding","Admin|HRBP|Deepta Mathur Employee Data View||Jennifer Employee Data View & Onboarding",Admin,"Admin|Self|HRBP|Deepta Mathur Employee Data View||Jennifer Employee Data View & Onboarding",,,Disabled,Disabled,,Enabled,Disabled,Enabled,Disabled,Disabled,Disabled,Disabled,Disabled,Disabled,Disabled,Disabled,,,,,All,,NA,,NA,NA
"Personal Documents",personal_documents,17,"ID Card (DNI) card (Spain)",spain_id_card,219,No,,,,Disabled,ALL,,,Disabled,Disabled,N.A,Disabled,,Disabled,,Disabled,,,"Admin|Self|HRBP|Deepta Mathur Employee Data View||Jennifer Employee Data View & Onboarding","Admin|HRBP|Deepta Mathur Employee Data View||Jennifer Employee Data View & Onboarding","Admin|HRBP|Deepta Mathur Employee Data View||Jennifer Employee Data View & Onboarding",Admin,"Admin|Self|HRBP|Deepta Mathur Employee Data View||Jennifer Employee Data View & Onboarding",,,Disabled,Disabled,,Enabled,Disabled,Enabled,Disabled,Disabled,Disabled,Disabled,Disabled,Disabled,Disabled,Disabled,,,,,All,,NA,,NA,NA
"Personal Documents",personal_documents,17,"Social Security Card (NSS) (Spain)",spain_socail_security_card,220,No,,,,Disabled,ALL,,,Disabled,Disabled,N.A,Disabled,,Disabled,,Disabled,,,"Admin|Self|HRBP|Deepta Mathur Employee Data View||Jennifer Employee Data View & Onboarding","Admin|HRBP|Deepta Mathur Employee Data View||Jennifer Employee Data View & Onboarding","Admin|HRBP|Deepta Mathur Employee Data View||Jennifer Employee Data View & Onboarding",Admin,"Admin|Self|HRBP|Deepta Mathur Employee Data View||Jennifer Employee Data View & Onboarding",,,Disabled,Disabled,,Enabled,Disabled,Enabled,Disabled,Disabled,Disabled,Disabled,Disabled,Disabled,Disabled,Disabled,,,,,All,,NA,,NA,NA
"Personal Documents",personal_documents,17,"Tax Identification Card(NIF) (Spain)",spain_tax_identification_card,221,No,,,,Disabled,ALL,,,Disabled,Disabled,N.A,Disabled,,Disabled,,Disabled,,,"Admin|Self|HRBP|Deepta Mathur Employee Data View||Jennifer Employee Data View & Onboarding","Admin|HRBP|Deepta Mathur Employee Data View||Jennifer Employee Data View & Onboarding","Admin|HRBP|Deepta Mathur Employee Data View||Jennifer Employee Data View & Onboarding",Admin,"Admin|Self|HRBP|Deepta Mathur Employee Data View||Jennifer Employee Data View & Onboarding",,,Disabled,Disabled,,Enabled,Disabled,Enabled,Disabled,Disabled,Disabled,Disabled,Disabled,Disabled,Disabled,Disabled,,,,,All,,NA,,NA,NA
"Personal Documents",personal_documents,17,"National ID Card (NID) (Sudan)",sudan_national_id_card,222,No,,,,Disabled,ALL,,,Disabled,Disabled,N.A,Disabled,,Disabled,,Disabled,,,"Admin|Self|HRBP|Deepta Mathur Employee Data View||Jennifer Employee Data View & Onboarding","Admin|HRBP|Deepta Mathur Employee Data View||Jennifer Employee Data View & Onboarding","Admin|HRBP|Deepta Mathur Employee Data View||Jennifer Employee Data View & Onboarding",Admin,"Admin|Self|HRBP|Deepta Mathur Employee Data View||Jennifer Employee Data View & Onboarding",,,Disabled,Disabled,,Enabled,Disabled,Enabled,Disabled,Disabled,Disabled,Disabled,Disabled,Disabled,Disabled,Disabled,,,,,All,,NA,,NA,NA
"Personal Documents",personal_documents,17,"Identity Card (Identiteitskaart) (Suriname)",suriname_identity_card,223,No,,,,Disabled,ALL,,,Disabled,Disabled,N.A,Disabled,,Disabled,,Disabled,,,"Admin|Self|HRBP|Deepta Mathur Employee Data View||Jennifer Employee Data View & Onboarding","Admin|HRBP|Deepta Mathur Employee Data View||Jennifer Employee Data View & Onboarding","Admin|HRBP|Deepta Mathur Employee Data View||Jennifer Employee Data View & Onboarding",Admin,"Admin|Self|HRBP|Deepta Mathur Employee Data View||Jennifer Employee Data View & Onboarding",,,Disabled,Disabled,,Enabled,Disabled,Enabled,Disabled,Disabled,Disabled,Disabled,Disabled,Disabled,Disabled,Disabled,,,,,All,,NA,,NA,NA
"Personal Documents",personal_documents,17,"Personal ID card (Personnummer) (Sweden)",sweden_personal_id_card,224,No,,,,Disabled,ALL,,,Disabled,Disabled,N.A,Disabled,,Disabled,,Disabled,,,"Admin|Self|HRBP|Deepta Mathur Employee Data View||Jennifer Employee Data View & Onboarding","Admin|HRBP|Deepta Mathur Employee Data View||Jennifer Employee Data View & Onboarding","Admin|HRBP|Deepta Mathur Employee Data View||Jennifer Employee Data View & Onboarding",Admin,"Admin|Self|HRBP|Deepta Mathur Employee Data View||Jennifer Employee Data View & Onboarding",,,Disabled,Disabled,,Enabled,Disabled,Enabled,Disabled,Disabled,Disabled,Disabled,Disabled,Disabled,Disabled,Disabled,,,,,All,,NA,,NA,NA
"Personal Documents",personal_documents,17,"Social Insurance card (AHV/AVS) (Switzerland)",switzerland_socail_insurance_card,225,No,,,,Disabled,ALL,,,Disabled,Disabled,N.A,Disabled,,Disabled,,Disabled,,,"Admin|Self|HRBP|Deepta Mathur Employee Data View||Jennifer Employee Data View & Onboarding","Admin|HRBP|Deepta Mathur Employee Data View||Jennifer Employee Data View & Onboarding","Admin|HRBP|Deepta Mathur Employee Data View||Jennifer Employee Data View & Onboarding",Admin,"Admin|Self|HRBP|Deepta Mathur Employee Data View||Jennifer Employee Data View & Onboarding",,,Disabled,Disabled,,Enabled,Disabled,Enabled,Disabled,Disabled,Disabled,Disabled,Disabled,Disabled,Disabled,Disabled,,,,,All,,NA,,NA,NA
"Personal Documents",personal_documents,17,"National card (Syria)",syria_national_card,226,No,,,,Disabled,ALL,,,Disabled,Disabled,N.A,Disabled,,Disabled,,Disabled,,,"Admin|Self|HRBP|Deepta Mathur Employee Data View||Jennifer Employee Data View & Onboarding","Admin|HRBP|Deepta Mathur Employee Data View||Jennifer Employee Data View & Onboarding","Admin|HRBP|Deepta Mathur Employee Data View||Jennifer Employee Data View & Onboarding",Admin,"Admin|Self|HRBP|Deepta Mathur Employee Data View||Jennifer Employee Data View & Onboarding",,,Disabled,Disabled,,Enabled,Disabled,Enabled,Disabled,Disabled,Disabled,Disabled,Disabled,Disabled,Disabled,Disabled,,,,,All,,NA,,NA,NA
"Personal Documents",personal_documents,17,"National Identity Card (PSSSF) (Tanzania)",tanzania_national_id_card,227,No,,,,Disabled,ALL,,,Disabled,Disabled,N.A,Disabled,,Disabled,,Disabled,,,"Admin|Self|HRBP|Deepta Mathur Employee Data View||Jennifer Employee Data View & Onboarding","Admin|HRBP|Deepta Mathur Employee Data View||Jennifer Employee Data View & Onboarding","Admin|HRBP|Deepta Mathur Employee Data View||Jennifer Employee Data View & Onboarding",Admin,"Admin|Self|HRBP|Deepta Mathur Employee Data View||Jennifer Employee Data View & Onboarding",,,Disabled,Disabled,,Enabled,Disabled,Enabled,Disabled,Disabled,Disabled,Disabled,Disabled,Disabled,Disabled,Disabled,,,,,All,,NA,,NA,NA
"Personal Documents",personal_documents,17,"National Social Security Fund (NSSF) Number  Card(Tanzania)",tanzania_national_socail_security_card,228,No,,,,Disabled,ALL,,,Disabled,Disabled,N.A,Disabled,,Disabled,,Disabled,,,"Admin|Self|HRBP|Deepta Mathur Employee Data View||Jennifer Employee Data View & Onboarding","Admin|HRBP|Deepta Mathur Employee Data View||Jennifer Employee Data View & Onboarding","Admin|HRBP|Deepta Mathur Employee Data View||Jennifer Employee Data View & Onboarding",Admin,"Admin|Self|HRBP|Deepta Mathur Employee Data View||Jennifer Employee Data View & Onboarding",,,Disabled,Disabled,,Enabled,Disabled,Enabled,Disabled,Disabled,Disabled,Disabled,Disabled,Disabled,Disabled,Disabled,,,,,All,,NA,,NA,NA
"Personal Documents",personal_documents,17,"Parastatal Pension Fund (PPF) Number Card(Tanzania)",tanzania_parastatal_pension_card,229,No,,,,Disabled,ALL,,,Disabled,Disabled,N.A,Disabled,,Disabled,,Disabled,,,"Admin|Self|HRBP|Deepta Mathur Employee Data View||Jennifer Employee Data View & Onboarding","Admin|HRBP|Deepta Mathur Employee Data View||Jennifer Employee Data View & Onboarding","Admin|HRBP|Deepta Mathur Employee Data View||Jennifer Employee Data View & Onboarding",Admin,"Admin|Self|HRBP|Deepta Mathur Employee Data View||Jennifer Employee Data View & Onboarding",,,Disabled,Disabled,,Enabled,Disabled,Enabled,Disabled,Disabled,Disabled,Disabled,Disabled,Disabled,Disabled,Disabled,,,,,All,,NA,,NA,NA
"Personal Documents",personal_documents,17,"National Identity Card (Togo)",togo_national_id_card,230,No,,,,Disabled,ALL,,,Disabled,Disabled,N.A,Disabled,,Disabled,,Disabled,,,"Admin|Self|HRBP|Deepta Mathur Employee Data View||Jennifer Employee Data View & Onboarding","Admin|HRBP|Deepta Mathur Employee Data View||Jennifer Employee Data View & Onboarding","Admin|HRBP|Deepta Mathur Employee Data View||Jennifer Employee Data View & Onboarding",Admin,"Admin|Self|HRBP|Deepta Mathur Employee Data View||Jennifer Employee Data View & Onboarding",,,Disabled,Disabled,,Enabled,Disabled,Enabled,Disabled,Disabled,Disabled,Disabled,Disabled,Disabled,Disabled,Disabled,,,,,All,,NA,,NA,NA
"Personal Documents",personal_documents,17,"Social Security Card (CNSS) (Togo)",togo_social_security_card,231,No,,,,Disabled,ALL,,,Disabled,Disabled,N.A,Disabled,,Disabled,,Disabled,,,"Admin|Self|HRBP|Deepta Mathur Employee Data View||Jennifer Employee Data View & Onboarding","Admin|HRBP|Deepta Mathur Employee Data View||Jennifer Employee Data View & Onboarding","Admin|HRBP|Deepta Mathur Employee Data View||Jennifer Employee Data View & Onboarding",Admin,"Admin|Self|HRBP|Deepta Mathur Employee Data View||Jennifer Employee Data View & Onboarding",,,Disabled,Disabled,,Enabled,Disabled,Enabled,Disabled,Disabled,Disabled,Disabled,Disabled,Disabled,Disabled,Disabled,,,,,All,,NA,,NA,NA
"Personal Documents",personal_documents,17,"National ID Card (Trinidad and Tobago)",trinidad_and_tobago_national_id_card,232,No,,,,Disabled,ALL,,,Disabled,Disabled,N.A,Disabled,,Disabled,,Disabled,,,"Admin|Self|HRBP|Deepta Mathur Employee Data View||Jennifer Employee Data View & Onboarding","Admin|HRBP|Deepta Mathur Employee Data View||Jennifer Employee Data View & Onboarding","Admin|HRBP|Deepta Mathur Employee Data View||Jennifer Employee Data View & Onboarding",Admin,"Admin|Self|HRBP|Deepta Mathur Employee Data View||Jennifer Employee Data View & Onboarding",,,Disabled,Disabled,,Enabled,Disabled,Enabled,Disabled,Disabled,Disabled,Disabled,Disabled,Disabled,Disabled,Disabled,,,,,All,,NA,,NA,NA
"Personal Documents",personal_documents,17,"National Insurance Card (Trinidad and Tobago)",trinidad_and_tobago_national_insurance_card,233,No,,,,Disabled,ALL,,,Disabled,Disabled,N.A,Disabled,,Disabled,,Disabled,,,"Admin|Self|HRBP|Deepta Mathur Employee Data View||Jennifer Employee Data View & Onboarding","Admin|HRBP|Deepta Mathur Employee Data View||Jennifer Employee Data View & Onboarding","Admin|HRBP|Deepta Mathur Employee Data View||Jennifer Employee Data View & Onboarding",Admin,"Admin|Self|HRBP|Deepta Mathur Employee Data View||Jennifer Employee Data View & Onboarding",,,Disabled,Disabled,,Enabled,Disabled,Enabled,Disabled,Disabled,Disabled,Disabled,Disabled,Disabled,Disabled,Disabled,,,,,All,,NA,,NA,NA
"Personal Documents",personal_documents,17,"ID Card (Tunisia)",tunisia_id_card,234,No,,,,Disabled,ALL,,,Disabled,Disabled,N.A,Disabled,,Disabled,,Disabled,,,"Admin|Self|HRBP|Deepta Mathur Employee Data View||Jennifer Employee Data View & Onboarding","Admin|HRBP|Deepta Mathur Employee Data View||Jennifer Employee Data View & Onboarding","Admin|HRBP|Deepta Mathur Employee Data View||Jennifer Employee Data View & Onboarding",Admin,"Admin|Self|HRBP|Deepta Mathur Employee Data View||Jennifer Employee Data View & Onboarding",,,Disabled,Disabled,,Enabled,Disabled,Enabled,Disabled,Disabled,Disabled,Disabled,Disabled,Disabled,Disabled,Disabled,,,,,All,,NA,,NA,NA
"Personal Documents",personal_documents,17,"National Identification Card (NIN) (Uganda)",uganda_national_identification_card,235,No,,,,Disabled,ALL,,,Disabled,Disabled,N.A,Disabled,,Disabled,,Disabled,,,"Admin|Self|HRBP|Deepta Mathur Employee Data View||Jennifer Employee Data View & Onboarding","Admin|HRBP|Deepta Mathur Employee Data View||Jennifer Employee Data View & Onboarding","Admin|HRBP|Deepta Mathur Employee Data View||Jennifer Employee Data View & Onboarding",Admin,"Admin|Self|HRBP|Deepta Mathur Employee Data View||Jennifer Employee Data View & Onboarding",,,Disabled,Disabled,,Enabled,Disabled,Enabled,Disabled,Disabled,Disabled,Disabled,Disabled,Disabled,Disabled,Disabled,,,,,All,,NA,,NA,NA
"Personal Documents",personal_documents,17,"Social Security (NSSF) Card (Uganda)",uganda_social_security_card,236,No,,,,Disabled,ALL,,,Disabled,Disabled,N.A,Disabled,,Disabled,,Disabled,,,"Admin|Self|HRBP|Deepta Mathur Employee Data View||Jennifer Employee Data View & Onboarding","Admin|HRBP|Deepta Mathur Employee Data View||Jennifer Employee Data View & Onboarding","Admin|HRBP|Deepta Mathur Employee Data View||Jennifer Employee Data View & Onboarding",Admin,"Admin|Self|HRBP|Deepta Mathur Employee Data View||Jennifer Employee Data View & Onboarding",,,Disabled,Disabled,,Enabled,Disabled,Enabled,Disabled,Disabled,Disabled,Disabled,Disabled,Disabled,Disabled,Disabled,,,,,All,,NA,,NA,NA
"Personal Documents",personal_documents,17,"Taxpayer Identification Card (TIN) (Uganda)",uganda_taxpayer_identification_card,237,No,,,,Disabled,ALL,,,Disabled,Disabled,N.A,Disabled,,Disabled,,Disabled,,,"Admin|Self|HRBP|Deepta Mathur Employee Data View||Jennifer Employee Data View & Onboarding","Admin|HRBP|Deepta Mathur Employee Data View||Jennifer Employee Data View & Onboarding","Admin|HRBP|Deepta Mathur Employee Data View||Jennifer Employee Data View & Onboarding",Admin,"Admin|Self|HRBP|Deepta Mathur Employee Data View||Jennifer Employee Data View & Onboarding",,,Disabled,Disabled,,Enabled,Disabled,Enabled,Disabled,Disabled,Disabled,Disabled,Disabled,Disabled,Disabled,Disabled,,,,,All,,NA,,NA,NA
"Personal Documents",personal_documents,17,"Identity Card  (Uruguay)",uruguay_identity_card,238,No,,,,Disabled,ALL,,,Disabled,Disabled,N.A,Disabled,,Disabled,,Disabled,,,"Admin|Self|HRBP|Deepta Mathur Employee Data View||Jennifer Employee Data View & Onboarding","Admin|HRBP|Deepta Mathur Employee Data View||Jennifer Employee Data View & Onboarding","Admin|HRBP|Deepta Mathur Employee Data View||Jennifer Employee Data View & Onboarding",Admin,"Admin|Self|HRBP|Deepta Mathur Employee Data View||Jennifer Employee Data View & Onboarding",,,Disabled,Disabled,,Enabled,Disabled,Enabled,Disabled,Disabled,Disabled,Disabled,Disabled,Disabled,Disabled,Disabled,,,,,All,,NA,,NA,NA
"Personal Documents",personal_documents,17,"Voter Credentials (Series and Number) (Uruguay)",uruguay_voter_card,239,No,,,,Disabled,ALL,,,Disabled,Disabled,N.A,Disabled,,Disabled,,Disabled,,,"Admin|Self|HRBP|Deepta Mathur Employee Data View||Jennifer Employee Data View & Onboarding","Admin|HRBP|Deepta Mathur Employee Data View||Jennifer Employee Data View & Onboarding","Admin|HRBP|Deepta Mathur Employee Data View||Jennifer Employee Data View & Onboarding",Admin,"Admin|Self|HRBP|Deepta Mathur Employee Data View||Jennifer Employee Data View & Onboarding",,,Disabled,Disabled,,Enabled,Disabled,Enabled,Disabled,Disabled,Disabled,Disabled,Disabled,Disabled,Disabled,Disabled,,,,,All,,NA,,NA,NA
"Personal Documents",personal_documents,17,"National ID Card (Vanuatu)",vanuatu_national_card,240,No,,,,Disabled,ALL,,,Disabled,Disabled,N.A,Disabled,,Disabled,,Disabled,,,"Admin|Self|HRBP|Deepta Mathur Employee Data View||Jennifer Employee Data View & Onboarding","Admin|HRBP|Deepta Mathur Employee Data View||Jennifer Employee Data View & Onboarding","Admin|HRBP|Deepta Mathur Employee Data View||Jennifer Employee Data View & Onboarding",Admin,"Admin|Self|HRBP|Deepta Mathur Employee Data View||Jennifer Employee Data View & Onboarding",,,Disabled,Disabled,,Enabled,Disabled,Enabled,Disabled,Disabled,Disabled,Disabled,Disabled,Disabled,Disabled,Disabled,,,,,All,,NA,,NA,NA
"Personal Documents",personal_documents,17,"Identity Card (Venezuela)",venezuela_identity_card,241,No,,,,Disabled,ALL,,,Disabled,Disabled,N.A,Disabled,,Disabled,,Disabled,,,"Admin|Self|HRBP|Deepta Mathur Employee Data View||Jennifer Employee Data View & Onboarding","Admin|HRBP|Deepta Mathur Employee Data View||Jennifer Employee Data View & Onboarding","Admin|HRBP|Deepta Mathur Employee Data View||Jennifer Employee Data View & Onboarding",Admin,"Admin|Self|HRBP|Deepta Mathur Employee Data View||Jennifer Employee Data View & Onboarding",,,Disabled,Disabled,,Enabled,Disabled,Enabled,Disabled,Disabled,Disabled,Disabled,Disabled,Disabled,Disabled,Disabled,,,,,All,,NA,,NA,NA
"Personal Documents",personal_documents,17,"Taxpayer Card (RIF) (Venezuela)",venezuela_taxpayer_card,242,No,,,,Disabled,ALL,,,Disabled,Disabled,N.A,Disabled,,Disabled,,Disabled,,,"Admin|Self|HRBP|Deepta Mathur Employee Data View||Jennifer Employee Data View & Onboarding","Admin|HRBP|Deepta Mathur Employee Data View||Jennifer Employee Data View & Onboarding","Admin|HRBP|Deepta Mathur Employee Data View||Jennifer Employee Data View & Onboarding",Admin,"Admin|Self|HRBP|Deepta Mathur Employee Data View||Jennifer Employee Data View & Onboarding",,,Disabled,Disabled,,Enabled,Disabled,Enabled,Disabled,Disabled,Disabled,Disabled,Disabled,Disabled,Disabled,Disabled,,,,,All,,NA,,NA,NA
"Personal Documents",personal_documents,17,"National ID Card (Yemen)",yemen_national_card,243,No,,,,Disabled,ALL,,,Disabled,Disabled,N.A,Disabled,,Disabled,,Disabled,,,"Admin|Self|HRBP|Deepta Mathur Employee Data View||Jennifer Employee Data View & Onboarding","Admin|HRBP|Deepta Mathur Employee Data View||Jennifer Employee Data View & Onboarding","Admin|HRBP|Deepta Mathur Employee Data View||Jennifer Employee Data View & Onboarding",Admin,"Admin|Self|HRBP|Deepta Mathur Employee Data View||Jennifer Employee Data View & Onboarding",,,Disabled,Disabled,,Enabled,Disabled,Enabled,Disabled,Disabled,Disabled,Disabled,Disabled,Disabled,Disabled,Disabled,,,,,All,,NA,,NA,NA
"Personal Documents",personal_documents,17,"National Registration Card (NRC)  (Zambia)",zambia_national_registration_card,244,No,,,,Disabled,ALL,,,Disabled,Disabled,N.A,Disabled,,Disabled,,Disabled,,,"Admin|Self|HRBP|Deepta Mathur Employee Data View||Jennifer Employee Data View & Onboarding","Admin|HRBP|Deepta Mathur Employee Data View||Jennifer Employee Data View & Onboarding","Admin|HRBP|Deepta Mathur Employee Data View||Jennifer Employee Data View & Onboarding",Admin,"Admin|Self|HRBP|Deepta Mathur Employee Data View||Jennifer Employee Data View & Onboarding",,,Disabled,Disabled,,Enabled,Disabled,Enabled,Disabled,Disabled,Disabled,Disabled,Disabled,Disabled,Disabled,Disabled,,,,,All,,NA,,NA,NA
"Personal Documents",personal_documents,17,"Social Security Card (Zambia)",Zambia_social_security_card,245,No,,,,Disabled,ALL,,,Disabled,Disabled,N.A,Disabled,,Disabled,,Disabled,,,"Admin|Self|HRBP|Deepta Mathur Employee Data View||Jennifer Employee Data View & Onboarding","Admin|HRBP|Deepta Mathur Employee Data View||Jennifer Employee Data View & Onboarding","Admin|HRBP|Deepta Mathur Employee Data View||Jennifer Employee Data View & Onboarding",Admin,"Admin|Self|HRBP|Deepta Mathur Employee Data View||Jennifer Employee Data View & Onboarding",,,Disabled,Disabled,,Enabled,Disabled,Enabled,Disabled,Disabled,Disabled,Disabled,Disabled,Disabled,Disabled,Disabled,,,,,All,,NA,,NA,NA
"Personal Documents",personal_documents,17,"Taxpayer Identification Card (TPIN) (Zambia)",Zambia_taxpayer_card,246,No,,,,Disabled,ALL,,,Disabled,Disabled,N.A,Disabled,,Disabled,,Disabled,,,"Admin|Self|HRBP|Deepta Mathur Employee Data View||Jennifer Employee Data View & Onboarding","Admin|HRBP|Deepta Mathur Employee Data View||Jennifer Employee Data View & Onboarding","Admin|HRBP|Deepta Mathur Employee Data View||Jennifer Employee Data View & Onboarding",Admin,"Admin|Self|HRBP|Deepta Mathur Employee Data View||Jennifer Employee Data View & Onboarding",,,Disabled,Disabled,,Enabled,Disabled,Enabled,Disabled,Disabled,Disabled,Disabled,Disabled,Disabled,Disabled,Disabled,,,,,All,,NA,,NA,NA
"Personal Documents",personal_documents,17,"National ID Card (Zimbabwe)",Zimbabwe_national_card,247,No,,,,Disabled,ALL,,,Disabled,Disabled,N.A,Disabled,,Disabled,,Disabled,,,"Admin|Self|HRBP|Deepta Mathur Employee Data View||Jennifer Employee Data View & Onboarding","Admin|HRBP|Deepta Mathur Employee Data View||Jennifer Employee Data View & Onboarding","Admin|HRBP|Deepta Mathur Employee Data View||Jennifer Employee Data View & Onboarding",Admin,"Admin|Self|HRBP|Deepta Mathur Employee Data View||Jennifer Employee Data View & Onboarding",,,Disabled,Disabled,,Enabled,Disabled,Enabled,Disabled,Disabled,Disabled,Disabled,Disabled,Disabled,Disabled,Disabled,,,,,All,,NA,,NA,NA
"Personal Documents",personal_documents,17,"National Social Security Authority Card (Zimbabwe)",Zimbabwe_national_security_card,248,No,,,,Disabled,ALL,,,Disabled,Disabled,N.A,Disabled,,Disabled,,Disabled,,,"Admin|Self|HRBP|Deepta Mathur Employee Data View||Jennifer Employee Data View & Onboarding","Admin|HRBP|Deepta Mathur Employee Data View||Jennifer Employee Data View & Onboarding","Admin|HRBP|Deepta Mathur Employee Data View||Jennifer Employee Data View & Onboarding",Admin,"Admin|Self|HRBP|Deepta Mathur Employee Data View||Jennifer Employee Data View & Onboarding",,,Disabled,Disabled,,Enabled,Disabled,Enabled,Disabled,Disabled,Disabled,Disabled,Disabled,Disabled,Disabled,Disabled,,,,,All,,NA,,NA,NA
"Personal Documents",personal_documents,17,"Social Security Card (NSS) (Honduras)",honduras_social_security_card,249,No,,,,Disabled,ALL,,,Disabled,Disabled,N.A,Disabled,,Disabled,,Disabled,,,"Admin|Self|HRBP|Deepta Mathur Employee Data View||Jennifer Employee Data View & Onboarding","Admin|HRBP|Deepta Mathur Employee Data View||Jennifer Employee Data View & Onboarding","Admin|HRBP|Deepta Mathur Employee Data View||Jennifer Employee Data View & Onboarding",Admin,"Admin|Self|HRBP|Deepta Mathur Employee Data View||Jennifer Employee Data View & Onboarding",,,Disabled,Disabled,,Enabled,Disabled,Enabled,Disabled,Disabled,Disabled,Disabled,Disabled,Disabled,Disabled,Disabled,,,,,All,,NA,,NA,NA
"Personal Documents",personal_documents,17,"BPJS Ketenagakerjaan (Indonesia)",indonesia_BPJS_ketenagakerjaan_card,250,No,,,,Disabled,ALL,,,Disabled,Disabled,N.A,Disabled,,Disabled,,Disabled,,,"Admin|Self|HRBP|Deepta Mathur Employee Data View||Jennifer Employee Data View & Onboarding","Admin|HRBP|Deepta Mathur Employee Data View||Jennifer Employee Data View & Onboarding","Admin|HRBP|Deepta Mathur Employee Data View||Jennifer Employee Data View & Onboarding",Admin,"Admin|Self|HRBP|Deepta Mathur Employee Data View||Jennifer Employee Data View & Onboarding",,,Disabled,Disabled,,Enabled,Disabled,Enabled,Disabled,Disabled,Disabled,Disabled,Disabled,Disabled,Disabled,Disabled,,,,,All,,NA,,NA,NA
"Personal Documents",personal_documents,17,"Social Security Number (Nomor Jaminan Sosial) Card (Indonesia)",indonesia_social_security_number_card,251,No,,,,Disabled,ALL,,,Disabled,Disabled,N.A,Disabled,,Disabled,,Disabled,,,"Admin|Self|HRBP|Deepta Mathur Employee Data View||Jennifer Employee Data View & Onboarding","Admin|HRBP|Deepta Mathur Employee Data View||Jennifer Employee Data View & Onboarding","Admin|HRBP|Deepta Mathur Employee Data View||Jennifer Employee Data View & Onboarding",Admin,"Admin|Self|HRBP|Deepta Mathur Employee Data View||Jennifer Employee Data View & Onboarding",,,Disabled,Disabled,,Enabled,Disabled,Enabled,Disabled,Disabled,Disabled,Disabled,Disabled,Disabled,Disabled,Disabled,,,,,All,,NA,,NA,NA
"Personal Documents",personal_documents,17,"Tax Number (Nomor Pajak) Card (Indonesia)",indonesia_tax_number_card,252,No,,,,Disabled,ALL,,,Disabled,Disabled,N.A,Disabled,,Disabled,,Disabled,,,"Admin|Self|HRBP|Deepta Mathur Employee Data View||Jennifer Employee Data View & Onboarding","Admin|HRBP|Deepta Mathur Employee Data View||Jennifer Employee Data View & Onboarding","Admin|HRBP|Deepta Mathur Employee Data View||Jennifer Employee Data View & Onboarding",Admin,"Admin|Self|HRBP|Deepta Mathur Employee Data View||Jennifer Employee Data View & Onboarding",,,Disabled,Disabled,,Enabled,Disabled,Enabled,Disabled,Disabled,Disabled,Disabled,Disabled,Disabled,Disabled,Disabled,,,,,All,,NA,,NA,NA
"Personal Documents",personal_documents,17,"Pag-IBIG MID Number Card (Philippines)",philippines_pag_ibig_mid_number_card,253,No,,,,Disabled,ALL,,,Disabled,Disabled,N.A,Disabled,,Disabled,,Disabled,,,"Admin|Self|HRBP|Deepta Mathur Employee Data View||Jennifer Employee Data View & Onboarding","Admin|HRBP|Deepta Mathur Employee Data View||Jennifer Employee Data View & Onboarding","Admin|HRBP|Deepta Mathur Employee Data View||Jennifer Employee Data View & Onboarding",Admin,"Admin|Self|HRBP|Deepta Mathur Employee Data View||Jennifer Employee Data View & Onboarding",,,Disabled,Disabled,,Enabled,Disabled,Enabled,Disabled,Disabled,Disabled,Disabled,Disabled,Disabled,Disabled,Disabled,,,,,All,,NA,,NA,NA
"Personal Documents",personal_documents,17,"Social Security System (SSS) Number card (Philippines)",philippines_social_security_number_card,254,No,,,,Disabled,ALL,,,Disabled,Disabled,N.A,Disabled,,Disabled,,Disabled,,,"Admin|Self|HRBP|Deepta Mathur Employee Data View||Jennifer Employee Data View & Onboarding","Admin|HRBP|Deepta Mathur Employee Data View||Jennifer Employee Data View & Onboarding","Admin|HRBP|Deepta Mathur Employee Data View||Jennifer Employee Data View & Onboarding",Admin,"Admin|Self|HRBP|Deepta Mathur Employee Data View||Jennifer Employee Data View & Onboarding",,,Disabled,Disabled,,Enabled,Disabled,Enabled,Disabled,Disabled,Disabled,Disabled,Disabled,Disabled,Disabled,Disabled,,,,,All,,NA,,NA,NA
"Personal Documents",personal_documents,17,"National Identity Card (New IC) (Malaysia)",malaysia_national_identity_ic_card,255,No,,,,Disabled,ALL,,,Disabled,Disabled,N.A,Disabled,,Disabled,,Disabled,,,"Admin|Self|HRBP|Deepta Mathur Employee Data View||Jennifer Employee Data View & Onboarding","Admin|HRBP|Deepta Mathur Employee Data View||Jennifer Employee Data View & Onboarding","Admin|HRBP|Deepta Mathur Employee Data View||Jennifer Employee Data View & Onboarding",Admin,"Admin|Self|HRBP|Deepta Mathur Employee Data View||Jennifer Employee Data View & Onboarding",,,Disabled,Disabled,,Enabled,Disabled,Enabled,Disabled,Disabled,Disabled,Disabled,Disabled,Disabled,Disabled,Disabled,,,,,All,,NA,,NA,NA
"Personal Documents",personal_documents,17,"National Identity Card (Old IC) (Malaysia)",malaysia_national_identity_old_ic_card,256,No,,,,Disabled,ALL,,,Disabled,Disabled,N.A,Disabled,,Disabled,,Disabled,,,"Admin|Self|HRBP|Deepta Mathur Employee Data View||Jennifer Employee Data View & Onboarding","Admin|HRBP|Deepta Mathur Employee Data View||Jennifer Employee Data View & Onboarding","Admin|HRBP|Deepta Mathur Employee Data View||Jennifer Employee Data View & Onboarding",Admin,"Admin|Self|HRBP|Deepta Mathur Employee Data View||Jennifer Employee Data View & Onboarding",,,Disabled,Disabled,,Enabled,Disabled,Enabled,Disabled,Disabled,Disabled,Disabled,Disabled,Disabled,Disabled,Disabled,,,,,All,,NA,,NA,NA
"Personal Documents",personal_documents,17,"SOCSO Card(Malaysia)",malaysia_socso_card,257,No,,,,Disabled,ALL,,,Disabled,Disabled,N.A,Disabled,,Disabled,,Disabled,,,"Admin|Self|HRBP|Deepta Mathur Employee Data View||Jennifer Employee Data View & Onboarding","Admin|HRBP|Deepta Mathur Employee Data View||Jennifer Employee Data View & Onboarding","Admin|HRBP|Deepta Mathur Employee Data View||Jennifer Employee Data View & Onboarding",Admin,"Admin|Self|HRBP|Deepta Mathur Employee Data View||Jennifer Employee Data View & Onboarding",,,Disabled,Disabled,,Enabled,Disabled,Enabled,Disabled,Disabled,Disabled,Disabled,Disabled,Disabled,Disabled,Disabled,,,,,All,,NA,,NA,NA
"Personal Documents",personal_documents,17,"Tax Reference Card (Malaysia)",malaysia_tax_reference_card,258,No,,,,Disabled,ALL,,,Disabled,Disabled,N.A,Disabled,,Disabled,,Disabled,,,"Admin|Self|HRBP|Deepta Mathur Employee Data View||Jennifer Employee Data View & Onboarding","Admin|HRBP|Deepta Mathur Employee Data View||Jennifer Employee Data View & Onboarding","Admin|HRBP|Deepta Mathur Employee Data View||Jennifer Employee Data View & Onboarding",Admin,"Admin|Self|HRBP|Deepta Mathur Employee Data View||Jennifer Employee Data View & Onboarding",,,Disabled,Disabled,,Enabled,Disabled,Enabled,Disabled,Disabled,Disabled,Disabled,Disabled,Disabled,Disabled,Disabled,,,,,All,,NA,,NA,NA
"Personal Documents",personal_documents,17,"Social Security Number (SSN) Card (United States of America)",usa_social_security_card,259,No,,,,Disabled,ALL,,,Disabled,Disabled,N.A,Disabled,,Disabled,,Disabled,,,"Admin|Self|HRBP|Deepta Mathur Employee Data View||Jennifer Employee Data View & Onboarding","Admin|HRBP|Deepta Mathur Employee Data View||Jennifer Employee Data View & Onboarding","Admin|HRBP|Deepta Mathur Employee Data View||Jennifer Employee Data View & Onboarding",Admin,"Admin|Self|HRBP|Deepta Mathur Employee Data View||Jennifer Employee Data View & Onboarding",,,Disabled,Disabled,,Enabled,Disabled,Enabled,Disabled,Disabled,Disabled,Disabled,Disabled,Disabled,Disabled,Disabled,,,,,All,,NA,,NA,NA
"Personal Documents",personal_documents,17,"U.S. Individual Taxpayer Identification Number (ITIN) Card (United States of America)",usa_taxpayer_identification_card,260,No,,,,Disabled,ALL,,,Disabled,Disabled,N.A,Disabled,,Disabled,,Disabled,,,"Admin|Self|HRBP|Deepta Mathur Employee Data View||Jennifer Employee Data View & Onboarding","Admin|HRBP|Deepta Mathur Employee Data View||Jennifer Employee Data View & Onboarding","Admin|HRBP|Deepta Mathur Employee Data View||Jennifer Employee Data View & Onboarding",Admin,"Admin|Self|HRBP|Deepta Mathur Employee Data View||Jennifer Employee Data View & Onboarding",,,Disabled,Disabled,,Enabled,Disabled,Enabled,Disabled,Disabled,Disabled,Disabled,Disabled,Disabled,Disabled,Disabled,,,,,All,,NA,,NA,NA
"Personal Documents",personal_documents,17,"ID Card (Tazkira) (Afghanistan)",afghanistan_id_card,261,No,,,,Disabled,ALL,,,Disabled,Disabled,N.A,Disabled,,Disabled,,Disabled,,,"Admin|Self|HRBP|Deepta Mathur Employee Data View||Jennifer Employee Data View & Onboarding","Admin|HRBP|Deepta Mathur Employee Data View||Jennifer Employee Data View & Onboarding","Admin|HRBP|Deepta Mathur Employee Data View||Jennifer Employee Data View & Onboarding",Admin,"Admin|Self|HRBP|Deepta Mathur Employee Data View||Jennifer Employee Data View & Onboarding",,,Disabled,Disabled,,Disabled,Disabled,Disabled,Disabled,Disabled,Disabled,Disabled,Disabled,Disabled,Disabled,Disabled,,,,,All,,NA,,NA,NA
"Personal Documents",personal_documents,17,"Social Insurance Card (SVNR) (Austria)",austria_social_insurance_card,262,No,,,,Disabled,ALL,,,Disabled,Disabled,N.A,Disabled,,Disabled,,Disabled,,,"Admin|Self|HRBP|Deepta Mathur Employee Data View||Jennifer Employee Data View & Onboarding","Admin|HRBP|Deepta Mathur Employee Data View||Jennifer Employee Data View & Onboarding","Admin|HRBP|Deepta Mathur Employee Data View||Jennifer Employee Data View & Onboarding",Admin,"Admin|Self|HRBP|Deepta Mathur Employee Data View||Jennifer Employee Data View & Onboarding",,,Disabled,Disabled,,Disabled,Disabled,Disabled,Disabled,Disabled,Disabled,Disabled,Disabled,Disabled,Disabled,Disabled,,,,,All,,NA,,NA,NA
"Personal Documents",personal_documents,17,"Tax Identification Card (Austria)",austria_tax_identification_card,263,No,,,,Disabled,ALL,,,Disabled,Disabled,N.A,Disabled,,Disabled,,Disabled,,,"Admin|Self|HRBP|Deepta Mathur Employee Data View||Jennifer Employee Data View & Onboarding","Admin|HRBP|Deepta Mathur Employee Data View||Jennifer Employee Data View & Onboarding","Admin|HRBP|Deepta Mathur Employee Data View||Jennifer Employee Data View & Onboarding",Admin,"Admin|Self|HRBP|Deepta Mathur Employee Data View||Jennifer Employee Data View & Onboarding",,,Disabled,Disabled,,Disabled,Disabled,Disabled,Disabled,Disabled,Disabled,Disabled,Disabled,Disabled,Disabled,Disabled,,,,,All,,NA,,NA,NA
"Personal Documents",personal_documents,17,"Identity Card of the Citizen of the Republic of Azerbaijan Card (Azerbaijan)",azerbaijan_id_card,264,No,,,,Disabled,ALL,,,Disabled,Disabled,N.A,Disabled,,Disabled,,Disabled,,,"Admin|Self|HRBP|Deepta Mathur Employee Data View||Jennifer Employee Data View & Onboarding","Admin|HRBP|Deepta Mathur Employee Data View||Jennifer Employee Data View & Onboarding","Admin|HRBP|Deepta Mathur Employee Data View||Jennifer Employee Data View & Onboarding",Admin,"Admin|Self|HRBP|Deepta Mathur Employee Data View||Jennifer Employee Data View & Onboarding",,,Disabled,Disabled,,Disabled,Disabled,Disabled,Disabled,Disabled,Disabled,Disabled,Disabled,Disabled,Disabled,Disabled,,,,,All,,NA,,NA,NA
"Personal Documents",personal_documents,17,"State Social Insurance Certificate Card (Azerbaijan)",azerbaijan_social_insurance_certificate_card,265,No,,,,Disabled,ALL,,,Disabled,Disabled,N.A,Disabled,,Disabled,,Disabled,,,"Admin|Self|HRBP|Deepta Mathur Employee Data View||Jennifer Employee Data View & Onboarding","Admin|HRBP|Deepta Mathur Employee Data View||Jennifer Employee Data View & Onboarding","Admin|HRBP|Deepta Mathur Employee Data View||Jennifer Employee Data View & Onboarding",Admin,"Admin|Self|HRBP|Deepta Mathur Employee Data View||Jennifer Employee Data View & Onboarding",,,Disabled,Disabled,,Disabled,Disabled,Disabled,Disabled,Disabled,Disabled,Disabled,Disabled,Disabled,Disabled,Disabled,,,,,All,,NA,,NA,NA
"Personal Documents",personal_documents,17,"Personal (CPR) Card (Bahrain)",bahrain_personal_card,266,No,,,,Disabled,ALL,,,Disabled,Disabled,N.A,Disabled,,Disabled,,Disabled,,,"Admin|Self|HRBP|Deepta Mathur Employee Data View||Jennifer Employee Data View & Onboarding","Admin|HRBP|Deepta Mathur Employee Data View||Jennifer Employee Data View & Onboarding","Admin|HRBP|Deepta Mathur Employee Data View||Jennifer Employee Data View & Onboarding",Admin,"Admin|Self|HRBP|Deepta Mathur Employee Data View||Jennifer Employee Data View & Onboarding",,,Disabled,Disabled,,Disabled,Disabled,Disabled,Disabled,Disabled,Disabled,Disabled,Disabled,Disabled,Disabled,Disabled,,,,,All,,NA,,NA,NA
"Personal Documents",personal_documents,17,"Electronic Tax Identification Card (Bangladesh)",bangladesh_electronic_tax_id_card,267,No,,,,Disabled,ALL,,,Disabled,Disabled,N.A,Disabled,,Disabled,,Disabled,,,"Admin|Self|HRBP|Deepta Mathur Employee Data View||Jennifer Employee Data View & Onboarding","Admin|HRBP|Deepta Mathur Employee Data View||Jennifer Employee Data View & Onboarding","Admin|HRBP|Deepta Mathur Employee Data View||Jennifer Employee Data View & Onboarding",Admin,"Admin|Self|HRBP|Deepta Mathur Employee Data View||Jennifer Employee Data View & Onboarding",,,Disabled,Disabled,,Disabled,Disabled,Disabled,Disabled,Disabled,Disabled,Disabled,Disabled,Disabled,Disabled,Disabled,,,,,All,,NA,,NA,NA
"Personal Documents",personal_documents,17,"National ID (NID) Card (Bangladesh)",bangladesh_national_id_card,268,No,,,,Disabled,ALL,,,Disabled,Disabled,N.A,Disabled,,Disabled,,Disabled,,,"Admin|Self|HRBP|Deepta Mathur Employee Data View||Jennifer Employee Data View & Onboarding","Admin|HRBP|Deepta Mathur Employee Data View||Jennifer Employee Data View & Onboarding","Admin|HRBP|Deepta Mathur Employee Data View||Jennifer Employee Data View & Onboarding",Admin,"Admin|Self|HRBP|Deepta Mathur Employee Data View||Jennifer Employee Data View & Onboarding",,,Disabled,Disabled,,Disabled,Disabled,Disabled,Disabled,Disabled,Disabled,Disabled,Disabled,Disabled,Disabled,Disabled,,,,,All,,NA,,NA,NA
"Personal Documents",personal_documents,17,"Tax Identification Card (Bangladesh)",bangladesh_tax_identification_card,269,No,,,,Disabled,ALL,,,Disabled,Disabled,N.A,Disabled,,Disabled,,Disabled,,,"Admin|Self|HRBP|Deepta Mathur Employee Data View||Jennifer Employee Data View & Onboarding","Admin|HRBP|Deepta Mathur Employee Data View||Jennifer Employee Data View & Onboarding","Admin|HRBP|Deepta Mathur Employee Data View||Jennifer Employee Data View & Onboarding",Admin,"Admin|Self|HRBP|Deepta Mathur Employee Data View||Jennifer Employee Data View & Onboarding",,,Disabled,Disabled,,Disabled,Disabled,Disabled,Disabled,Disabled,Disabled,Disabled,Disabled,Disabled,Disabled,Disabled,,,,,All,,NA,,NA,NA
"Personal Documents",personal_documents,17,"ID Card (Belgium)",belgium_id_card,271,No,,,,Disabled,ALL,,,Disabled,Disabled,N.A,Disabled,,Disabled,,Disabled,,,"Admin|Self|HRBP|Deepta Mathur Employee Data View||Jennifer Employee Data View & Onboarding","Admin|HRBP|Deepta Mathur Employee Data View||Jennifer Employee Data View & Onboarding","Admin|HRBP|Deepta Mathur Employee Data View||Jennifer Employee Data View & Onboarding",Admin,"Admin|Self|HRBP|Deepta Mathur Employee Data View||Jennifer Employee Data View & Onboarding",,,Disabled,Disabled,,Disabled,Disabled,Disabled,Disabled,Disabled,Disabled,Disabled,Disabled,Disabled,Disabled,Disabled,,,,,All,,NA,,NA,NA
"Personal Documents",personal_documents,17,"National Register Card (Belgium)",belgium_national_register_card,272,No,,,,Disabled,ALL,,,Disabled,Disabled,N.A,Disabled,,Disabled,,Disabled,,,"Admin|Self|HRBP|Deepta Mathur Employee Data View||Jennifer Employee Data View & Onboarding","Admin|HRBP|Deepta Mathur Employee Data View||Jennifer Employee Data View & Onboarding","Admin|HRBP|Deepta Mathur Employee Data View||Jennifer Employee Data View & Onboarding",Admin,"Admin|Self|HRBP|Deepta Mathur Employee Data View||Jennifer Employee Data View & Onboarding",,,Disabled,Disabled,,Disabled,Disabled,Disabled,Disabled,Disabled,Disabled,Disabled,Disabled,Disabled,Disabled,Disabled,,,,,All,,NA,,NA,NA
"Personal Documents",personal_documents,17,"Social Insurance (SIS) Card (Belgium)",belgium_social_insurance_card,273,No,,,,Disabled,ALL,,,Disabled,Disabled,N.A,Disabled,,Disabled,,Disabled,,,"Admin|Self|HRBP|Deepta Mathur Employee Data View||Jennifer Employee Data View & Onboarding","Admin|HRBP|Deepta Mathur Employee Data View||Jennifer Employee Data View & Onboarding","Admin|HRBP|Deepta Mathur Employee Data View||Jennifer Employee Data View & Onboarding",Admin,"Admin|Self|HRBP|Deepta Mathur Employee Data View||Jennifer Employee Data View & Onboarding",,,Disabled,Disabled,,Disabled,Disabled,Disabled,Disabled,Disabled,Disabled,Disabled,Disabled,Disabled,Disabled,Disabled,,,,,All,,NA,,NA,NA
"Personal Documents",personal_documents,17,"Unique Master Citizen Card (JMBG) (Bosnia and Herzegovina)",bosnia_unique_citizen_card,274,No,,,,Disabled,ALL,,,Disabled,Disabled,N.A,Disabled,,Disabled,,Disabled,,,"Admin|Self|HRBP|Deepta Mathur Employee Data View||Jennifer Employee Data View & Onboarding","Admin|HRBP|Deepta Mathur Employee Data View||Jennifer Employee Data View & Onboarding","Admin|HRBP|Deepta Mathur Employee Data View||Jennifer Employee Data View & Onboarding",Admin,"Admin|Self|HRBP|Deepta Mathur Employee Data View||Jennifer Employee Data View & Onboarding",,,Disabled,Disabled,,Disabled,Disabled,Disabled,Disabled,Disabled,Disabled,Disabled,Disabled,Disabled,Disabled,Disabled,,,,,All,,NA,,NA,NA
"Personal Documents",personal_documents,17,"Identity Card (NKP) (Brunei)",brunei_identity_card,275,No,,,,Disabled,ALL,,,Disabled,Disabled,N.A,Disabled,,Disabled,,Disabled,,,"Admin|Self|HRBP|Deepta Mathur Employee Data View||Jennifer Employee Data View & Onboarding","Admin|HRBP|Deepta Mathur Employee Data View||Jennifer Employee Data View & Onboarding","Admin|HRBP|Deepta Mathur Employee Data View||Jennifer Employee Data View & Onboarding",Admin,"Admin|Self|HRBP|Deepta Mathur Employee Data View||Jennifer Employee Data View & Onboarding",,,Disabled,Disabled,,Disabled,Disabled,Disabled,Disabled,Disabled,Disabled,Disabled,Disabled,Disabled,Disabled,Disabled,,,,,All,,NA,,NA,NA
"Personal Documents",personal_documents,17,"National Identity Card (NIC) (Bulgaria)",bulgaria_national_identity_card,276,No,,,,Disabled,ALL,,,Disabled,Disabled,N.A,Disabled,,Disabled,,Disabled,,,"Admin|Self|HRBP|Deepta Mathur Employee Data View||Jennifer Employee Data View & Onboarding","Admin|HRBP|Deepta Mathur Employee Data View||Jennifer Employee Data View & Onboarding","Admin|HRBP|Deepta Mathur Employee Data View||Jennifer Employee Data View & Onboarding",Admin,"Admin|Self|HRBP|Deepta Mathur Employee Data View||Jennifer Employee Data View & Onboarding",,,Disabled,Disabled,,Disabled,Disabled,Disabled,Disabled,Disabled,Disabled,Disabled,Disabled,Disabled,Disabled,Disabled,,,,,All,,NA,,NA,NA
"Personal Documents",personal_documents,17,"Personal Foreigner’s Card (PFN) (Bulgaria)",bulgaria_personal_foreigner_card,277,No,,,,Disabled,ALL,,,Disabled,Disabled,N.A,Disabled,,Disabled,,Disabled,,,"Admin|Self|HRBP|Deepta Mathur Employee Data View||Jennifer Employee Data View & Onboarding","Admin|HRBP|Deepta Mathur Employee Data View||Jennifer Employee Data View & Onboarding","Admin|HRBP|Deepta Mathur Employee Data View||Jennifer Employee Data View & Onboarding",Admin,"Admin|Self|HRBP|Deepta Mathur Employee Data View||Jennifer Employee Data View & Onboarding",,,Disabled,Disabled,,Disabled,Disabled,Disabled,Disabled,Disabled,Disabled,Disabled,Disabled,Disabled,Disabled,Disabled,,,,,All,,NA,,NA,NA
"Personal Documents",personal_documents,17,"Personal Card (PEN) (Bulgaria)",bulgaria_personal_card,278,No,,,,Disabled,ALL,,,Disabled,Disabled,N.A,Disabled,,Disabled,,Disabled,,,"Admin|Self|HRBP|Deepta Mathur Employee Data View||Jennifer Employee Data View & Onboarding","Admin|HRBP|Deepta Mathur Employee Data View||Jennifer Employee Data View & Onboarding","Admin|HRBP|Deepta Mathur Employee Data View||Jennifer Employee Data View & Onboarding",Admin,"Admin|Self|HRBP|Deepta Mathur Employee Data View||Jennifer Employee Data View & Onboarding",,,Disabled,Disabled,,Disabled,Disabled,Disabled,Disabled,Disabled,Disabled,Disabled,Disabled,Disabled,Disabled,Disabled,,,,,All,,NA,,NA,NA
"Personal Documents",personal_documents,17,"Uniform Civil Number (EGN) (Bulgaria)",bulgaria_uniform_civil_card,279,No,,,,Disabled,ALL,,,Disabled,Disabled,N.A,Disabled,,Disabled,,Disabled,,,"Admin|Self|HRBP|Deepta Mathur Employee Data View||Jennifer Employee Data View & Onboarding","Admin|HRBP|Deepta Mathur Employee Data View||Jennifer Employee Data View & Onboarding","Admin|HRBP|Deepta Mathur Employee Data View||Jennifer Employee Data View & Onboarding",Admin,"Admin|Self|HRBP|Deepta Mathur Employee Data View||Jennifer Employee Data View & Onboarding",,,Disabled,Disabled,,Disabled,Disabled,Disabled,Disabled,Disabled,Disabled,Disabled,Disabled,Disabled,Disabled,Disabled,,,,,All,,NA,,NA,NA
"Personal Documents",personal_documents,17,"National ID Card Number (Burundi)",burundi_national_id_card,280,No,,,,Disabled,ALL,,,Disabled,Disabled,N.A,Disabled,,Disabled,,Disabled,,,"Admin|Self|HRBP|Deepta Mathur Employee Data View||Jennifer Employee Data View & Onboarding","Admin|HRBP|Deepta Mathur Employee Data View||Jennifer Employee Data View & Onboarding","Admin|HRBP|Deepta Mathur Employee Data View||Jennifer Employee Data View & Onboarding",Admin,"Admin|Self|HRBP|Deepta Mathur Employee Data View||Jennifer Employee Data View & Onboarding",,,Disabled,Disabled,,Disabled,Disabled,Disabled,Disabled,Disabled,Disabled,Disabled,Disabled,Disabled,Disabled,Disabled,,,,,All,,NA,,NA,NA
"Personal Documents",personal_documents,17,"Social Insurance Number (SIN) Card (Canada)",canada_social_insurance_card,282,No,,,,Disabled,ALL,,,Disabled,Disabled,N.A,Disabled,,Disabled,,Disabled,,,"Admin|Self|HRBP|Deepta Mathur Employee Data View||Jennifer Employee Data View & Onboarding","Admin|HRBP|Deepta Mathur Employee Data View||Jennifer Employee Data View & Onboarding","Admin|HRBP|Deepta Mathur Employee Data View||Jennifer Employee Data View & Onboarding",Admin,"Admin|Self|HRBP|Deepta Mathur Employee Data View||Jennifer Employee Data View & Onboarding",,,Disabled,Disabled,,Disabled,Disabled,Disabled,Disabled,Disabled,Disabled,Disabled,Disabled,Disabled,Disabled,Disabled,,,,,All,,NA,,NA,NA
"Personal Documents",personal_documents,17,"Citizen ID Number (China)",china_citizen_id_card,283,No,,,,Disabled,ALL,,,Disabled,Disabled,N.A,Disabled,,Disabled,,Disabled,,,"Admin|Self|HRBP|Deepta Mathur Employee Data View||Jennifer Employee Data View & Onboarding","Admin|HRBP|Deepta Mathur Employee Data View||Jennifer Employee Data View & Onboarding","Admin|HRBP|Deepta Mathur Employee Data View||Jennifer Employee Data View & Onboarding",Admin,"Admin|Self|HRBP|Deepta Mathur Employee Data View||Jennifer Employee Data View & Onboarding",,,Disabled,Disabled,,Disabled,Disabled,Disabled,Disabled,Disabled,Disabled,Disabled,Disabled,Disabled,Disabled,Disabled,,,,,All,,NA,,NA,NA
"Personal Documents",personal_documents,17,"Central Person Register Number (CPR Nr) (Denmark)",denmark_central_register_card,284,No,,,,Disabled,ALL,,,Disabled,Disabled,N.A,Disabled,,Disabled,,Disabled,,,"Admin|Self|HRBP|Deepta Mathur Employee Data View||Jennifer Employee Data View & Onboarding","Admin|HRBP|Deepta Mathur Employee Data View||Jennifer Employee Data View & Onboarding","Admin|HRBP|Deepta Mathur Employee Data View||Jennifer Employee Data View & Onboarding",Admin,"Admin|Self|HRBP|Deepta Mathur Employee Data View||Jennifer Employee Data View & Onboarding",,,Disabled,Disabled,,Disabled,Disabled,Disabled,Disabled,Disabled,Disabled,Disabled,Disabled,Disabled,Disabled,Disabled,,,,,All,,NA,,NA,NA
"Personal Documents",personal_documents,17,"Personal ID (Henkilötunnus) (Finland)",finland_personal_id_card,285,No,,,,Disabled,ALL,,,Disabled,Disabled,N.A,Disabled,,Disabled,,Disabled,,,"Admin|Self|HRBP|Deepta Mathur Employee Data View||Jennifer Employee Data View & Onboarding","Admin|HRBP|Deepta Mathur Employee Data View||Jennifer Employee Data View & Onboarding","Admin|HRBP|Deepta Mathur Employee Data View||Jennifer Employee Data View & Onboarding",Admin,"Admin|Self|HRBP|Deepta Mathur Employee Data View||Jennifer Employee Data View & Onboarding",,,Disabled,Disabled,,Disabled,Disabled,Disabled,Disabled,Disabled,Disabled,Disabled,Disabled,Disabled,Disabled,Disabled,,,,,All,,NA,,NA,NA
"Personal Documents",personal_documents,17,"Tax Card (Finland)",finland_tax_card,286,No,,,,Disabled,ALL,,,Disabled,Disabled,N.A,Disabled,,Disabled,,Disabled,,,"Admin|Self|HRBP|Deepta Mathur Employee Data View||Jennifer Employee Data View & Onboarding","Admin|HRBP|Deepta Mathur Employee Data View||Jennifer Employee Data View & Onboarding","Admin|HRBP|Deepta Mathur Employee Data View||Jennifer Employee Data View & Onboarding",Admin,"Admin|Self|HRBP|Deepta Mathur Employee Data View||Jennifer Employee Data View & Onboarding",,,Disabled,Disabled,,Disabled,Disabled,Disabled,Disabled,Disabled,Disabled,Disabled,Disabled,Disabled,Disabled,Disabled,,,,,All,,NA,,NA,NA
"Personal Documents",personal_documents,17,"National Identity Card (CNI) (France)",france_national_id_card,287,No,,,,Disabled,ALL,,,Disabled,Disabled,N.A,Disabled,,Disabled,,Disabled,,,"Admin|Self|HRBP|Deepta Mathur Employee Data View||Jennifer Employee Data View & Onboarding","Admin|HRBP|Deepta Mathur Employee Data View||Jennifer Employee Data View & Onboarding","Admin|HRBP|Deepta Mathur Employee Data View||Jennifer Employee Data View & Onboarding",Admin,"Admin|Self|HRBP|Deepta Mathur Employee Data View||Jennifer Employee Data View & Onboarding",,,Disabled,Disabled,,Disabled,Disabled,Disabled,Disabled,Disabled,Disabled,Disabled,Disabled,Disabled,Disabled,Disabled,,,,,All,,NA,,NA,NA
"Personal Documents",personal_documents,17,"Social Security ID (INSEE) Number card (France)",france_social_security_id_card,288,No,,,,Disabled,ALL,,,Disabled,Disabled,N.A,Disabled,,Disabled,,Disabled,,,"Admin|Self|HRBP|Deepta Mathur Employee Data View||Jennifer Employee Data View & Onboarding","Admin|HRBP|Deepta Mathur Employee Data View||Jennifer Employee Data View & Onboarding","Admin|HRBP|Deepta Mathur Employee Data View||Jennifer Employee Data View & Onboarding",Admin,"Admin|Self|HRBP|Deepta Mathur Employee Data View||Jennifer Employee Data View & Onboarding",,,Disabled,Disabled,,Disabled,Disabled,Disabled,Disabled,Disabled,Disabled,Disabled,Disabled,Disabled,Disabled,Disabled,,,,,All,,NA,,NA,NA
"Personal Documents",personal_documents,17,"My Dossier Number (DN) (French Polynesia)",french_polynesia_dossier_card,289,No,,,,Disabled,ALL,,,Disabled,Disabled,N.A,Disabled,,Disabled,,Disabled,,,"Admin|Self|HRBP|Deepta Mathur Employee Data View||Jennifer Employee Data View & Onboarding","Admin|HRBP|Deepta Mathur Employee Data View||Jennifer Employee Data View & Onboarding","Admin|HRBP|Deepta Mathur Employee Data View||Jennifer Employee Data View & Onboarding",Admin,"Admin|Self|HRBP|Deepta Mathur Employee Data View||Jennifer Employee Data View & Onboarding",,,Disabled,Disabled,,Disabled,Disabled,Disabled,Disabled,Disabled,Disabled,Disabled,Disabled,Disabled,Disabled,Disabled,,,,,All,,NA,,NA,NA
"Personal Documents",personal_documents,17,"Personal Number card (Georgia)",georgia_personal_card,290,No,,,,Disabled,ALL,,,Disabled,Disabled,N.A,Disabled,,Disabled,,Disabled,,,"Admin|Self|HRBP|Deepta Mathur Employee Data View||Jennifer Employee Data View & Onboarding","Admin|HRBP|Deepta Mathur Employee Data View||Jennifer Employee Data View & Onboarding","Admin|HRBP|Deepta Mathur Employee Data View||Jennifer Employee Data View & Onboarding",Admin,"Admin|Self|HRBP|Deepta Mathur Employee Data View||Jennifer Employee Data View & Onboarding",,,Disabled,Disabled,,Disabled,Disabled,Disabled,Disabled,Disabled,Disabled,Disabled,Disabled,Disabled,Disabled,Disabled,,,,,All,,NA,,NA,NA
"Personal Documents",personal_documents,17,"Residence Card Number (Georgia)",georgia_residence_card,291,No,,,,Disabled,ALL,,,Disabled,Disabled,N.A,Disabled,,Disabled,,Disabled,,,"Admin|Self|HRBP|Deepta Mathur Employee Data View||Jennifer Employee Data View & Onboarding","Admin|HRBP|Deepta Mathur Employee Data View||Jennifer Employee Data View & Onboarding","Admin|HRBP|Deepta Mathur Employee Data View||Jennifer Employee Data View & Onboarding",Admin,"Admin|Self|HRBP|Deepta Mathur Employee Data View||Jennifer Employee Data View & Onboarding",,,Disabled,Disabled,,Disabled,Disabled,Disabled,Disabled,Disabled,Disabled,Disabled,Disabled,Disabled,Disabled,Disabled,,,,,All,,NA,,NA,NA
"Personal Documents",personal_documents,17,"Personal Identity Card (PID) (Germany)",germany_personal_identity_card,292,No,,,,Disabled,ALL,,,Disabled,Disabled,N.A,Disabled,,Disabled,,Disabled,,,"Admin|Self|HRBP|Deepta Mathur Employee Data View||Jennifer Employee Data View & Onboarding","Admin|HRBP|Deepta Mathur Employee Data View||Jennifer Employee Data View & Onboarding","Admin|HRBP|Deepta Mathur Employee Data View||Jennifer Employee Data View & Onboarding",Admin,"Admin|Self|HRBP|Deepta Mathur Employee Data View||Jennifer Employee Data View & Onboarding",,,Disabled,Disabled,,Disabled,Disabled,Disabled,Disabled,Disabled,Disabled,Disabled,Disabled,Disabled,Disabled,Disabled,,,,,All,,NA,,NA,NA
"Personal Documents",personal_documents,17,"Social Insurance Number (SVNR) Card (Germany)",germany_social_insurance_card,293,No,,,,Disabled,ALL,,,Disabled,Disabled,N.A,Disabled,,Disabled,,Disabled,,,"Admin|Self|HRBP|Deepta Mathur Employee Data View||Jennifer Employee Data View & Onboarding","Admin|HRBP|Deepta Mathur Employee Data View||Jennifer Employee Data View & Onboarding","Admin|HRBP|Deepta Mathur Employee Data View||Jennifer Employee Data View & Onboarding",Admin,"Admin|Self|HRBP|Deepta Mathur Employee Data View||Jennifer Employee Data View & Onboarding",,,Disabled,Disabled,,Disabled,Disabled,Disabled,Disabled,Disabled,Disabled,Disabled,Disabled,Disabled,Disabled,Disabled,,,,,All,,NA,,NA,NA
"Personal Documents",personal_documents,17,"Tax ID (Steuer-IdNr) Card (Germany)",germany_tax_id_card,294,No,,,,Disabled,ALL,,,Disabled,Disabled,N.A,Disabled,,Disabled,,Disabled,,,"Admin|Self|HRBP|Deepta Mathur Employee Data View||Jennifer Employee Data View & Onboarding","Admin|HRBP|Deepta Mathur Employee Data View||Jennifer Employee Data View & Onboarding","Admin|HRBP|Deepta Mathur Employee Data View||Jennifer Employee Data View & Onboarding",Admin,"Admin|Self|HRBP|Deepta Mathur Employee Data View||Jennifer Employee Data View & Onboarding",,,Disabled,Disabled,,Disabled,Disabled,Disabled,Disabled,Disabled,Disabled,Disabled,Disabled,Disabled,Disabled,Disabled,,,,,All,,NA,,NA,NA
"Personal Documents",personal_documents,17,"IKA Registration Number Card (Greece)",greece_ika_registration_card,296,No,,,,Disabled,ALL,,,Disabled,Disabled,N.A,Disabled,,Disabled,,Disabled,,,"Admin|Self|HRBP|Deepta Mathur Employee Data View||Jennifer Employee Data View & Onboarding","Admin|HRBP|Deepta Mathur Employee Data View||Jennifer Employee Data View & Onboarding","Admin|HRBP|Deepta Mathur Employee Data View||Jennifer Employee Data View & Onboarding",Admin,"Admin|Self|HRBP|Deepta Mathur Employee Data View||Jennifer Employee Data View & Onboarding",,,Disabled,Disabled,,Disabled,Disabled,Disabled,Disabled,Disabled,Disabled,Disabled,Disabled,Disabled,Disabled,Disabled,,,,,All,,NA,,NA,NA
"Personal Documents",personal_documents,17,"Investor Share Code in DSS Card (Greece)",greece_investor_share_card,297,No,,,,Disabled,ALL,,,Disabled,Disabled,N.A,Disabled,,Disabled,,Disabled,,,"Admin|Self|HRBP|Deepta Mathur Employee Data View||Jennifer Employee Data View & Onboarding","Admin|HRBP|Deepta Mathur Employee Data View||Jennifer Employee Data View & Onboarding","Admin|HRBP|Deepta Mathur Employee Data View||Jennifer Employee Data View & Onboarding",Admin,"Admin|Self|HRBP|Deepta Mathur Employee Data View||Jennifer Employee Data View & Onboarding",,,Disabled,Disabled,,Disabled,Disabled,Disabled,Disabled,Disabled,Disabled,Disabled,Disabled,Disabled,Disabled,Disabled,,,,,All,,NA,,NA,NA
"Personal Documents",personal_documents,17,"National Identity Card Card (Greece)",greece_national_identity_card,298,No,,,,Disabled,ALL,,,Disabled,Disabled,N.A,Disabled,,Disabled,,Disabled,,,"Admin|Self|HRBP|Deepta Mathur Employee Data View||Jennifer Employee Data View & Onboarding","Admin|HRBP|Deepta Mathur Employee Data View||Jennifer Employee Data View & Onboarding","Admin|HRBP|Deepta Mathur Employee Data View||Jennifer Employee Data View & Onboarding",Admin,"Admin|Self|HRBP|Deepta Mathur Employee Data View||Jennifer Employee Data View & Onboarding",,,Disabled,Disabled,,Disabled,Disabled,Disabled,Disabled,Disabled,Disabled,Disabled,Disabled,Disabled,Disabled,Disabled,,,,,All,,NA,,NA,NA
"Personal Documents",personal_documents,17,"Social Security Number (AMKA) Card (Greece)",greece_social_security_card,299,No,,,,Disabled,ALL,,,Disabled,Disabled,N.A,Disabled,,Disabled,,Disabled,,,"Admin|Self|HRBP|Deepta Mathur Employee Data View||Jennifer Employee Data View & Onboarding","Admin|HRBP|Deepta Mathur Employee Data View||Jennifer Employee Data View & Onboarding","Admin|HRBP|Deepta Mathur Employee Data View||Jennifer Employee Data View & Onboarding",Admin,"Admin|Self|HRBP|Deepta Mathur Employee Data View||Jennifer Employee Data View & Onboarding",,,Disabled,Disabled,,Disabled,Disabled,Disabled,Disabled,Disabled,Disabled,Disabled,Disabled,Disabled,Disabled,Disabled,,,,,All,,NA,,NA,NA
"Personal Documents",personal_documents,17,"Tax Registration Number (ΑΦΜ) Card (Greece)",greece_tax_registration_card,300,No,,,,Disabled,ALL,,,Disabled,Disabled,N.A,Disabled,,Disabled,,Disabled,,,"Admin|Self|HRBP|Deepta Mathur Employee Data View||Jennifer Employee Data View & Onboarding","Admin|HRBP|Deepta Mathur Employee Data View||Jennifer Employee Data View & Onboarding","Admin|HRBP|Deepta Mathur Employee Data View||Jennifer Employee Data View & Onboarding",Admin,"Admin|Self|HRBP|Deepta Mathur Employee Data View||Jennifer Employee Data View & Onboarding",,,Disabled,Disabled,,Disabled,Disabled,Disabled,Disabled,Disabled,Disabled,Disabled,Disabled,Disabled,Disabled,Disabled,,,,,All,,NA,,NA,NA
"Personal Documents",personal_documents,17,"HKID Number Card (Hong Kong)",hong_kong_hkid_card,301,No,,,,Disabled,ALL,,,Disabled,Disabled,N.A,Disabled,,Disabled,,Disabled,,,"Admin|Self|HRBP|Deepta Mathur Employee Data View||Jennifer Employee Data View & Onboarding","Admin|HRBP|Deepta Mathur Employee Data View||Jennifer Employee Data View & Onboarding","Admin|HRBP|Deepta Mathur Employee Data View||Jennifer Employee Data View & Onboarding",Admin,"Admin|Self|HRBP|Deepta Mathur Employee Data View||Jennifer Employee Data View & Onboarding",,,Disabled,Disabled,,Disabled,Disabled,Disabled,Disabled,Disabled,Disabled,Disabled,Disabled,Disabled,Disabled,Disabled,,,,,All,,NA,,NA,NA
"Personal Documents",personal_documents,17,"MPF (Mandatory Provident Fund) Account Number Card (Hong Kong)",hong_kong_mpf_account_card,302,No,,,,Disabled,ALL,,,Disabled,Disabled,N.A,Disabled,,Disabled,,Disabled,,,"Admin|Self|HRBP|Deepta Mathur Employee Data View||Jennifer Employee Data View & Onboarding","Admin|HRBP|Deepta Mathur Employee Data View||Jennifer Employee Data View & Onboarding","Admin|HRBP|Deepta Mathur Employee Data View||Jennifer Employee Data View & Onboarding",Admin,"Admin|Self|HRBP|Deepta Mathur Employee Data View||Jennifer Employee Data View & Onboarding",,,Disabled,Disabled,,Disabled,Disabled,Disabled,Disabled,Disabled,Disabled,Disabled,Disabled,Disabled,Disabled,Disabled,,,,,All,,NA,,NA,NA
"Personal Documents",personal_documents,17,"EPF Number card(India)",india_epf_card,304,No,,,,Disabled,ALL,,,Disabled,Disabled,N.A,Disabled,,Disabled,,Disabled,,,"Admin|Self|HRBP|Deepta Mathur Employee Data View||Jennifer Employee Data View & Onboarding","Admin|HRBP|Deepta Mathur Employee Data View||Jennifer Employee Data View & Onboarding","Admin|HRBP|Deepta Mathur Employee Data View||Jennifer Employee Data View & Onboarding",Admin,"Admin|Self|HRBP|Deepta Mathur Employee Data View||Jennifer Employee Data View & Onboarding",,,Disabled,Disabled,,Disabled,Disabled,Disabled,Disabled,Disabled,Disabled,Disabled,Disabled,Disabled,Disabled,Disabled,,,,,All,,NA,,NA,NA
"Personal Documents",personal_documents,17,"ESIC Insurance Number Card (India)",india_esic_insurance_card,305,No,,,,Disabled,ALL,,,Disabled,Disabled,N.A,Disabled,,Disabled,,Disabled,,,"Admin|Self|HRBP|Deepta Mathur Employee Data View||Jennifer Employee Data View & Onboarding","Admin|HRBP|Deepta Mathur Employee Data View||Jennifer Employee Data View & Onboarding","Admin|HRBP|Deepta Mathur Employee Data View||Jennifer Employee Data View & Onboarding",Admin,"Admin|Self|HRBP|Deepta Mathur Employee Data View||Jennifer Employee Data View & Onboarding",,,Disabled,Disabled,,Disabled,Disabled,Disabled,Disabled,Disabled,Disabled,Disabled,Disabled,Disabled,Disabled,Disabled,,,,,All,,NA,,NA,NA
"Personal Documents",personal_documents,17,"Permanent Retirement Account Number (PRAN) Card (India)",india_pran_card,308,No,,,,Disabled,ALL,,,Disabled,Disabled,N.A,Disabled,,Disabled,,Disabled,,,"Admin|Self|HRBP|Deepta Mathur Employee Data View||Jennifer Employee Data View & Onboarding","Admin|HRBP|Deepta Mathur Employee Data View||Jennifer Employee Data View & Onboarding","Admin|HRBP|Deepta Mathur Employee Data View||Jennifer Employee Data View & Onboarding",Admin,"Admin|Self|HRBP|Deepta Mathur Employee Data View||Jennifer Employee Data View & Onboarding",,,Disabled,Disabled,,Disabled,Disabled,Disabled,Disabled,Disabled,Disabled,Disabled,Disabled,Disabled,Disabled,Disabled,,,,,All,,NA,,NA,NA
"Personal Documents",personal_documents,17,"Universal Account Number Card (India)",india_universal_account_card,309,No,,,,Disabled,ALL,,,Disabled,Disabled,N.A,Disabled,,Disabled,,Disabled,,,"Admin|Self|HRBP|Deepta Mathur Employee Data View||Jennifer Employee Data View & Onboarding","Admin|HRBP|Deepta Mathur Employee Data View||Jennifer Employee Data View & Onboarding","Admin|HRBP|Deepta Mathur Employee Data View||Jennifer Employee Data View & Onboarding",Admin,"Admin|Self|HRBP|Deepta Mathur Employee Data View||Jennifer Employee Data View & Onboarding",,,Disabled,Disabled,,Disabled,Disabled,Disabled,Disabled,Disabled,Disabled,Disabled,Disabled,Disabled,Disabled,Disabled,,,,,All,,NA,,NA,NA
"Personal Documents",personal_documents,17,"Identity Card (KTP) Number Card (Indonesia)",indonesia_identity_card,311,No,,,,Disabled,ALL,,,Disabled,Disabled,N.A,Disabled,,Disabled,,Disabled,,,"Admin|Self|HRBP|Deepta Mathur Employee Data View||Jennifer Employee Data View & Onboarding","Admin|HRBP|Deepta Mathur Employee Data View||Jennifer Employee Data View & Onboarding","Admin|HRBP|Deepta Mathur Employee Data View||Jennifer Employee Data View & Onboarding",Admin,"Admin|Self|HRBP|Deepta Mathur Employee Data View||Jennifer Employee Data View & Onboarding",,,Disabled,Disabled,,Disabled,Disabled,Disabled,Disabled,Disabled,Disabled,Disabled,Disabled,Disabled,Disabled,Disabled,,,,,All,,NA,,NA,NA
"Personal Documents",personal_documents,17,"National ID Number Card (Iran)",iran_national_id_card,312,No,,,,Disabled,ALL,,,Disabled,Disabled,N.A,Disabled,,Disabled,,Disabled,,,"Admin|Self|HRBP|Deepta Mathur Employee Data View||Jennifer Employee Data View & Onboarding","Admin|HRBP|Deepta Mathur Employee Data View||Jennifer Employee Data View & Onboarding","Admin|HRBP|Deepta Mathur Employee Data View||Jennifer Employee Data View & Onboarding",Admin,"Admin|Self|HRBP|Deepta Mathur Employee Data View||Jennifer Employee Data View & Onboarding",,,Disabled,Disabled,,Disabled,Disabled,Disabled,Disabled,Disabled,Disabled,Disabled,Disabled,Disabled,Disabled,Disabled,,,,,All,,NA,,NA,NA
"Personal Documents",personal_documents,17,"Civil ID Number Card (Iraq)",iraq_civil_id_card,313,No,,,,Disabled,ALL,,,Disabled,Disabled,N.A,Disabled,,Disabled,,Disabled,,,"Admin|Self|HRBP|Deepta Mathur Employee Data View||Jennifer Employee Data View & Onboarding","Admin|HRBP|Deepta Mathur Employee Data View||Jennifer Employee Data View & Onboarding","Admin|HRBP|Deepta Mathur Employee Data View||Jennifer Employee Data View & Onboarding",Admin,"Admin|Self|HRBP|Deepta Mathur Employee Data View||Jennifer Employee Data View & Onboarding",,,Disabled,Disabled,,Disabled,Disabled,Disabled,Disabled,Disabled,Disabled,Disabled,Disabled,Disabled,Disabled,Disabled,,,,,All,,NA,,NA,NA
"Personal Documents",personal_documents,17,"Personal Public Service Number (PPS no) Card (Ireland)",ireland_public_service_card,314,No,,,,Disabled,ALL,,,Disabled,Disabled,N.A,Disabled,,Disabled,,Disabled,,,"Admin|Self|HRBP|Deepta Mathur Employee Data View||Jennifer Employee Data View & Onboarding","Admin|HRBP|Deepta Mathur Employee Data View||Jennifer Employee Data View & Onboarding","Admin|HRBP|Deepta Mathur Employee Data View||Jennifer Employee Data View & Onboarding",Admin,"Admin|Self|HRBP|Deepta Mathur Employee Data View||Jennifer Employee Data View & Onboarding",,,Disabled,Disabled,,Disabled,Disabled,Disabled,Disabled,Disabled,Disabled,Disabled,Disabled,Disabled,Disabled,Disabled,,,,,All,,NA,,NA,NA
"Personal Documents",personal_documents,17,"ID Number Card (Israel)",israel_id_card,315,No,,,,Disabled,ALL,,,Disabled,Disabled,N.A,Disabled,,Disabled,,Disabled,,,"Admin|Self|HRBP|Deepta Mathur Employee Data View||Jennifer Employee Data View & Onboarding","Admin|HRBP|Deepta Mathur Employee Data View||Jennifer Employee Data View & Onboarding","Admin|HRBP|Deepta Mathur Employee Data View||Jennifer Employee Data View & Onboarding",Admin,"Admin|Self|HRBP|Deepta Mathur Employee Data View||Jennifer Employee Data View & Onboarding",,,Disabled,Disabled,,Disabled,Disabled,Disabled,Disabled,Disabled,Disabled,Disabled,Disabled,Disabled,Disabled,Disabled,,,,,All,,NA,,NA,NA
"Personal Documents",personal_documents,17,"Accident Insurance Number (INAIL) Card (Italy)",italy_id_card,316,No,,,,Disabled,ALL,,,Disabled,Disabled,N.A,Disabled,,Disabled,,Disabled,,,"Admin|Self|HRBP|Deepta Mathur Employee Data View||Jennifer Employee Data View & Onboarding","Admin|HRBP|Deepta Mathur Employee Data View||Jennifer Employee Data View & Onboarding","Admin|HRBP|Deepta Mathur Employee Data View||Jennifer Employee Data View & Onboarding",Admin,"Admin|Self|HRBP|Deepta Mathur Employee Data View||Jennifer Employee Data View & Onboarding",,,Disabled,Disabled,,Disabled,Disabled,Disabled,Disabled,Disabled,Disabled,Disabled,Disabled,Disabled,Disabled,Disabled,,,,,All,,NA,,NA,NA
"Personal Documents",personal_documents,17,"Executive Pension (INPDAI) Number Card (Italy)",italy_pension_card,317,No,,,,Disabled,ALL,,,Disabled,Disabled,N.A,Disabled,,Disabled,,Disabled,,,"Admin|Self|HRBP|Deepta Mathur Employee Data View||Jennifer Employee Data View & Onboarding","Admin|HRBP|Deepta Mathur Employee Data View||Jennifer Employee Data View & Onboarding","Admin|HRBP|Deepta Mathur Employee Data View||Jennifer Employee Data View & Onboarding",Admin,"Admin|Self|HRBP|Deepta Mathur Employee Data View||Jennifer Employee Data View & Onboarding",,,Disabled,Disabled,,Disabled,Disabled,Disabled,Disabled,Disabled,Disabled,Disabled,Disabled,Disabled,Disabled,Disabled,,,,,All,,NA,,NA,NA
"Personal Documents",personal_documents,17,"Fiscal Code (CF) Card (Italy)",italy_fiscal_card,318,No,,,,Disabled,ALL,,,Disabled,Disabled,N.A,Disabled,,Disabled,,Disabled,,,"Admin|Self|HRBP|Deepta Mathur Employee Data View||Jennifer Employee Data View & Onboarding","Admin|HRBP|Deepta Mathur Employee Data View||Jennifer Employee Data View & Onboarding","Admin|HRBP|Deepta Mathur Employee Data View||Jennifer Employee Data View & Onboarding",Admin,"Admin|Self|HRBP|Deepta Mathur Employee Data View||Jennifer Employee Data View & Onboarding",,,Disabled,Disabled,,Disabled,Disabled,Disabled,Disabled,Disabled,Disabled,Disabled,Disabled,Disabled,Disabled,Disabled,,,,,All,,NA,,NA,NA
"Personal Documents",personal_documents,17,"Identity Card Number (CID) (Italy)",italy_cid_card,319,No,,,,Disabled,ALL,,,Disabled,Disabled,N.A,Disabled,,Disabled,,Disabled,,,"Admin|Self|HRBP|Deepta Mathur Employee Data View||Jennifer Employee Data View & Onboarding","Admin|HRBP|Deepta Mathur Employee Data View||Jennifer Employee Data View & Onboarding","Admin|HRBP|Deepta Mathur Employee Data View||Jennifer Employee Data View & Onboarding",Admin,"Admin|Self|HRBP|Deepta Mathur Employee Data View||Jennifer Employee Data View & Onboarding",,,Disabled,Disabled,,Disabled,Disabled,Disabled,Disabled,Disabled,Disabled,Disabled,Disabled,Disabled,Disabled,Disabled,,,,,All,,NA,,NA,NA
"Personal Documents",personal_documents,17,"Supplemental Pension Number (PREVINDAI) (Italy)",italy_previndai_card,320,No,,,,Disabled,ALL,,,Disabled,Disabled,N.A,Disabled,,Disabled,,Disabled,,,"Admin|Self|HRBP|Deepta Mathur Employee Data View||Jennifer Employee Data View & Onboarding","Admin|HRBP|Deepta Mathur Employee Data View||Jennifer Employee Data View & Onboarding","Admin|HRBP|Deepta Mathur Employee Data View||Jennifer Employee Data View & Onboarding",Admin,"Admin|Self|HRBP|Deepta Mathur Employee Data View||Jennifer Employee Data View & Onboarding",,,Disabled,Disabled,,Disabled,Disabled,Disabled,Disabled,Disabled,Disabled,Disabled,Disabled,Disabled,Disabled,Disabled,,,,,All,,NA,,NA,NA
"Personal Documents",personal_documents,17,"Employees’ Pension Insurance Reference Number of the Insured (Kosei Nenkin Hoken Hihokensha Seiri Bango) Card (Japan)",japan_pension_insurance_card,322,No,,,,Disabled,ALL,,,Disabled,Disabled,N.A,Disabled,,Disabled,,Disabled,,,"Admin|Self|HRBP|Deepta Mathur Employee Data View||Jennifer Employee Data View & Onboarding","Admin|HRBP|Deepta Mathur Employee Data View||Jennifer Employee Data View & Onboarding","Admin|HRBP|Deepta Mathur Employee Data View||Jennifer Employee Data View & Onboarding",Admin,"Admin|Self|HRBP|Deepta Mathur Employee Data View||Jennifer Employee Data View & Onboarding",,,Disabled,Disabled,,Disabled,Disabled,Disabled,Disabled,Disabled,Disabled,Disabled,Disabled,Disabled,Disabled,Disabled,,,,,All,,NA,,NA,NA
"Personal Documents",personal_documents,17,"Employment Insurance Number (Koyou Hoken Hihokensha Bango) Card (Japan)",japan_insurance_card,323,No,,,,Disabled,ALL,,,Disabled,Disabled,N.A,Disabled,,Disabled,,Disabled,,,"Admin|Self|HRBP|Deepta Mathur Employee Data View||Jennifer Employee Data View & Onboarding","Admin|HRBP|Deepta Mathur Employee Data View||Jennifer Employee Data View & Onboarding","Admin|HRBP|Deepta Mathur Employee Data View||Jennifer Employee Data View & Onboarding",Admin,"Admin|Self|HRBP|Deepta Mathur Employee Data View||Jennifer Employee Data View & Onboarding",,,Disabled,Disabled,,Disabled,Disabled,Disabled,Disabled,Disabled,Disabled,Disabled,Disabled,Disabled,Disabled,Disabled,,,,,All,,NA,,NA,NA
"Personal Documents",personal_documents,17,"Health Insurance Number (Kenko Hoken Bango) Card (Japan)",japan_health_insurance_card,324,No,,,,Disabled,ALL,,,Disabled,Disabled,N.A,Disabled,,Disabled,,Disabled,,,"Admin|Self|HRBP|Deepta Mathur Employee Data View||Jennifer Employee Data View & Onboarding","Admin|HRBP|Deepta Mathur Employee Data View||Jennifer Employee Data View & Onboarding","Admin|HRBP|Deepta Mathur Employee Data View||Jennifer Employee Data View & Onboarding",Admin,"Admin|Self|HRBP|Deepta Mathur Employee Data View||Jennifer Employee Data View & Onboarding",,,Disabled,Disabled,,Disabled,Disabled,Disabled,Disabled,Disabled,Disabled,Disabled,Disabled,Disabled,Disabled,Disabled,,,,,All,,NA,,NA,NA
"Personal Documents",personal_documents,17,"Individual Number (My Number) Card (Japan)",japan_individual_card,325,No,,,,Disabled,ALL,,,Disabled,Disabled,N.A,Disabled,,Disabled,,Disabled,,,"Admin|Self|HRBP|Deepta Mathur Employee Data View||Jennifer Employee Data View & Onboarding","Admin|HRBP|Deepta Mathur Employee Data View||Jennifer Employee Data View & Onboarding","Admin|HRBP|Deepta Mathur Employee Data View||Jennifer Employee Data View & Onboarding",Admin,"Admin|Self|HRBP|Deepta Mathur Employee Data View||Jennifer Employee Data View & Onboarding",,,Disabled,Disabled,,Disabled,Disabled,Disabled,Disabled,Disabled,Disabled,Disabled,Disabled,Disabled,Disabled,Disabled,,,,,All,,NA,,NA,NA
"Personal Documents",personal_documents,17,"National Pension Number (Kiso Nenkin Bango) Card (Japan)",japan_national_pension_card,326,No,,,,Disabled,ALL,,,Disabled,Disabled,N.A,Disabled,,Disabled,,Disabled,,,"Admin|Self|HRBP|Deepta Mathur Employee Data View||Jennifer Employee Data View & Onboarding","Admin|HRBP|Deepta Mathur Employee Data View||Jennifer Employee Data View & Onboarding","Admin|HRBP|Deepta Mathur Employee Data View||Jennifer Employee Data View & Onboarding",Admin,"Admin|Self|HRBP|Deepta Mathur Employee Data View||Jennifer Employee Data View & Onboarding",,,Disabled,Disabled,,Disabled,Disabled,Disabled,Disabled,Disabled,Disabled,Disabled,Disabled,Disabled,Disabled,Disabled,,,,,All,,NA,,NA,NA
"Personal Documents",personal_documents,17,"Resident (Zairyuu) Card (Japan)",japan_resident_card,328,No,,,,Disabled,ALL,,,Disabled,Disabled,N.A,Disabled,,Disabled,,Disabled,,,"Admin|Self|HRBP|Deepta Mathur Employee Data View||Jennifer Employee Data View & Onboarding","Admin|HRBP|Deepta Mathur Employee Data View||Jennifer Employee Data View & Onboarding","Admin|HRBP|Deepta Mathur Employee Data View||Jennifer Employee Data View & Onboarding",Admin,"Admin|Self|HRBP|Deepta Mathur Employee Data View||Jennifer Employee Data View & Onboarding",,,Disabled,Disabled,,Disabled,Disabled,Disabled,Disabled,Disabled,Disabled,Disabled,Disabled,Disabled,Disabled,Disabled,,,,,All,,NA,,NA,NA
"Personal Documents",personal_documents,17,"Welfare Pension Number (Kosei Nenkin Bango) (Japan)",japan_welfare_pension_card,330,No,,,,Disabled,ALL,,,Disabled,Disabled,N.A,Disabled,,Disabled,,Disabled,,,"Admin|Self|HRBP|Deepta Mathur Employee Data View||Jennifer Employee Data View & Onboarding","Admin|HRBP|Deepta Mathur Employee Data View||Jennifer Employee Data View & Onboarding","Admin|HRBP|Deepta Mathur Employee Data View||Jennifer Employee Data View & Onboarding",Admin,"Admin|Self|HRBP|Deepta Mathur Employee Data View||Jennifer Employee Data View & Onboarding",,,Disabled,Disabled,,Disabled,Disabled,Disabled,Disabled,Disabled,Disabled,Disabled,Disabled,Disabled,Disabled,Disabled,,,,,All,,NA,,NA,NA
"Personal Documents",personal_documents,17,"National Number (Jordan)",jordan_national_card,331,No,,,,Disabled,ALL,,,Disabled,Disabled,N.A,Disabled,,Disabled,,Disabled,,,"Admin|Self|HRBP|Deepta Mathur Employee Data View||Jennifer Employee Data View & Onboarding","Admin|HRBP|Deepta Mathur Employee Data View||Jennifer Employee Data View & Onboarding","Admin|HRBP|Deepta Mathur Employee Data View||Jennifer Employee Data View & Onboarding",Admin,"Admin|Self|HRBP|Deepta Mathur Employee Data View||Jennifer Employee Data View & Onboarding",,,Disabled,Disabled,,Disabled,Disabled,Disabled,Disabled,Disabled,Disabled,Disabled,Disabled,Disabled,Disabled,Disabled,,,,,All,,NA,,NA,NA
"Personal Documents",personal_documents,17,"Individual Identification Number Card (Kazakhstan)",kazakhstan_individual_id_card,332,No,,,,Disabled,ALL,,,Disabled,Disabled,N.A,Disabled,,Disabled,,Disabled,,,"Admin|Self|HRBP|Deepta Mathur Employee Data View||Jennifer Employee Data View & Onboarding","Admin|HRBP|Deepta Mathur Employee Data View||Jennifer Employee Data View & Onboarding","Admin|HRBP|Deepta Mathur Employee Data View||Jennifer Employee Data View & Onboarding",Admin,"Admin|Self|HRBP|Deepta Mathur Employee Data View||Jennifer Employee Data View & Onboarding",,,Disabled,Disabled,,Disabled,Disabled,Disabled,Disabled,Disabled,Disabled,Disabled,Disabled,Disabled,Disabled,Disabled,,,,,All,,NA,,NA,NA
"Personal Documents",personal_documents,17,"Alien Registration Number (ARN) Card (Korea, Republic of)",korea_alien_registration_id_card,333,No,,,,Disabled,ALL,,,Disabled,Disabled,N.A,Disabled,,Disabled,,Disabled,,,"Admin|Self|HRBP|Deepta Mathur Employee Data View||Jennifer Employee Data View & Onboarding","Admin|HRBP|Deepta Mathur Employee Data View||Jennifer Employee Data View & Onboarding","Admin|HRBP|Deepta Mathur Employee Data View||Jennifer Employee Data View & Onboarding",Admin,"Admin|Self|HRBP|Deepta Mathur Employee Data View||Jennifer Employee Data View & Onboarding",,,Disabled,Disabled,,Disabled,Disabled,Disabled,Disabled,Disabled,Disabled,Disabled,Disabled,Disabled,Disabled,Disabled,,,,,All,,NA,,NA,NA
"Personal Documents",personal_documents,17,"Resident Registration Number (RRN) (Korea, Republic of)",korea_registration_resident_card,334,No,,,,Disabled,ALL,,,Disabled,Disabled,N.A,Disabled,,Disabled,,Disabled,,,"Admin|Self|HRBP|Deepta Mathur Employee Data View||Jennifer Employee Data View & Onboarding","Admin|HRBP|Deepta Mathur Employee Data View||Jennifer Employee Data View & Onboarding","Admin|HRBP|Deepta Mathur Employee Data View||Jennifer Employee Data View & Onboarding",Admin,"Admin|Self|HRBP|Deepta Mathur Employee Data View||Jennifer Employee Data View & Onboarding",,,Disabled,Disabled,,Disabled,Disabled,Disabled,Disabled,Disabled,Disabled,Disabled,Disabled,Disabled,Disabled,Disabled,,,,,All,,NA,,NA,NA
"Personal Documents",personal_documents,17,"Civil ID Number Card (Kuwait)",Kuwait_civil_id_card,335,No,,,,Disabled,ALL,,,Disabled,Disabled,N.A,Disabled,,Disabled,,Disabled,,,"Admin|Self|HRBP|Deepta Mathur Employee Data View||Jennifer Employee Data View & Onboarding","Admin|HRBP|Deepta Mathur Employee Data View||Jennifer Employee Data View & Onboarding","Admin|HRBP|Deepta Mathur Employee Data View||Jennifer Employee Data View & Onboarding",Admin,"Admin|Self|HRBP|Deepta Mathur Employee Data View||Jennifer Employee Data View & Onboarding",,,Disabled,Disabled,,Disabled,Disabled,Disabled,Disabled,Disabled,Disabled,Disabled,Disabled,Disabled,Disabled,Disabled,,,,,All,,NA,,NA,NA
"Personal Documents",personal_documents,17,"Identity Card (Kyrgyzstan)",kyrgyzstan_identity_card,336,No,,,,Disabled,ALL,,,Disabled,Disabled,N.A,Disabled,,Disabled,,Disabled,,,"Admin|Self|HRBP|Deepta Mathur Employee Data View||Jennifer Employee Data View & Onboarding","Admin|HRBP|Deepta Mathur Employee Data View||Jennifer Employee Data View & Onboarding","Admin|HRBP|Deepta Mathur Employee Data View||Jennifer Employee Data View & Onboarding",Admin,"Admin|Self|HRBP|Deepta Mathur Employee Data View||Jennifer Employee Data View & Onboarding",,,Disabled,Disabled,,Disabled,Disabled,Disabled,Disabled,Disabled,Disabled,Disabled,Disabled,Disabled,Disabled,Disabled,,,,,All,,NA,,NA,NA
"Personal Documents",personal_documents,17,"Personal card (Latvia)",latvia_personal_card,337,No,,,,Disabled,ALL,,,Disabled,Disabled,N.A,Disabled,,Disabled,,Disabled,,,"Admin|Self|HRBP|Deepta Mathur Employee Data View||Jennifer Employee Data View & Onboarding","Admin|HRBP|Deepta Mathur Employee Data View||Jennifer Employee Data View & Onboarding","Admin|HRBP|Deepta Mathur Employee Data View||Jennifer Employee Data View & Onboarding",Admin,"Admin|Self|HRBP|Deepta Mathur Employee Data View||Jennifer Employee Data View & Onboarding",,,Disabled,Disabled,,Disabled,Disabled,Disabled,Disabled,Disabled,Disabled,Disabled,Disabled,Disabled,Disabled,Disabled,,,,,All,,NA,,NA,NA
"Personal Documents",personal_documents,17,"National Personal Identification Number (PEID) Card (Liechtenstein)",liechtenstein_personal_id_card,338,No,,,,Disabled,ALL,,,Disabled,Disabled,N.A,Disabled,,Disabled,,Disabled,,,"Admin|Self|HRBP|Deepta Mathur Employee Data View||Jennifer Employee Data View & Onboarding","Admin|HRBP|Deepta Mathur Employee Data View||Jennifer Employee Data View & Onboarding","Admin|HRBP|Deepta Mathur Employee Data View||Jennifer Employee Data View & Onboarding",Admin,"Admin|Self|HRBP|Deepta Mathur Employee Data View||Jennifer Employee Data View & Onboarding",,,Disabled,Disabled,,Disabled,Disabled,Disabled,Disabled,Disabled,Disabled,Disabled,Disabled,Disabled,Disabled,Disabled,,,,,All,,NA,,NA,NA
"Personal Documents",personal_documents,17,"Personal Code (Asmens kodas) Card(Lithuania)",lithuania_personal_card,339,No,,,,Disabled,ALL,,,Disabled,Disabled,N.A,Disabled,,Disabled,,Disabled,,,"Admin|Self|HRBP|Deepta Mathur Employee Data View||Jennifer Employee Data View & Onboarding","Admin|HRBP|Deepta Mathur Employee Data View||Jennifer Employee Data View & Onboarding","Admin|HRBP|Deepta Mathur Employee Data View||Jennifer Employee Data View & Onboarding",Admin,"Admin|Self|HRBP|Deepta Mathur Employee Data View||Jennifer Employee Data View & Onboarding",,,Disabled,Disabled,,Disabled,Disabled,Disabled,Disabled,Disabled,Disabled,Disabled,Disabled,Disabled,Disabled,Disabled,,,,,All,,NA,,NA,NA
"Personal Documents",personal_documents,17,"ASB Membership Number card (Malaysia)",malaysia_asb_membership_card,340,No,,,,Disabled,ALL,,,Disabled,Disabled,N.A,Disabled,,Disabled,,Disabled,,,"Admin|Self|HRBP|Deepta Mathur Employee Data View||Jennifer Employee Data View & Onboarding","Admin|HRBP|Deepta Mathur Employee Data View||Jennifer Employee Data View & Onboarding","Admin|HRBP|Deepta Mathur Employee Data View||Jennifer Employee Data View & Onboarding",Admin,"Admin|Self|HRBP|Deepta Mathur Employee Data View||Jennifer Employee Data View & Onboarding",,,Disabled,Disabled,,Disabled,Disabled,Disabled,Disabled,Disabled,Disabled,Disabled,Disabled,Disabled,Disabled,Disabled,,,,,All,,NA,,NA,NA
"Personal Documents",personal_documents,17,"PNB Number Card (Malaysia)",malaysia_pnb_card,341,No,,,,Disabled,ALL,,,Disabled,Disabled,N.A,Disabled,,Disabled,,Disabled,,,"Admin|Self|HRBP|Deepta Mathur Employee Data View||Jennifer Employee Data View & Onboarding","Admin|HRBP|Deepta Mathur Employee Data View||Jennifer Employee Data View & Onboarding","Admin|HRBP|Deepta Mathur Employee Data View||Jennifer Employee Data View & Onboarding",Admin,"Admin|Self|HRBP|Deepta Mathur Employee Data View||Jennifer Employee Data View & Onboarding",,,Disabled,Disabled,,Disabled,Disabled,Disabled,Disabled,Disabled,Disabled,Disabled,Disabled,Disabled,Disabled,Disabled,,,,,All,,NA,,NA,NA
"Personal Documents",personal_documents,17,"Provident Fund (KWSP) Number Card (Malaysia)",malaysia_provident_fund_card,342,No,,,,Disabled,ALL,,,Disabled,Disabled,N.A,Disabled,,Disabled,,Disabled,,,"Admin|Self|HRBP|Deepta Mathur Employee Data View||Jennifer Employee Data View & Onboarding","Admin|HRBP|Deepta Mathur Employee Data View||Jennifer Employee Data View & Onboarding","Admin|HRBP|Deepta Mathur Employee Data View||Jennifer Employee Data View & Onboarding",Admin,"Admin|Self|HRBP|Deepta Mathur Employee Data View||Jennifer Employee Data View & Onboarding",,,Disabled,Disabled,,Disabled,Disabled,Disabled,Disabled,Disabled,Disabled,Disabled,Disabled,Disabled,Disabled,Disabled,,,,,All,,NA,,NA,NA
"Personal Documents",personal_documents,17,"Tabung Haji Number Card (Malaysia)",malaysia_tabung_haji_card,343,No,,,,Disabled,ALL,,,Disabled,Disabled,N.A,Disabled,,Disabled,,Disabled,,,"Admin|Self|HRBP|Deepta Mathur Employee Data View||Jennifer Employee Data View & Onboarding","Admin|HRBP|Deepta Mathur Employee Data View||Jennifer Employee Data View & Onboarding","Admin|HRBP|Deepta Mathur Employee Data View||Jennifer Employee Data View & Onboarding",Admin,"Admin|Self|HRBP|Deepta Mathur Employee Data View||Jennifer Employee Data View & Onboarding",,,Disabled,Disabled,,Disabled,Disabled,Disabled,Disabled,Disabled,Disabled,Disabled,Disabled,Disabled,Disabled,Disabled,,,,,All,,NA,,NA,NA
"Personal Documents",personal_documents,17,"National ID Card (Maldives)",maldives_national_card,344,No,,,,Disabled,ALL,,,Disabled,Disabled,N.A,Disabled,,Disabled,,Disabled,,,"Admin|Self|HRBP|Deepta Mathur Employee Data View||Jennifer Employee Data View & Onboarding","Admin|HRBP|Deepta Mathur Employee Data View||Jennifer Employee Data View & Onboarding","Admin|HRBP|Deepta Mathur Employee Data View||Jennifer Employee Data View & Onboarding",Admin,"Admin|Self|HRBP|Deepta Mathur Employee Data View||Jennifer Employee Data View & Onboarding",,,Disabled,Disabled,,Disabled,Disabled,Disabled,Disabled,Disabled,Disabled,Disabled,Disabled,Disabled,Disabled,Disabled,,,,,All,,NA,,NA,NA
"Personal Documents",personal_documents,17,"Personal ID Code (CURP) Card (Mexico)",mexico_personal_card,345,No,,,,Disabled,ALL,,,Disabled,Disabled,N.A,Disabled,,Disabled,,Disabled,,,"Admin|Self|HRBP|Deepta Mathur Employee Data View||Jennifer Employee Data View & Onboarding","Admin|HRBP|Deepta Mathur Employee Data View||Jennifer Employee Data View & Onboarding","Admin|HRBP|Deepta Mathur Employee Data View||Jennifer Employee Data View & Onboarding",Admin,"Admin|Self|HRBP|Deepta Mathur Employee Data View||Jennifer Employee Data View & Onboarding",,,Disabled,Disabled,,Disabled,Disabled,Disabled,Disabled,Disabled,Disabled,Disabled,Disabled,Disabled,Disabled,Disabled,,,,,All,,NA,,NA,NA
"Personal Documents",personal_documents,17,"Residence Card (RC) (Mexico)",mexico_residence_card,346,No,,,,Disabled,ALL,,,Disabled,Disabled,N.A,Disabled,,Disabled,,Disabled,,,"Admin|Self|HRBP|Deepta Mathur Employee Data View||Jennifer Employee Data View & Onboarding","Admin|HRBP|Deepta Mathur Employee Data View||Jennifer Employee Data View & Onboarding","Admin|HRBP|Deepta Mathur Employee Data View||Jennifer Employee Data View & Onboarding",Admin,"Admin|Self|HRBP|Deepta Mathur Employee Data View||Jennifer Employee Data View & Onboarding",,,Disabled,Disabled,,Disabled,Disabled,Disabled,Disabled,Disabled,Disabled,Disabled,Disabled,Disabled,Disabled,Disabled,,,,,All,,NA,,NA,NA
"Personal Documents",personal_documents,17,"Social Security (IMSS) Number Card (Mexico)",mexico_social_security_card,347,No,,,,Disabled,ALL,,,Disabled,Disabled,N.A,Disabled,,Disabled,,Disabled,,,"Admin|Self|HRBP|Deepta Mathur Employee Data View||Jennifer Employee Data View & Onboarding","Admin|HRBP|Deepta Mathur Employee Data View||Jennifer Employee Data View & Onboarding","Admin|HRBP|Deepta Mathur Employee Data View||Jennifer Employee Data View & Onboarding",Admin,"Admin|Self|HRBP|Deepta Mathur Employee Data View||Jennifer Employee Data View & Onboarding",,,Disabled,Disabled,,Disabled,Disabled,Disabled,Disabled,Disabled,Disabled,Disabled,Disabled,Disabled,Disabled,Disabled,,,,,All,,NA,,NA,NA
"Personal Documents",personal_documents,17,"Taxpayer (RFC) Number Card (Mexico)",mexico_tax_payer_card,348,No,,,,Disabled,ALL,,,Disabled,Disabled,N.A,Disabled,,Disabled,,Disabled,,,"Admin|Self|HRBP|Deepta Mathur Employee Data View||Jennifer Employee Data View & Onboarding","Admin|HRBP|Deepta Mathur Employee Data View||Jennifer Employee Data View & Onboarding","Admin|HRBP|Deepta Mathur Employee Data View||Jennifer Employee Data View & Onboarding",Admin,"Admin|Self|HRBP|Deepta Mathur Employee Data View||Jennifer Employee Data View & Onboarding",,,Disabled,Disabled,,Disabled,Disabled,Disabled,Disabled,Disabled,Disabled,Disabled,Disabled,Disabled,Disabled,Disabled,,,,,All,,NA,,NA,NA
"Personal Documents",personal_documents,17,"Foreigner Registration Certificate (FRC) Card (Myanmar)",myanmar_foreigner_registration_card,349,No,,,,Disabled,ALL,,,Disabled,Disabled,N.A,Disabled,,Disabled,,Disabled,,,"Admin|Self|HRBP|Deepta Mathur Employee Data View||Jennifer Employee Data View & Onboarding","Admin|HRBP|Deepta Mathur Employee Data View||Jennifer Employee Data View & Onboarding","Admin|HRBP|Deepta Mathur Employee Data View||Jennifer Employee Data View & Onboarding",Admin,"Admin|Self|HRBP|Deepta Mathur Employee Data View||Jennifer Employee Data View & Onboarding",,,Disabled,Disabled,,Disabled,Disabled,Disabled,Disabled,Disabled,Disabled,Disabled,Disabled,Disabled,Disabled,Disabled,,,,,All,,NA,,NA,NA
"Personal Documents",personal_documents,17,"National Registration Card (NRC) Number Card (Myanmar)",myanmar_national_registration_card,350,No,,,,Disabled,ALL,,,Disabled,Disabled,N.A,Disabled,,Disabled,,Disabled,,,"Admin|Self|HRBP|Deepta Mathur Employee Data View||Jennifer Employee Data View & Onboarding","Admin|HRBP|Deepta Mathur Employee Data View||Jennifer Employee Data View & Onboarding","Admin|HRBP|Deepta Mathur Employee Data View||Jennifer Employee Data View & Onboarding",Admin,"Admin|Self|HRBP|Deepta Mathur Employee Data View||Jennifer Employee Data View & Onboarding",,,Disabled,Disabled,,Disabled,Disabled,Disabled,Disabled,Disabled,Disabled,Disabled,Disabled,Disabled,Disabled,Disabled,,,,,All,,NA,,NA,NA
"Personal Documents",personal_documents,17,"Permanent Account Number (PAN) Card (Nepal)",nepal_permanent_account_card,351,No,,,,Disabled,ALL,,,Disabled,Disabled,N.A,Disabled,,Disabled,,Disabled,,,"Admin|Self|HRBP|Deepta Mathur Employee Data View||Jennifer Employee Data View & Onboarding","Admin|HRBP|Deepta Mathur Employee Data View||Jennifer Employee Data View & Onboarding","Admin|HRBP|Deepta Mathur Employee Data View||Jennifer Employee Data View & Onboarding",Admin,"Admin|Self|HRBP|Deepta Mathur Employee Data View||Jennifer Employee Data View & Onboarding",,,Disabled,Disabled,,Disabled,Disabled,Disabled,Disabled,Disabled,Disabled,Disabled,Disabled,Disabled,Disabled,Disabled,,,,,All,,NA,,NA,NA
"Personal Documents",personal_documents,17,"Civil Number Card (Oman)",oman_civil_card,352,No,,,,Disabled,ALL,,,Disabled,Disabled,N.A,Disabled,,Disabled,,Disabled,,,"Admin|Self|HRBP|Deepta Mathur Employee Data View||Jennifer Employee Data View & Onboarding","Admin|HRBP|Deepta Mathur Employee Data View||Jennifer Employee Data View & Onboarding","Admin|HRBP|Deepta Mathur Employee Data View||Jennifer Employee Data View & Onboarding",Admin,"Admin|Self|HRBP|Deepta Mathur Employee Data View||Jennifer Employee Data View & Onboarding",,,Disabled,Disabled,,Disabled,Disabled,Disabled,Disabled,Disabled,Disabled,Disabled,Disabled,Disabled,Disabled,Disabled,,,,,All,,NA,,NA,NA
"Personal Documents",personal_documents,17,"Identification Card (PID) (Philippines)",philippines_identification_card,353,No,,,,Disabled,ALL,,,Disabled,Disabled,N.A,Disabled,,Disabled,,Disabled,,,"Admin|Self|HRBP|Deepta Mathur Employee Data View||Jennifer Employee Data View & Onboarding","Admin|HRBP|Deepta Mathur Employee Data View||Jennifer Employee Data View & Onboarding","Admin|HRBP|Deepta Mathur Employee Data View||Jennifer Employee Data View & Onboarding",Admin,"Admin|Self|HRBP|Deepta Mathur Employee Data View||Jennifer Employee Data View & Onboarding",,,Disabled,Disabled,,Disabled,Disabled,Disabled,Disabled,Disabled,Disabled,Disabled,Disabled,Disabled,Disabled,Disabled,,,,,All,,NA,,NA,NA
"Personal Documents",personal_documents,17,"PhilHealth Identification Number (PIN) Card (Philippines)",philippines_philhealth_id_card,354,No,,,,Disabled,ALL,,,Disabled,Disabled,N.A,Disabled,,Disabled,,Disabled,,,"Admin|Self|HRBP|Deepta Mathur Employee Data View||Jennifer Employee Data View & Onboarding","Admin|HRBP|Deepta Mathur Employee Data View||Jennifer Employee Data View & Onboarding","Admin|HRBP|Deepta Mathur Employee Data View||Jennifer Employee Data View & Onboarding",Admin,"Admin|Self|HRBP|Deepta Mathur Employee Data View||Jennifer Employee Data View & Onboarding",,,Disabled,Disabled,,Disabled,Disabled,Disabled,Disabled,Disabled,Disabled,Disabled,Disabled,Disabled,Disabled,Disabled,,,,,All,,NA,,NA,NA
"Personal Documents",personal_documents,17,"ID Card (Dowód Osobisty) Number Card (Poland)",poland_id_card,355,No,,,,Disabled,ALL,,,Disabled,Disabled,N.A,Disabled,,Disabled,,Disabled,,,"Admin|Self|HRBP|Deepta Mathur Employee Data View||Jennifer Employee Data View & Onboarding","Admin|HRBP|Deepta Mathur Employee Data View||Jennifer Employee Data View & Onboarding","Admin|HRBP|Deepta Mathur Employee Data View||Jennifer Employee Data View & Onboarding",Admin,"Admin|Self|HRBP|Deepta Mathur Employee Data View||Jennifer Employee Data View & Onboarding",,,Disabled,Disabled,,Disabled,Disabled,Disabled,Disabled,Disabled,Disabled,Disabled,Disabled,Disabled,Disabled,Disabled,,,,,All,,NA,,NA,NA
"Personal Documents",personal_documents,17,"Personal Identity (PESEL) Number Card (Poland)",poland_personal_id_card,356,No,,,,Disabled,ALL,,,Disabled,Disabled,N.A,Disabled,,Disabled,,Disabled,,,"Admin|Self|HRBP|Deepta Mathur Employee Data View||Jennifer Employee Data View & Onboarding","Admin|HRBP|Deepta Mathur Employee Data View||Jennifer Employee Data View & Onboarding","Admin|HRBP|Deepta Mathur Employee Data View||Jennifer Employee Data View & Onboarding",Admin,"Admin|Self|HRBP|Deepta Mathur Employee Data View||Jennifer Employee Data View & Onboarding",,,Disabled,Disabled,,Disabled,Disabled,Disabled,Disabled,Disabled,Disabled,Disabled,Disabled,Disabled,Disabled,Disabled,,,,,All,,NA,,NA,NA
"Personal Documents",personal_documents,17,"Tax ID Number (NIP) Card (Poland)",poland_tax_id_card,357,No,,,,Disabled,ALL,,,Disabled,Disabled,N.A,Disabled,,Disabled,,Disabled,,,"Admin|Self|HRBP|Deepta Mathur Employee Data View||Jennifer Employee Data View & Onboarding","Admin|HRBP|Deepta Mathur Employee Data View||Jennifer Employee Data View & Onboarding","Admin|HRBP|Deepta Mathur Employee Data View||Jennifer Employee Data View & Onboarding",Admin,"Admin|Self|HRBP|Deepta Mathur Employee Data View||Jennifer Employee Data View & Onboarding",,,Disabled,Disabled,,Disabled,Disabled,Disabled,Disabled,Disabled,Disabled,Disabled,Disabled,Disabled,Disabled,Disabled,,,,,All,,NA,,NA,NA
"Personal Documents",personal_documents,17,"ID Card Number (Qatar)",qatar_id_card,358,No,,,,Disabled,ALL,,,Disabled,Disabled,N.A,Disabled,,Disabled,,Disabled,,,"Admin|Self|HRBP|Deepta Mathur Employee Data View||Jennifer Employee Data View & Onboarding","Admin|HRBP|Deepta Mathur Employee Data View||Jennifer Employee Data View & Onboarding","Admin|HRBP|Deepta Mathur Employee Data View||Jennifer Employee Data View & Onboarding",Admin,"Admin|Self|HRBP|Deepta Mathur Employee Data View||Jennifer Employee Data View & Onboarding",,,Disabled,Disabled,,Disabled,Disabled,Disabled,Disabled,Disabled,Disabled,Disabled,Disabled,Disabled,Disabled,Disabled,,,,,All,,NA,,NA,NA
"Personal Documents",personal_documents,17,"Identity Card Number (Romania)",romania_id_card,359,No,,,,Disabled,ALL,,,Disabled,Disabled,N.A,Disabled,,Disabled,,Disabled,,,"Admin|Self|HRBP|Deepta Mathur Employee Data View||Jennifer Employee Data View & Onboarding","Admin|HRBP|Deepta Mathur Employee Data View||Jennifer Employee Data View & Onboarding","Admin|HRBP|Deepta Mathur Employee Data View||Jennifer Employee Data View & Onboarding",Admin,"Admin|Self|HRBP|Deepta Mathur Employee Data View||Jennifer Employee Data View & Onboarding",,,Disabled,Disabled,,Disabled,Disabled,Disabled,Disabled,Disabled,Disabled,Disabled,Disabled,Disabled,Disabled,Disabled,,,,,All,,NA,,NA,NA
"Personal Documents",personal_documents,17,"Personal Numeric Code (CNP) Card (Romania)",romania_personal_numberic_card,360,No,,,,Disabled,ALL,,,Disabled,Disabled,N.A,Disabled,,Disabled,,Disabled,,,"Admin|Self|HRBP|Deepta Mathur Employee Data View||Jennifer Employee Data View & Onboarding","Admin|HRBP|Deepta Mathur Employee Data View||Jennifer Employee Data View & Onboarding","Admin|HRBP|Deepta Mathur Employee Data View||Jennifer Employee Data View & Onboarding",Admin,"Admin|Self|HRBP|Deepta Mathur Employee Data View||Jennifer Employee Data View & Onboarding",,,Disabled,Disabled,,Disabled,Disabled,Disabled,Disabled,Disabled,Disabled,Disabled,Disabled,Disabled,Disabled,Disabled,,,,,All,,NA,,NA,NA
"Personal Documents",personal_documents,17,"Internal Passport Number Card (Russian Federation)",russian_federation_internal_passport_card,362,No,,,,Disabled,ALL,,,Disabled,Disabled,N.A,Disabled,,Disabled,,Disabled,,,"Admin|Self|HRBP|Deepta Mathur Employee Data View||Jennifer Employee Data View & Onboarding","Admin|HRBP|Deepta Mathur Employee Data View||Jennifer Employee Data View & Onboarding","Admin|HRBP|Deepta Mathur Employee Data View||Jennifer Employee Data View & Onboarding",Admin,"Admin|Self|HRBP|Deepta Mathur Employee Data View||Jennifer Employee Data View & Onboarding",,,Disabled,Disabled,,Disabled,Disabled,Disabled,Disabled,Disabled,Disabled,Disabled,Disabled,Disabled,Disabled,Disabled,,,,,All,,NA,,NA,NA
"Personal Documents",personal_documents,17,"Labor Book Number Card (Russian Federation)",russian_federation_labor_book_card,363,No,,,,Disabled,ALL,,,Disabled,Disabled,N.A,Disabled,,Disabled,,Disabled,,,"Admin|Self|HRBP|Deepta Mathur Employee Data View||Jennifer Employee Data View & Onboarding","Admin|HRBP|Deepta Mathur Employee Data View||Jennifer Employee Data View & Onboarding","Admin|HRBP|Deepta Mathur Employee Data View||Jennifer Employee Data View & Onboarding",Admin,"Admin|Self|HRBP|Deepta Mathur Employee Data View||Jennifer Employee Data View & Onboarding",,,Disabled,Disabled,,Disabled,Disabled,Disabled,Disabled,Disabled,Disabled,Disabled,Disabled,Disabled,Disabled,Disabled,,,,,All,,NA,,NA,NA
"Personal Documents",personal_documents,17,"RPF (Pension Fund) Registration Number Card (Russian Federation)",russian_federation_rpf_card,364,No,,,,Disabled,ALL,,,Disabled,Disabled,N.A,Disabled,,Disabled,,Disabled,,,"Admin|Self|HRBP|Deepta Mathur Employee Data View||Jennifer Employee Data View & Onboarding","Admin|HRBP|Deepta Mathur Employee Data View||Jennifer Employee Data View & Onboarding","Admin|HRBP|Deepta Mathur Employee Data View||Jennifer Employee Data View & Onboarding",Admin,"Admin|Self|HRBP|Deepta Mathur Employee Data View||Jennifer Employee Data View & Onboarding",,,Disabled,Disabled,,Disabled,Disabled,Disabled,Disabled,Disabled,Disabled,Disabled,Disabled,Disabled,Disabled,Disabled,,,,,All,,NA,,NA,NA
"Personal Documents",personal_documents,17,"Taxpayer Identification Number (INN) Card (Russian Federation)",russian_federation_taxpayer_id_card,365,No,,,,Disabled,ALL,,,Disabled,Disabled,N.A,Disabled,,Disabled,,Disabled,,,"Admin|Self|HRBP|Deepta Mathur Employee Data View||Jennifer Employee Data View & Onboarding","Admin|HRBP|Deepta Mathur Employee Data View||Jennifer Employee Data View & Onboarding","Admin|HRBP|Deepta Mathur Employee Data View||Jennifer Employee Data View & Onboarding",Admin,"Admin|Self|HRBP|Deepta Mathur Employee Data View||Jennifer Employee Data View & Onboarding",,,Disabled,Disabled,,Disabled,Disabled,Disabled,Disabled,Disabled,Disabled,Disabled,Disabled,Disabled,Disabled,Disabled,,,,,All,,NA,,NA,NA
"Personal Documents",personal_documents,17,"National ID Card Number Card (Saudi Arabia)",saudi_national_id_card,366,No,,,,Disabled,ALL,,,Disabled,Disabled,N.A,Disabled,,Disabled,,Disabled,,,"Admin|Self|HRBP|Deepta Mathur Employee Data View||Jennifer Employee Data View & Onboarding","Admin|HRBP|Deepta Mathur Employee Data View||Jennifer Employee Data View & Onboarding","Admin|HRBP|Deepta Mathur Employee Data View||Jennifer Employee Data View & Onboarding",Admin,"Admin|Self|HRBP|Deepta Mathur Employee Data View||Jennifer Employee Data View & Onboarding",,,Disabled,Disabled,,Disabled,Disabled,Disabled,Disabled,Disabled,Disabled,Disabled,Disabled,Disabled,Disabled,Disabled,,,,,All,,NA,,NA,NA
"Personal Documents",personal_documents,17,"Residence Permit (Iqama) Number Card (Saudi Arabia)",saudi_resident_permit_card,367,No,,,,Disabled,ALL,,,Disabled,Disabled,N.A,Disabled,,Disabled,,Disabled,,,"Admin|Self|HRBP|Deepta Mathur Employee Data View||Jennifer Employee Data View & Onboarding","Admin|HRBP|Deepta Mathur Employee Data View||Jennifer Employee Data View & Onboarding","Admin|HRBP|Deepta Mathur Employee Data View||Jennifer Employee Data View & Onboarding",Admin,"Admin|Self|HRBP|Deepta Mathur Employee Data View||Jennifer Employee Data View & Onboarding",,,Disabled,Disabled,,Disabled,Disabled,Disabled,Disabled,Disabled,Disabled,Disabled,Disabled,Disabled,Disabled,Disabled,,,,,All,,NA,,NA,NA
"Personal Documents",personal_documents,17,"Social Insurance Number (SIN) Card (Singapore)",singapore_foreign_identification_card,368,No,,,,Disabled,ALL,,,Disabled,Disabled,N.A,Disabled,,Disabled,,Disabled,,,"Admin|Self|HRBP|Deepta Mathur Employee Data View||Jennifer Employee Data View & Onboarding","Admin|HRBP|Deepta Mathur Employee Data View||Jennifer Employee Data View & Onboarding","Admin|HRBP|Deepta Mathur Employee Data View||Jennifer Employee Data View & Onboarding",Admin,"Admin|Self|HRBP|Deepta Mathur Employee Data View||Jennifer Employee Data View & Onboarding",,,Disabled,Disabled,,Disabled,Disabled,Disabled,Disabled,Disabled,Disabled,Disabled,Disabled,Disabled,Disabled,Disabled,,,,,All,,NA,,NA,NA
"Personal Documents",personal_documents,17,"National Identity Card (NIC) Number (Sri Lanka)",srilanka_national_id_card,369,No,,,,Disabled,ALL,,,Disabled,Disabled,N.A,Disabled,,Disabled,,Disabled,,,"Admin|Self|HRBP|Deepta Mathur Employee Data View||Jennifer Employee Data View & Onboarding","Admin|HRBP|Deepta Mathur Employee Data View||Jennifer Employee Data View & Onboarding","Admin|HRBP|Deepta Mathur Employee Data View||Jennifer Employee Data View & Onboarding",Admin,"Admin|Self|HRBP|Deepta Mathur Employee Data View||Jennifer Employee Data View & Onboarding",,,Disabled,Disabled,,Disabled,Disabled,Disabled,Disabled,Disabled,Disabled,Disabled,Disabled,Disabled,Disabled,Disabled,,,,,All,,NA,,NA,NA
"Personal Documents",personal_documents,17,"Alien Permanent Resident Card (APRC) (Taiwan)",taiwan_alien_permanent_resident_card,370,No,,,,Disabled,ALL,,,Disabled,Disabled,N.A,Disabled,,Disabled,,Disabled,,,"Admin|Self|HRBP|Deepta Mathur Employee Data View||Jennifer Employee Data View & Onboarding","Admin|HRBP|Deepta Mathur Employee Data View||Jennifer Employee Data View & Onboarding","Admin|HRBP|Deepta Mathur Employee Data View||Jennifer Employee Data View & Onboarding",Admin,"Admin|Self|HRBP|Deepta Mathur Employee Data View||Jennifer Employee Data View & Onboarding",,,Disabled,Disabled,,Disabled,Disabled,Disabled,Disabled,Disabled,Disabled,Disabled,Disabled,Disabled,Disabled,Disabled,,,,,All,,NA,,NA,NA
"Personal Documents",personal_documents,17,"Alien Resident Certificate (ARC) Number (Taiwan)",taiwan_alien_resident_card,371,No,,,,Disabled,ALL,,,Disabled,Disabled,N.A,Disabled,,Disabled,,Disabled,,,"Admin|Self|HRBP|Deepta Mathur Employee Data View||Jennifer Employee Data View & Onboarding","Admin|HRBP|Deepta Mathur Employee Data View||Jennifer Employee Data View & Onboarding","Admin|HRBP|Deepta Mathur Employee Data View||Jennifer Employee Data View & Onboarding",Admin,"Admin|Self|HRBP|Deepta Mathur Employee Data View||Jennifer Employee Data View & Onboarding",,,Disabled,Disabled,,Disabled,Disabled,Disabled,Disabled,Disabled,Disabled,Disabled,Disabled,Disabled,Disabled,Disabled,,,,,All,,NA,,NA,NA
"Personal Documents",personal_documents,17,"Employment Gold Card - Unified Identity Number Card (Taiwan)",taiwan_employee_gold_card,372,No,,,,Disabled,ALL,,,Disabled,Disabled,N.A,Disabled,,Disabled,,Disabled,,,"Admin|Self|HRBP|Deepta Mathur Employee Data View||Jennifer Employee Data View & Onboarding","Admin|HRBP|Deepta Mathur Employee Data View||Jennifer Employee Data View & Onboarding","Admin|HRBP|Deepta Mathur Employee Data View||Jennifer Employee Data View & Onboarding",Admin,"Admin|Self|HRBP|Deepta Mathur Employee Data View||Jennifer Employee Data View & Onboarding",,,Disabled,Disabled,,Disabled,Disabled,Disabled,Disabled,Disabled,Disabled,Disabled,Disabled,Disabled,Disabled,Disabled,,,,,All,,NA,,NA,NA
"Personal Documents",personal_documents,17,"National ID Number (Taiwan)",taiwan_national_id_card,373,No,,,,Disabled,ALL,,,Disabled,Disabled,N.A,Disabled,,Disabled,,Disabled,,,"Admin|Self|HRBP|Deepta Mathur Employee Data View||Jennifer Employee Data View & Onboarding","Admin|HRBP|Deepta Mathur Employee Data View||Jennifer Employee Data View & Onboarding","Admin|HRBP|Deepta Mathur Employee Data View||Jennifer Employee Data View & Onboarding",Admin,"Admin|Self|HRBP|Deepta Mathur Employee Data View||Jennifer Employee Data View & Onboarding",,,Disabled,Disabled,,Disabled,Disabled,Disabled,Disabled,Disabled,Disabled,Disabled,Disabled,Disabled,Disabled,Disabled,,,,,All,,NA,,NA,NA
"Personal Documents",personal_documents,17,"Driving Talon (Tajikistan)",tajikistan_driving_talon_card,374,No,,,,Disabled,ALL,,,Disabled,Disabled,N.A,Disabled,,Disabled,,Disabled,,,"Admin|Self|HRBP|Deepta Mathur Employee Data View||Jennifer Employee Data View & Onboarding","Admin|HRBP|Deepta Mathur Employee Data View||Jennifer Employee Data View & Onboarding","Admin|HRBP|Deepta Mathur Employee Data View||Jennifer Employee Data View & Onboarding",Admin,"Admin|Self|HRBP|Deepta Mathur Employee Data View||Jennifer Employee Data View & Onboarding",,,Disabled,Disabled,,Disabled,Disabled,Disabled,Disabled,Disabled,Disabled,Disabled,Disabled,Disabled,Disabled,Disabled,,,,,All,,NA,,NA,NA
"Personal Documents",personal_documents,17,"Identity Card (Tajikistan)",tajikistan_id_card,375,No,,,,Disabled,ALL,,,Disabled,Disabled,N.A,Disabled,,Disabled,,Disabled,,,"Admin|Self|HRBP|Deepta Mathur Employee Data View||Jennifer Employee Data View & Onboarding","Admin|HRBP|Deepta Mathur Employee Data View||Jennifer Employee Data View & Onboarding","Admin|HRBP|Deepta Mathur Employee Data View||Jennifer Employee Data View & Onboarding",Admin,"Admin|Self|HRBP|Deepta Mathur Employee Data View||Jennifer Employee Data View & Onboarding",,,Disabled,Disabled,,Disabled,Disabled,Disabled,Disabled,Disabled,Disabled,Disabled,Disabled,Disabled,Disabled,Disabled,,,,,All,,NA,,NA,NA
"Personal Documents",personal_documents,17,"Tax Identification card (Tajikistan)",tajikistan_tax_id_card,377,No,,,,Disabled,ALL,,,Disabled,Disabled,N.A,Disabled,,Disabled,,Disabled,,,"Admin|Self|HRBP|Deepta Mathur Employee Data View||Jennifer Employee Data View & Onboarding","Admin|HRBP|Deepta Mathur Employee Data View||Jennifer Employee Data View & Onboarding","Admin|HRBP|Deepta Mathur Employee Data View||Jennifer Employee Data View & Onboarding",Admin,"Admin|Self|HRBP|Deepta Mathur Employee Data View||Jennifer Employee Data View & Onboarding",,,Disabled,Disabled,,Disabled,Disabled,Disabled,Disabled,Disabled,Disabled,Disabled,Disabled,Disabled,Disabled,Disabled,,,,,All,,NA,,NA,NA
"Personal Documents",personal_documents,17,"ID Card (Thailand)",thailand_id_card,378,No,,,,Disabled,ALL,,,Disabled,Disabled,N.A,Disabled,,Disabled,,Disabled,,,"Admin|Self|HRBP|Deepta Mathur Employee Data View||Jennifer Employee Data View & Onboarding","Admin|HRBP|Deepta Mathur Employee Data View||Jennifer Employee Data View & Onboarding","Admin|HRBP|Deepta Mathur Employee Data View||Jennifer Employee Data View & Onboarding",Admin,"Admin|Self|HRBP|Deepta Mathur Employee Data View||Jennifer Employee Data View & Onboarding",,,Disabled,Disabled,,Disabled,Disabled,Disabled,Disabled,Disabled,Disabled,Disabled,Disabled,Disabled,Disabled,Disabled,,,,,All,,NA,,NA,NA
"Personal Documents",personal_documents,17,"Employment Documents",employment_documents,379,No,,,,Enabled,ALL,,,Disabled,Disabled,N.A,Disabled,,Disabled,,Disabled,,,Admin|Self,Admin,Admin,Admin,,,,Disabled,Disabled,,Disabled,Disabled,Disabled,Disabled,Disabled,Disabled,Disabled,Disabled,Disabled,Disabled,Disabled,,,,,All,,NA,,NA,NA
"Personal Documents",personal_documents,17,"Identity Card (BI) Number (Timor-Leste)",timor_leste_id_card,380,No,,,,Disabled,ALL,,,Disabled,Disabled,N.A,Disabled,,Disabled,,Disabled,,,"Admin|Self|HRBP|Deepta Mathur Employee Data View||Jennifer Employee Data View & Onboarding","Admin|HRBP|Deepta Mathur Employee Data View||Jennifer Employee Data View & Onboarding","Admin|HRBP|Deepta Mathur Employee Data View||Jennifer Employee Data View & Onboarding",Admin,"Admin|Self|HRBP|Deepta Mathur Employee Data View||Jennifer Employee Data View & Onboarding",,,Disabled,Disabled,,Disabled,Disabled,Disabled,Disabled,Disabled,Disabled,Disabled,Disabled,Disabled,Disabled,Disabled,,,,,All,,NA,,NA,NA
"Personal Documents",personal_documents,17,"ID Card (TC Kimlik No) (Turkey)",turkey_id_card,381,No,,,,Disabled,ALL,,,Disabled,Disabled,N.A,Disabled,,Disabled,,Disabled,,,"Admin|Self|HRBP|Deepta Mathur Employee Data View||Jennifer Employee Data View & Onboarding","Admin|HRBP|Deepta Mathur Employee Data View||Jennifer Employee Data View & Onboarding","Admin|HRBP|Deepta Mathur Employee Data View||Jennifer Employee Data View & Onboarding",Admin,"Admin|Self|HRBP|Deepta Mathur Employee Data View||Jennifer Employee Data View & Onboarding",,,Disabled,Disabled,,Disabled,Disabled,Disabled,Disabled,Disabled,Disabled,Disabled,Disabled,Disabled,Disabled,Disabled,,,,,All,,NA,,NA,NA
"Personal Documents",personal_documents,17,"Social Security card (Sosyal Güvenlik Numarası) (Turkey)",turkey_social_security_card,382,No,,,,Disabled,ALL,,,Disabled,Disabled,N.A,Disabled,,Disabled,,Disabled,,,"Admin|Self|HRBP|Deepta Mathur Employee Data View||Jennifer Employee Data View & Onboarding","Admin|HRBP|Deepta Mathur Employee Data View||Jennifer Employee Data View & Onboarding","Admin|HRBP|Deepta Mathur Employee Data View||Jennifer Employee Data View & Onboarding",Admin,"Admin|Self|HRBP|Deepta Mathur Employee Data View||Jennifer Employee Data View & Onboarding",,,Disabled,Disabled,,Disabled,Disabled,Disabled,Disabled,Disabled,Disabled,Disabled,Disabled,Disabled,Disabled,Disabled,,,,,All,,NA,,NA,NA
"Personal Documents",personal_documents,17,"STR ID card (Turkey)",turkey_tr_id_card,383,No,,,,Disabled,ALL,,,Disabled,Disabled,N.A,Disabled,,Disabled,,Disabled,,,"Admin|Self|HRBP|Deepta Mathur Employee Data View||Jennifer Employee Data View & Onboarding","Admin|HRBP|Deepta Mathur Employee Data View||Jennifer Employee Data View & Onboarding","Admin|HRBP|Deepta Mathur Employee Data View||Jennifer Employee Data View & Onboarding",Admin,"Admin|Self|HRBP|Deepta Mathur Employee Data View||Jennifer Employee Data View & Onboarding",,,Disabled,Disabled,,Disabled,Disabled,Disabled,Disabled,Disabled,Disabled,Disabled,Disabled,Disabled,Disabled,Disabled,,,,,All,,NA,,NA,NA
"Personal Documents",personal_documents,17,"Individual Tax ID Card (Ukraine)",ukraine_individual_tax_id_card,384,No,,,,Disabled,ALL,,,Disabled,Disabled,N.A,Disabled,,Disabled,,Disabled,,,"Admin|Self|HRBP|Deepta Mathur Employee Data View||Jennifer Employee Data View & Onboarding","Admin|HRBP|Deepta Mathur Employee Data View||Jennifer Employee Data View & Onboarding","Admin|HRBP|Deepta Mathur Employee Data View||Jennifer Employee Data View & Onboarding",Admin,"Admin|Self|HRBP|Deepta Mathur Employee Data View||Jennifer Employee Data View & Onboarding",,,Disabled,Disabled,,Disabled,Disabled,Disabled,Disabled,Disabled,Disabled,Disabled,Disabled,Disabled,Disabled,Disabled,,,,,All,,NA,,NA,NA
"Personal Documents",personal_documents,17,"Internal Passport Number Card (Ukraine)",ukraine_internal_passport_card,385,No,,,,Disabled,ALL,,,Disabled,Disabled,N.A,Disabled,,Disabled,,Disabled,,,"Admin|Self|HRBP|Deepta Mathur Employee Data View||Jennifer Employee Data View & Onboarding","Admin|HRBP|Deepta Mathur Employee Data View||Jennifer Employee Data View & Onboarding","Admin|HRBP|Deepta Mathur Employee Data View||Jennifer Employee Data View & Onboarding",Admin,"Admin|Self|HRBP|Deepta Mathur Employee Data View||Jennifer Employee Data View & Onboarding",,,Disabled,Disabled,,Disabled,Disabled,Disabled,Disabled,Disabled,Disabled,Disabled,Disabled,Disabled,Disabled,Disabled,,,,,All,,NA,,NA,NA
"Personal Documents",personal_documents,17,"National Insurance (NI) Number (United Kingdom)",uk_national_insurance_card,388,No,,,,Disabled,ALL,,,Disabled,Disabled,N.A,Disabled,,Disabled,,Disabled,,,"Admin|Self|HRBP|Deepta Mathur Employee Data View||Jennifer Employee Data View & Onboarding","Admin|HRBP|Deepta Mathur Employee Data View||Jennifer Employee Data View & Onboarding","Admin|HRBP|Deepta Mathur Employee Data View||Jennifer Employee Data View & Onboarding",Admin,"Admin|Self|HRBP|Deepta Mathur Employee Data View||Jennifer Employee Data View & Onboarding",,,Disabled,Disabled,,Disabled,Disabled,Disabled,Disabled,Disabled,Disabled,Disabled,Disabled,Disabled,Disabled,Disabled,,,,,All,,NA,,NA,NA
"Personal Documents",personal_documents,17,"Taxpayer Identification Number Card(Uzbekistan)",uzbekistan_taxpayer_id_card,389,No,,,,Disabled,ALL,,,Disabled,Disabled,N.A,Disabled,,Disabled,,Disabled,,,"Admin|Self|HRBP|Deepta Mathur Employee Data View||Jennifer Employee Data View & Onboarding","Admin|HRBP|Deepta Mathur Employee Data View||Jennifer Employee Data View & Onboarding","Admin|HRBP|Deepta Mathur Employee Data View||Jennifer Employee Data View & Onboarding",Admin,"Admin|Self|HRBP|Deepta Mathur Employee Data View||Jennifer Employee Data View & Onboarding",,,Disabled,Disabled,,Disabled,Disabled,Disabled,Disabled,Disabled,Disabled,Disabled,Disabled,Disabled,Disabled,Disabled,,,,,All,,NA,,NA,NA
"Personal Documents",personal_documents,17,"ID Card (Vietnam)",vietnam_id_card,390,No,,,,Disabled,ALL,,,Disabled,Disabled,N.A,Disabled,,Disabled,,Disabled,,,"Admin|Self|HRBP|Deepta Mathur Employee Data View||Jennifer Employee Data View & Onboarding","Admin|HRBP|Deepta Mathur Employee Data View||Jennifer Employee Data View & Onboarding","Admin|HRBP|Deepta Mathur Employee Data View||Jennifer Employee Data View & Onboarding",Admin,"Admin|Self|HRBP|Deepta Mathur Employee Data View||Jennifer Employee Data View & Onboarding",,,Disabled,Disabled,,Disabled,Disabled,Disabled,Disabled,Disabled,Disabled,Disabled,Disabled,Disabled,Disabled,Disabled,,,,,All,,NA,,NA,NA
"Personal Documents",personal_documents,17,"Individual Income Tax Card (Vietnam)",vietnam_individual_income_tax_card,391,No,,,,Disabled,ALL,,,Disabled,Disabled,N.A,Disabled,,Disabled,,Disabled,,,"Admin|Self|HRBP|Deepta Mathur Employee Data View||Jennifer Employee Data View & Onboarding","Admin|HRBP|Deepta Mathur Employee Data View||Jennifer Employee Data View & Onboarding","Admin|HRBP|Deepta Mathur Employee Data View||Jennifer Employee Data View & Onboarding",Admin,"Admin|Self|HRBP|Deepta Mathur Employee Data View||Jennifer Employee Data View & Onboarding",,,Disabled,Disabled,,Disabled,Disabled,Disabled,Disabled,Disabled,Disabled,Disabled,Disabled,Disabled,Disabled,Disabled,,,,,All,,NA,,NA,NA
"Personal Documents",personal_documents,17,"Gratuity Declaration Document",a64a6413a4891c,392,Yes,File,,,Disabled,ALL,,,Disabled,Disabled,Disabled,Disabled,,Disabled,,Disabled,,,"Admin|Self|HRBP|Deepta Mathur Employee Data View||Jennifer Employee Data View & Onboarding","Admin|HRBP|Deepta Mathur Employee Data View||Jennifer Employee Data View & Onboarding","Admin|HRBP|Deepta Mathur Employee Data View||Jennifer Employee Data View & Onboarding",Admin,"Admin|Self|HRBP|Deepta Mathur Employee Data View||Jennifer Employee Data View & Onboarding",,,Disabled,Disabled,,Disabled,Disabled,Disabled,Disabled,Disabled,Disabled,Disabled,Disabled,Disabled,Disabled,Disabled,All,,,,,,Disabled,,NA,NA
"Personal Documents",personal_documents,17,"PF DECLARATION FORM",a64d466e584592,393,Yes,File,,,Disabled,ALL,,,Disabled,Disabled,Disabled,Disabled,,Disabled,,Disabled,,,"Admin|Self|HRBP|Deepta Mathur Employee Data View||Jennifer Employee Data View & Onboarding","Admin|HRBP|Deepta Mathur Employee Data View||Jennifer Employee Data View & Onboarding","Admin|HRBP|Deepta Mathur Employee Data View||Jennifer Employee Data View & Onboarding",,"Admin|Self|HRBP|Deepta Mathur Employee Data View||Jennifer Employee Data View & Onboarding",,,Disabled,Disabled,,Disabled,Disabled,Disabled,Disabled,Disabled,Disabled,Disabled,Disabled,Disabled,Disabled,Disabled,All,,,,,,Disabled,,NA,NA
"Personal Documents",personal_documents,17,"Insurance Nomination Form for Personal Accident",a64d467151db5d,394,Yes,File,,,Disabled,ALL,,,Disabled,Disabled,Disabled,Disabled,,Disabled,,Disabled,,,"Admin|Self|HRBP|Deepta Mathur Employee Data View||Jennifer Employee Data View & Onboarding","Admin|HRBP|Deepta Mathur Employee Data View||Jennifer Employee Data View & Onboarding","Admin|HRBP|Deepta Mathur Employee Data View||Jennifer Employee Data View & Onboarding",,"Admin|Self|HRBP|Deepta Mathur Employee Data View||Jennifer Employee Data View & Onboarding",,,Disabled,Disabled,,Disabled,Disabled,Disabled,Disabled,Disabled,Disabled,Disabled,Disabled,Disabled,Disabled,Disabled,All,,,,,,Disabled,,NA,NA
"Personal Documents",personal_documents,17,"Life Insurance Nomination Form",a64d467293ce9c,395,Yes,File,,,Disabled,ALL,,,Disabled,Disabled,Disabled,Disabled,,Disabled,,Disabled,,,"Admin|Self|HRBP|Deepta Mathur Employee Data View||Jennifer Employee Data View & Onboarding","Admin|HRBP|Deepta Mathur Employee Data View||Jennifer Employee Data View & Onboarding","Admin|HRBP|Deepta Mathur Employee Data View||Jennifer Employee Data View & Onboarding",Admin,"Admin|Self|HRBP|Deepta Mathur Employee Data View||Jennifer Employee Data View & Onboarding",,,Disabled,Disabled,,Disabled,Disabled,Disabled,Disabled,Disabled,Disabled,Disabled,Disabled,Disabled,Disabled,Disabled,All,,,,,,Disabled,,NA,NA
"Personal Documents",personal_documents,17,"Declaration Form",a64d46793e4d73,396,Yes,File,,,Disabled,ALL,,,Disabled,Disabled,Disabled,Disabled,,Disabled,,Disabled,,,"Admin|Self|HRBP|Deepta Mathur Employee Data View||Jennifer Employee Data View & Onboarding","Admin|HRBP|Deepta Mathur Employee Data View||Jennifer Employee Data View & Onboarding","Admin|HRBP|Deepta Mathur Employee Data View||Jennifer Employee Data View & Onboarding",,"Admin|Self|HRBP|Deepta Mathur Employee Data View||Jennifer Employee Data View & Onboarding",,,Disabled,Disabled,,Disabled,Disabled,Disabled,Disabled,Disabled,Disabled,Disabled,Disabled,Disabled,Disabled,Disabled,All,,,,,,Disabled,,NA,NA
"Personal Documents",personal_documents,17,"Latest Hike Letter",a64d5879020570,397,Yes,File,,,Disabled,ALL,,,Disabled,Disabled,Disabled,Disabled,,Disabled,,Disabled,,,"Admin|Self|HRBP|Deepta Mathur Employee Data View||Jennifer Employee Data View & Onboarding","Admin|HRBP|Deepta Mathur Employee Data View||Jennifer Employee Data View & Onboarding","Admin|HRBP|Deepta Mathur Employee Data View||Jennifer Employee Data View & Onboarding",Admin,"Admin|Self|HRBP|Deepta Mathur Employee Data View||Jennifer Employee Data View & Onboarding",,,Disabled,Disabled,,Disabled,Disabled,Disabled,Disabled,Disabled,Disabled,Disabled,Disabled,Disabled,Disabled,Disabled,All,All,All,All,All,All,Disabled,,NA,NA
"Personal Documents",personal_documents,17,"Offer Letter(Current Organization)",a64d587d03fad6,398,Yes,File,,,Disabled,ALL,,,Disabled,Disabled,Disabled,Disabled,,Disabled,,Disabled,,,"Admin|Self|HRBP|Deepta Mathur Employee Data View||Jennifer Employee Data View & Onboarding","Admin|HRBP|Deepta Mathur Employee Data View||Jennifer Employee Data View & Onboarding","Admin|HRBP|Deepta Mathur Employee Data View||Jennifer Employee Data View & Onboarding",Admin|Self,"Admin|Self|HRBP|Deepta Mathur Employee Data View||Jennifer Employee Data View & Onboarding",,,Disabled,Disabled,,Disabled,Disabled,Disabled,Disabled,Disabled,Disabled,Disabled,Disabled,Disabled,Disabled,Disabled,All,All,All,All,All,All,Disabled,,NA,NA
"Personal Documents",personal_documents,17,"Signed Bond( Incase of new Grads)",a64d588177fc9e,399,Yes,File,,,Disabled,ALL,,,Disabled,Disabled,Disabled,Disabled,,Disabled,,Disabled,,,"Admin|Self|HRBP|Deepta Mathur Employee Data View||Jennifer Employee Data View & Onboarding","Admin|HRBP|Deepta Mathur Employee Data View||Jennifer Employee Data View & Onboarding","Admin|HRBP|Deepta Mathur Employee Data View||Jennifer Employee Data View & Onboarding",Admin,"Admin|Self|HRBP|Deepta Mathur Employee Data View||Jennifer Employee Data View & Onboarding",,,Disabled,Disabled,,Disabled,Disabled,Disabled,Disabled,Disabled,Disabled,Disabled,Disabled,Disabled,Disabled,Disabled,All,All,All,All,All,All,Disabled,,NA,NA
"Personal Documents",personal_documents,17,"All candidates who have quit their current organization or have gaps in their experience need to submit, References, offer letters and experience lettters of previous organizations worked also",a64d58866d8c75,400,Yes,Checkbox,Yes,,Disabled,ALL,,,Disabled,Disabled,Disabled,Disabled,,Disabled,,Disabled,,,"Admin|Self|HRBP|Deepta Mathur Employee Data View||Jennifer Employee Data View & Onboarding","Admin|HRBP|Deepta Mathur Employee Data View||Jennifer Employee Data View & Onboarding","Admin|HRBP|Deepta Mathur Employee Data View||Jennifer Employee Data View & Onboarding",,,,,Disabled,Disabled,,Disabled,Disabled,Disabled,Disabled,Disabled,Disabled,Disabled,Disabled,Disabled,Disabled,Disabled,All,All,All,All,All,All,Disabled,,NA,NA
"Personal Documents",personal_documents,17,NDA,a64d592a80271f,401,Yes,File,,,Disabled,ALL,,,Disabled,Disabled,Disabled,Disabled,,Disabled,,Disabled,,,"Admin|Self|HRBP|Deepta Mathur Employee Data View||Jennifer Employee Data View & Onboarding","Admin|HRBP|Deepta Mathur Employee Data View||Jennifer Employee Data View & Onboarding","Admin|HRBP|Deepta Mathur Employee Data View||Jennifer Employee Data View & Onboarding",Admin,"Admin|Self|HRBP|Deepta Mathur Employee Data View||Jennifer Employee Data View & Onboarding",,,Disabled,Disabled,,Disabled,Disabled,Disabled,Disabled,Disabled,Disabled,Disabled,Disabled,Disabled,Disabled,Disabled,All,,,,,,Disabled,,NA,NA
"Personal Documents",personal_documents,17,"NDA Annexure",a64d592c4641a1,402,Yes,File,,,Disabled,ALL,,,Disabled,Disabled,Disabled,Disabled,,Disabled,,Disabled,,,"Admin|Self|HRBP|Deepta Mathur Employee Data View||Jennifer Employee Data View & Onboarding","Admin|HRBP|Deepta Mathur Employee Data View||Jennifer Employee Data View & Onboarding","Admin|HRBP|Deepta Mathur Employee Data View||Jennifer Employee Data View & Onboarding",Admin,"Admin|Self|HRBP|Deepta Mathur Employee Data View||Jennifer Employee Data View & Onboarding",,,Disabled,Disabled,,Disabled,Disabled,Disabled,Disabled,Disabled,Disabled,Disabled,Disabled,Disabled,Disabled,Disabled,All,,,,,,Disabled,,NA,NA
"Personal Documents",personal_documents,17,"Joining Report",a64d592ffa91e9,403,Yes,File,,,Disabled,ALL,,,Disabled,Disabled,Disabled,Disabled,,Disabled,,Disabled,,,"Admin|Self|HRBP|Deepta Mathur Employee Data View||Jennifer Employee Data View & Onboarding","Admin|HRBP|Deepta Mathur Employee Data View||Jennifer Employee Data View & Onboarding","Admin|HRBP|Deepta Mathur Employee Data View||Jennifer Employee Data View & Onboarding",Admin,"Admin|Self|HRBP|Deepta Mathur Employee Data View||Jennifer Employee Data View & Onboarding",,,Disabled,Disabled,,Disabled,Disabled,Disabled,Disabled,Disabled,Disabled,Disabled,Disabled,Disabled,Disabled,Disabled,All,,,,,,Disabled,,NA,NA
"Personal Documents",personal_documents,17,"Letter of Authorization",a650c35f7bcba7,404,Yes,File,,,Disabled,ALL,,,Disabled,Disabled,Disabled,Disabled,,Disabled,,Disabled,,,"Admin|Self|HRBP|Deepta Mathur Employee Data View||Jennifer Employee Data View & Onboarding","Admin|HRBP|Deepta Mathur Employee Data View||Jennifer Employee Data View & Onboarding","Admin|HRBP|Deepta Mathur Employee Data View||Jennifer Employee Data View & Onboarding",Admin,"Admin|Self|HRBP|Deepta Mathur Employee Data View||Jennifer Employee Data View & Onboarding",,,Disabled,Disabled,,Disabled,Disabled,Disabled,Disabled,Disabled,Disabled,Disabled,Disabled,Disabled,Disabled,Disabled,All,"Hiring Group|Scheduling Team|Screening Team|Shortlisting Team|Recruiter|Candidate",All,"Hiring Group|Scheduling Team|Screening Team|Shortlisting Team|Recruiter|Candidate|||",All,All,Disabled,,NA,NA
"Personal Documents",personal_documents,17,"NDA Acknowlegement",a6516621577e43,405,Yes,"Multi File",,,Enabled,ALL,,,Disabled,Disabled,Disabled,Disabled,,Disabled,,Disabled,,,"Admin|Self|HRBP|Deepta Mathur Employee Data View||Jennifer Employee Data View & Onboarding","Admin|Self|HRBP|Standard Role 1|Deepta Mathur Employee Data View||Jennifer Employee Data View & Onboarding","Admin|HRBP|Deepta Mathur Employee Data View||Jennifer Employee Data View & Onboarding",,"Admin|Self|HRBP|Deepta Mathur Employee Data View||Jennifer Employee Data View & Onboarding",,,Disabled,Disabled,,Disabled,Disabled,Disabled,Disabled,Disabled,Disabled,Disabled,Disabled,Disabled,Disabled,Disabled,All,,,,,,Disabled,,NA,NA
"HR letters",hr_letters,18,"Merit Planning Letters",merit_planning_hr_letters,1,No,,,,Enabled,ALL,,,Disabled,Disabled,N.A,Disabled,,Disabled,,Enabled,"India-Hike / Promotion Letter",,"Admin|Self|Jennifer Staffing view|Deepta IC & Associate View","Admin|Akshaya|Jennifer Staffing view|Deepta & Jennifer Offer Letter View","Admin|Akshaya|Deepta IC & Associate View|Deepta & Jennifer Offer Letter View",Admin,"Admin|Self|Akshaya|Jennifer Staffing view|Deepta IC & Associate View|Deepta & Jennifer Offer Letter View",,,Disabled,Disabled,,Disabled,Disabled,Disabled,Disabled,Disabled,Disabled,Disabled,Disabled,Disabled,Disabled,Disabled,All,,,,All,,NA,,NA,NA
"HR letters",hr_letters,18,"Employee Joining",employee_joining_hr_letters,2,No,,,,Enabled,ALL,,,Disabled,Disabled,N.A,Disabled,,Disabled,,Disabled,,,"Admin|Self|Deepta Mathur Employee Data View|Jennifer Employee Data View & Onboarding","Admin|Deepta Mathur Employee Data View|Jennifer Employee Data View & Onboarding","Admin|Deepta Mathur Employee Data View|Jennifer Employee Data View & Onboarding",Admin,"Admin|Self|Deepta Mathur Employee Data View|Jennifer Employee Data View & Onboarding",,,Disabled,Disabled,,Disabled,Disabled,Disabled,Disabled,Disabled,Disabled,Disabled,Disabled,Disabled,Disabled,Disabled,All,,,,All,,NA,,NA,NA
"HR letters",hr_letters,18,Payslips,payslips_hr_letters,3,No,,,,Disabled,ALL,,,Disabled,Disabled,N.A,Disabled,,Disabled,,Disabled,,,"Admin|Self|Deepta Mathur Employee Data View|Jennifer Employee Data View & Onboarding","Admin|Deepta Mathur Employee Data View|Jennifer Employee Data View & Onboarding","Admin|Deepta Mathur Employee Data View|Jennifer Employee Data View & Onboarding",Admin,"Admin|Self|Deepta Mathur Employee Data View|Jennifer Employee Data View & Onboarding",,,Disabled,Disabled,,Disabled,Disabled,Disabled,Disabled,Disabled,Disabled,Disabled,Disabled,Disabled,Disabled,Disabled,,,,,All,,NA,,NA,NA
"HR letters",hr_letters,18,"Confirmation letters",confirmation_hr_letters,4,No,,,,Enabled,ALL,,,Disabled,Disabled,N.A,Disabled,,Disabled,,Disabled,,,"Admin|Self|Deepta Mathur Employee Data View|Jennifer Employee Data View & Onboarding","Admin|Deepta Mathur Employee Data View|Jennifer Employee Data View & Onboarding","Admin|Deepta Mathur Employee Data View|Jennifer Employee Data View & Onboarding",Admin,"Admin|Self|Deepta Mathur Employee Data View|Jennifer Employee Data View & Onboarding",,,Disabled,Disabled,,Disabled,Disabled,Disabled,Disabled,Disabled,Disabled,Disabled,Disabled,Disabled,Disabled,Disabled,,,,,All,,NA,,NA,NA
"HR letters",hr_letters,18,"PIP letters",pip_hr_letters,5,No,,,,Disabled,ALL,,,Disabled,Disabled,N.A,Disabled,,Disabled,,Disabled,,,"Admin|Self|Deepta Mathur Employee Data View|Jennifer Employee Data View & Onboarding","Admin|Deepta Mathur Employee Data View|Jennifer Employee Data View & Onboarding","Admin|Deepta Mathur Employee Data View|Jennifer Employee Data View & Onboarding",Admin,"Admin|Self|Deepta Mathur Employee Data View|Jennifer Employee Data View & Onboarding",,,Disabled,Disabled,,Disabled,Disabled,Disabled,Disabled,Disabled,Disabled,Disabled,Disabled,Disabled,Disabled,Disabled,,,,,All,,NA,,NA,NA
"HR letters",hr_letters,18,Absconding,absconding_hr_letters,6,No,,,,Disabled,ALL,,,Disabled,Disabled,N.A,Disabled,,Disabled,,Disabled,,,"Admin|Self|Deepta Mathur Employee Data View|Jennifer Employee Data View & Onboarding","Admin|Deepta Mathur Employee Data View|Jennifer Employee Data View & Onboarding","Admin|Deepta Mathur Employee Data View|Jennifer Employee Data View & Onboarding",Admin,"Admin|Self|Deepta Mathur Employee Data View|Jennifer Employee Data View & Onboarding",,,Disabled,Disabled,,Disabled,Disabled,Disabled,Disabled,Disabled,Disabled,Disabled,Disabled,Disabled,Disabled,Disabled,,,,,All,,NA,,NA,NA
"HR letters",hr_letters,18,"Employment related",employment_related_hr_letters,7,No,,,,Enabled,ALL,,,Disabled,Disabled,N.A,Disabled,,Disabled,,Disabled,,,"Admin|Self|Deepta Mathur Employee Data View|Jennifer Employee Data View & Onboarding","Admin|Deepta Mathur Employee Data View|Jennifer Employee Data View & Onboarding","Admin|Deepta Mathur Employee Data View|Jennifer Employee Data View & Onboarding",Admin,"Admin|Self|Deepta Mathur Employee Data View|Jennifer Employee Data View & Onboarding",,,Disabled,Disabled,,Disabled,Disabled,Disabled,Disabled,Disabled,Disabled,Disabled,Disabled,Disabled,Disabled,Disabled,,,,,All,,NA,,NA,NA
"HR letters",hr_letters,18,"Employee separation related",employee_separation_related_hr_letters,8,No,,,,Enabled,ALL,,,Disabled,Disabled,N.A,Disabled,,Disabled,,Disabled,,,"Admin|Self|Deepta Mathur Employee Data View|Jennifer Employee Data View & Onboarding","Admin|Self|Deepta Mathur Employee Data View|Jennifer Employee Data View & Onboarding","Admin|Deepta Mathur Employee Data View|Jennifer Employee Data View & Onboarding",Admin,"Admin|Self|Deepta Mathur Employee Data View|Jennifer Employee Data View & Onboarding",,,Disabled,Disabled,,Disabled,Disabled,Disabled,Disabled,Disabled,Disabled,Disabled,Disabled,Disabled,Disabled,Disabled,All,,,,All,,NA,,NA,NA
"HR letters",hr_letters,18,"Offer Letters",offer_letters,9,No,,,,Enabled,ALL,,,Disabled,Disabled,N.A,Disabled,,Disabled,,Disabled,,,"Admin|Self|Deepta & Jennifer Offer Letter View","Admin|Deepta & Jennifer Offer Letter View","Admin|Deepta & Jennifer Offer Letter View",Admin,"Admin|Self|Deepta & Jennifer Offer Letter View",,,Disabled,Disabled,,Disabled,Disabled,Disabled,Disabled,Disabled,Disabled,Disabled,Disabled,Disabled,Disabled,Disabled,All,,,,All,,NA,,NA,NA
"HR letters",hr_letters,18,"Offer Proposal Letters",offer_proposal_letters,10,No,,,,Disabled,ALL,,,Disabled,Disabled,N.A,Disabled,,Disabled,,Disabled,,,"Admin|Self|Deepta Mathur Employee Data View|Jennifer Employee Data View & Onboarding","Admin|Deepta Mathur Employee Data View|Jennifer Employee Data View & Onboarding","Admin|Deepta Mathur Employee Data View|Jennifer Employee Data View & Onboarding",Admin,"Admin|Self|Deepta Mathur Employee Data View|Jennifer Employee Data View & Onboarding",,,Disabled,Disabled,,Disabled,Disabled,Disabled,Disabled,Disabled,Disabled,Disabled,Disabled,Disabled,Disabled,Disabled,,,,,All,,NA,,NA,NA
"HR letters",hr_letters,18,"NDA Acknowledgement",a64b797864f5e0,11,Yes,File,,,Disabled,ALL,,,Disabled,Disabled,Disabled,Disabled,,Disabled,,Disabled,,,"Admin|Self|Deepta Mathur Employee Data View|Jennifer Employee Data View & Onboarding","Admin|Deepta Mathur Employee Data View|Jennifer Employee Data View & Onboarding","Admin|Deepta Mathur Employee Data View|Jennifer Employee Data View & Onboarding",Admin,"Admin|Self|Deepta Mathur Employee Data View|Jennifer Employee Data View & Onboarding",,,Disabled,Disabled,,Disabled,Disabled,Disabled,Disabled,Disabled,Disabled,Disabled,Disabled,Disabled,Disabled,Disabled,All,,,,,,Disabled,,NA,NA
"HR letters",hr_letters,18,"Other NDAs",a651bfdfb2d3b2,12,Yes,"Multi File",,,Enabled,ALL,,,Disabled,Disabled,Disabled,Disabled,,Disabled,,Disabled,,,"Admin|Self|Deepta Mathur Employee Data View|Jennifer Employee Data View & Onboarding","Admin|Deepta Mathur Employee Data View|Jennifer Employee Data View & Onboarding","Admin|Deepta Mathur Employee Data View|Jennifer Employee Data View & Onboarding",Admin,"Admin|Self|Deepta Mathur Employee Data View|Jennifer Employee Data View & Onboarding",,,Disabled,Disabled,,Disabled,Disabled,Disabled,Disabled,Disabled,Disabled,Disabled,Disabled,Disabled,Disabled,Disabled,All,,,,,,Disabled,,NA,NA
Visa,visa,19,Country,visa_country,1,No,,,,Enabled,ALL,,,Disabled,Disabled,N.A,Disabled,,Disabled,,Disabled,,,"Admin|Self|HRBP|Ragini|Deepta Mathur Employee Data View|Chaithra Palladka & Rina Patel|Shreshta Alawandi Employee Data and Confirmation||Jennifer Employee Data View & Onboarding","Admin|Self|Ragini|Deepta Mathur Employee Data View||Jennifer Employee Data View & Onboarding","Admin|Self|Ragini|Deepta Mathur Employee Data View||Jennifer Employee Data View & Onboarding",Admin,,,,Disabled,Disabled,,Enabled,Disabled,Enabled,Disabled,Disabled,Disabled,Disabled,Disabled,Disabled,Enabled,Disabled,All,All,All,All,All,All,NA,,NA,NA
Visa,visa,19,"Visa type",visa_type,2,No,,,,Enabled,ALL,,,Disabled,Disabled,N.A,Disabled,,Disabled,,Disabled,,,"Admin|Self|HRBP|Ragini|Deepta Mathur Employee Data View|Chaithra Palladka & Rina Patel|Shreshta Alawandi Employee Data and Confirmation||Jennifer Employee Data View & Onboarding","Admin|Self|Ragini|Deepta Mathur Employee Data View||Jennifer Employee Data View & Onboarding","Admin|Self|Ragini|Deepta Mathur Employee Data View||Jennifer Employee Data View & Onboarding",Admin,,,,Disabled,Disabled,,Enabled,Disabled,Enabled,Disabled,Disabled,Disabled,Disabled,Disabled,Disabled,Enabled,Disabled,All,All,All,All,All,All,NA,,NA,NA
Visa,visa,19,"Visa Number",visa_no,3,No,,,,Enabled,ALL,,,Disabled,Disabled,N.A,Disabled,,Disabled,,Disabled,,,"Admin|Self|HRBP|Ragini|Deepta Mathur Employee Data View|Chaithra Palladka & Rina Patel|Shreshta Alawandi Employee Data and Confirmation||Jennifer Employee Data View & Onboarding","Admin|Self|Ragini|Deepta Mathur Employee Data View||Jennifer Employee Data View & Onboarding","Admin|Self|Ragini|Deepta Mathur Employee Data View||Jennifer Employee Data View & Onboarding",Admin,,,,Disabled,Disabled,,Enabled,Disabled,Enabled,Disabled,Disabled,Disabled,Disabled,Disabled,Disabled,Enabled,Disabled,All,All,All,All,All,All,NA,,NA,NA
Visa,visa,19,"Issue date",visa_issue_date,4,No,,,,Enabled,ALL,,,Disabled,Disabled,N.A,Disabled,,Disabled,,Disabled,,,"Admin|Self|HRBP|Ragini|Deepta Mathur Employee Data View|Chaithra Palladka & Rina Patel|Shreshta Alawandi Employee Data and Confirmation||Jennifer Employee Data View & Onboarding","Admin|Self|Ragini|Deepta Mathur Employee Data View||Jennifer Employee Data View & Onboarding","Admin|Self|Ragini|Deepta Mathur Employee Data View||Jennifer Employee Data View & Onboarding",Admin,,,,Disabled,Disabled,,Enabled,Disabled,Enabled,Disabled,Disabled,Disabled,Disabled,Disabled,Disabled,Enabled,Disabled,All,All,All,All,All,All,NA,,NA,NA
Visa,visa,19,"Valid till",visa_valid_till,5,No,,,,Enabled,ALL,,,Disabled,Disabled,N.A,Disabled,,Disabled,,Disabled,,,"Admin|Self|HRBP|Ragini|Deepta Mathur Employee Data View|Chaithra Palladka & Rina Patel|Shreshta Alawandi Employee Data and Confirmation||Jennifer Employee Data View & Onboarding","Admin|Self|Ragini|Deepta Mathur Employee Data View||Jennifer Employee Data View & Onboarding","Admin|Self|Ragini|Deepta Mathur Employee Data View||Jennifer Employee Data View & Onboarding",Admin,,,,Disabled,Disabled,,Enabled,Disabled,Enabled,Disabled,Disabled,Disabled,Disabled,Disabled,Disabled,Enabled,Disabled,All,All,All,All,All,All,NA,,NA,NA
Visa,visa,19,"Border Entry No.",border_entry_no,6,No,,,,Disabled,ALL,,,Disabled,Disabled,N.A,Disabled,,Disabled,,Disabled,,,Admin|Self,Admin,Admin,Admin,,,,Disabled,Disabled,,Disabled,Disabled,Disabled,Disabled,Disabled,Disabled,Disabled,Disabled,Disabled,Disabled,Disabled,,,,,All,,NA,,NA,NA
Visa,visa,19,"Date of Entry from Border",date_of_entry_from_the_border,7,No,,,,Disabled,ALL,,,Disabled,Disabled,N.A,Disabled,,Disabled,,Disabled,,,Admin|Self,Admin,Admin,Admin,,,,Disabled,Disabled,,Disabled,Disabled,Disabled,Disabled,Disabled,Disabled,Disabled,Disabled,Disabled,Disabled,Disabled,,,,,All,,NA,,NA,NA
Visa,visa,19,"Date of Entry from Port",date_of_entry_from_the_port,8,No,,,,Disabled,ALL,,,Disabled,Disabled,N.A,Disabled,,Disabled,,Disabled,,,Admin|Self,Admin,Admin,Admin,,,,Disabled,Disabled,,Disabled,Disabled,Disabled,Disabled,Disabled,Disabled,Disabled,Disabled,Disabled,Disabled,Disabled,,,,,All,,NA,,NA,NA
Visa,visa,19,"Port Entry No.",port_entry_no,9,No,,,,Disabled,ALL,,,Disabled,Disabled,N.A,Disabled,,Disabled,,Disabled,,,Admin|Self,Admin,Admin,Admin,,,,Disabled,Disabled,,Disabled,Disabled,Disabled,Disabled,Disabled,Disabled,Disabled,Disabled,Disabled,Disabled,Disabled,,,,,All,,NA,,NA,NA
Visa,visa,19,"Sponsor ID",sponsor_id,10,No,,,,Disabled,ALL,,,Disabled,Disabled,N.A,Disabled,,Disabled,,Disabled,,,Admin|Self,Admin,Admin,Admin,,,,Disabled,Disabled,,Disabled,Disabled,Disabled,Disabled,Disabled,Disabled,Disabled,Disabled,Disabled,Disabled,Disabled,,,,,All,,NA,,NA,NA
"Social Security",social_security,20,"EPS Applicability",existing_eps_member,1,No,,,,Enabled,ALL,,,Disabled,Disabled,N.A,Disabled,,Disabled,,Disabled,,,"Admin|Self|HRBP|Accounts - Payroll|Ragini|Deepta Mathur Employee Data View|Chaithra Palladka & Rina Patel|Shreshta Alawandi Employee Data and Confirmation||Jennifer Employee Data View & Onboarding","Admin|HRBP|Accounts - Payroll|Deepta Mathur Employee Data View|Chaithra Palladka & Rina Patel|Shreshta Alawandi Employee Data and Confirmation||Jennifer Employee Data View & Onboarding","Admin|HRBP|Accounts - Payroll|Deepta Mathur Employee Data View|Chaithra Palladka & Rina Patel|Shreshta Alawandi Employee Data and Confirmation||Jennifer Employee Data View & Onboarding",Admin,,,,Disabled,Disabled,,Disabled,Disabled,Disabled,Disabled,Disabled,Disabled,Disabled,Disabled,Disabled,Disabled,Disabled,,,,,All,,NA,,NA,NA
"Social Security",social_security,20,"Name as per Aadhaar",user_name_as_per_aadhar,2,No,,,,Enabled,ALL,,,Disabled,Disabled,N.A,Disabled,,Disabled,,Disabled,,,"Admin|Self|HRBP|Accounts - Payroll|Ragini|Deepta Mathur Employee Data View|Chaithra Palladka & Rina Patel|Shreshta Alawandi Employee Data and Confirmation||Jennifer Employee Data View & Onboarding","Admin|HRBP|Accounts - Payroll|Deepta Mathur Employee Data View|Chaithra Palladka & Rina Patel|Shreshta Alawandi Employee Data and Confirmation||Jennifer Employee Data View & Onboarding","Admin|HRBP|Accounts - Payroll|Deepta Mathur Employee Data View|Chaithra Palladka & Rina Patel|Shreshta Alawandi Employee Data and Confirmation||Jennifer Employee Data View & Onboarding",Admin,,,,Disabled,Disabled,,Disabled,Disabled,Disabled,Disabled,Disabled,Disabled,Disabled,Disabled,Disabled,Disabled,Disabled,,,,,All,,NA,,NA,NA
"Social Security",social_security,20,"ESIC Applicable",esic_applicable,3,No,,,,Enabled,ALL,,,Disabled,Disabled,N.A,Disabled,,Disabled,,Disabled,,,"Admin|Self|HRBP|Accounts - Payroll|Ragini|Deepta Mathur Employee Data View|Chaithra Palladka & Rina Patel|Shreshta Alawandi Employee Data and Confirmation||Jennifer Employee Data View & Onboarding","Admin|HRBP|Accounts - Payroll|Deepta Mathur Employee Data View|Chaithra Palladka & Rina Patel|Shreshta Alawandi Employee Data and Confirmation||Jennifer Employee Data View & Onboarding","Admin|HRBP|Accounts - Payroll|Deepta Mathur Employee Data View|Chaithra Palladka & Rina Patel|Shreshta Alawandi Employee Data and Confirmation||Jennifer Employee Data View & Onboarding",Admin,,,,Disabled,Disabled,,Disabled,Disabled,Disabled,Disabled,Disabled,Disabled,Disabled,Disabled,Disabled,Disabled,Disabled,,,,,All,,NA,,NA,NA
"Social Security",social_security,20,"ESIC number",esic_number,4,No,,,,Enabled,ALL,,,Disabled,Disabled,N.A,Disabled,,Disabled,,Disabled,,,"Admin|Self|HRBP|Accounts - Payroll|Ragini|Deepta Mathur Employee Data View|Chaithra Palladka & Rina Patel|Shreshta Alawandi Employee Data and Confirmation||Jennifer Employee Data View & Onboarding","Admin|HRBP|Accounts - Payroll|Deepta Mathur Employee Data View|Chaithra Palladka & Rina Patel|Shreshta Alawandi Employee Data and Confirmation||Jennifer Employee Data View & Onboarding","Admin|HRBP|Accounts - Payroll|Deepta Mathur Employee Data View|Chaithra Palladka & Rina Patel|Shreshta Alawandi Employee Data and Confirmation||Jennifer Employee Data View & Onboarding",Admin,,,,Disabled,Disabled,,Disabled,Disabled,Disabled,Disabled,Disabled,Disabled,Disabled,Disabled,Disabled,Disabled,Disabled,,,,,All,,NA,,NA,NA
"Social Security",social_security,20,"Name as per ESIC",esic_registration_name,5,No,,,,Enabled,ALL,,,Disabled,Disabled,N.A,Disabled,,Disabled,,Disabled,,,"Admin|Self|HRBP|Accounts - Payroll|Ragini|Deepta Mathur Employee Data View|Chaithra Palladka & Rina Patel|Shreshta Alawandi Employee Data and Confirmation||Jennifer Employee Data View & Onboarding","Admin|HRBP|Accounts - Payroll|Deepta Mathur Employee Data View|Chaithra Palladka & Rina Patel|Shreshta Alawandi Employee Data and Confirmation||Jennifer Employee Data View & Onboarding","Admin|HRBP|Accounts - Payroll|Deepta Mathur Employee Data View|Chaithra Palladka & Rina Patel|Shreshta Alawandi Employee Data and Confirmation||Jennifer Employee Data View & Onboarding",Admin,,,,Disabled,Disabled,,Disabled,Disabled,Disabled,Disabled,Disabled,Disabled,Disabled,Disabled,Disabled,Disabled,Disabled,,,,,All,,NA,,NA,NA
"Social Security",social_security,20,"ESIC Applicable From",esic_applicable_from,6,No,,,,Enabled,ALL,,,Disabled,Disabled,N.A,Disabled,,Disabled,,Disabled,,,"Admin|Self|HRBP|Accounts - Payroll|Ragini|Deepta Mathur Employee Data View|Chaithra Palladka & Rina Patel|Shreshta Alawandi Employee Data and Confirmation||Jennifer Employee Data View & Onboarding","Admin|HRBP|Accounts - Payroll|Deepta Mathur Employee Data View|Chaithra Palladka & Rina Patel|Shreshta Alawandi Employee Data and Confirmation||Jennifer Employee Data View & Onboarding","Admin|HRBP|Accounts - Payroll|Deepta Mathur Employee Data View|Chaithra Palladka & Rina Patel|Shreshta Alawandi Employee Data and Confirmation||Jennifer Employee Data View & Onboarding",Admin,,,,Disabled,Disabled,,Disabled,Disabled,Disabled,Disabled,Disabled,Disabled,Disabled,Disabled,Disabled,Disabled,Disabled,,,,,All,,NA,,NA,NA
"Social Security",social_security,20,"ESIC Registration Code",esic_registration_code,7,No,,,,Enabled,ALL,,,Disabled,Disabled,N.A,Disabled,,Disabled,,Disabled,,,"Admin|Self|HRBP|Accounts - Payroll|Ragini|Deepta Mathur Employee Data View|Chaithra Palladka & Rina Patel|Shreshta Alawandi Employee Data and Confirmation||Jennifer Employee Data View & Onboarding","Admin|HRBP|Accounts - Payroll|Deepta Mathur Employee Data View|Chaithra Palladka & Rina Patel|Shreshta Alawandi Employee Data and Confirmation||Jennifer Employee Data View & Onboarding","Admin|HRBP|Accounts - Payroll|Deepta Mathur Employee Data View|Chaithra Palladka & Rina Patel|Shreshta Alawandi Employee Data and Confirmation||Jennifer Employee Data View & Onboarding",Admin,,,,Disabled,Disabled,,Disabled,Disabled,Disabled,Disabled,Disabled,Disabled,Disabled,Disabled,Disabled,Disabled,Disabled,,,,,All,,NA,,NA,NA
"Social Security",social_security,20,"Gratuity number",gratuity_number,8,No,,,,Enabled,ALL,,,Disabled,Disabled,N.A,Disabled,,Disabled,,Disabled,,,"Admin|Self|HRBP|Accounts - Payroll|Ragini|Deepta Mathur Employee Data View|Chaithra Palladka & Rina Patel|Shreshta Alawandi Employee Data and Confirmation||Jennifer Employee Data View & Onboarding","Admin|HRBP|Accounts - Payroll|Deepta Mathur Employee Data View|Chaithra Palladka & Rina Patel|Shreshta Alawandi Employee Data and Confirmation||Jennifer Employee Data View & Onboarding","Admin|HRBP|Accounts - Payroll|Deepta Mathur Employee Data View|Chaithra Palladka & Rina Patel|Shreshta Alawandi Employee Data and Confirmation||Jennifer Employee Data View & Onboarding",Admin,,,,Disabled,Disabled,,Disabled,Disabled,Disabled,Disabled,Disabled,Disabled,Disabled,Disabled,Disabled,Disabled,Disabled,,,,,All,,NA,,NA,NA
"Social Security",social_security,20,"Healthcare classification status",healthcare_classification_status,9,No,,,,Disabled,ALL,,,Disabled,Disabled,N.A,Disabled,,Disabled,,Disabled,,,"Admin|Self|HRBP|Accounts - Payroll|Ragini|Deepta Mathur Employee Data View|Chaithra Palladka & Rina Patel|Shreshta Alawandi Employee Data and Confirmation||Jennifer Employee Data View & Onboarding","Admin|HRBP|Accounts - Payroll|Deepta Mathur Employee Data View|Chaithra Palladka & Rina Patel|Shreshta Alawandi Employee Data and Confirmation||Jennifer Employee Data View & Onboarding","Admin|HRBP|Accounts - Payroll|Deepta Mathur Employee Data View|Chaithra Palladka & Rina Patel|Shreshta Alawandi Employee Data and Confirmation||Jennifer Employee Data View & Onboarding",Admin,,,,Disabled,Disabled,,Disabled,Disabled,Disabled,Disabled,Disabled,Disabled,Disabled,Disabled,Disabled,Disabled,Disabled,,,,,All,,NA,,NA,NA
"Social Security",social_security,20,"LWF Applicable",lwf_applicable,10,No,,,,Enabled,ALL,,,Disabled,Disabled,N.A,Disabled,,Disabled,,Disabled,,,"Admin|Self|HRBP|Accounts - Payroll|Ragini|Deepta Mathur Employee Data View|Chaithra Palladka & Rina Patel|Shreshta Alawandi Employee Data and Confirmation||Jennifer Employee Data View & Onboarding","Admin|HRBP|Accounts - Payroll|Deepta Mathur Employee Data View|Chaithra Palladka & Rina Patel|Shreshta Alawandi Employee Data and Confirmation||Jennifer Employee Data View & Onboarding","Admin|HRBP|Accounts - Payroll|Deepta Mathur Employee Data View|Chaithra Palladka & Rina Patel|Shreshta Alawandi Employee Data and Confirmation||Jennifer Employee Data View & Onboarding",Admin,,,,Disabled,Disabled,,Disabled,Disabled,Disabled,Disabled,Disabled,Disabled,Disabled,Disabled,Disabled,Disabled,Disabled,,,,,All,,NA,,NA,NA
"Social Security",social_security,20,"LWF Designation",lwf_designation,11,No,,,,Enabled,ALL,,,Disabled,Disabled,N.A,Disabled,,Disabled,,Disabled,,,"Admin|Self|HRBP|Accounts - Payroll|Ragini|Deepta Mathur Employee Data View|Chaithra Palladka & Rina Patel|Shreshta Alawandi Employee Data and Confirmation||Jennifer Employee Data View & Onboarding","Admin|HRBP|Accounts - Payroll|Deepta Mathur Employee Data View|Chaithra Palladka & Rina Patel|Shreshta Alawandi Employee Data and Confirmation||Jennifer Employee Data View & Onboarding","Admin|HRBP|Accounts - Payroll|Deepta Mathur Employee Data View|Chaithra Palladka & Rina Patel|Shreshta Alawandi Employee Data and Confirmation||Jennifer Employee Data View & Onboarding",Admin,,,,Disabled,Disabled,,Disabled,Disabled,Disabled,Disabled,Disabled,Disabled,Disabled,Disabled,Disabled,Disabled,Disabled,,,,,All,,NA,,NA,NA
"Social Security",social_security,20,"LWF State",lwf_state,12,No,,,,Enabled,ALL,,,Disabled,Disabled,N.A,Disabled,,Disabled,,Disabled,,,"Admin|Self|HRBP|Accounts - Payroll|Ragini|Deepta Mathur Employee Data View|Chaithra Palladka & Rina Patel|Shreshta Alawandi Employee Data and Confirmation||Jennifer Employee Data View & Onboarding","Admin|HRBP|Accounts - Payroll|Deepta Mathur Employee Data View|Chaithra Palladka & Rina Patel|Shreshta Alawandi Employee Data and Confirmation||Jennifer Employee Data View & Onboarding","Admin|HRBP|Accounts - Payroll|Deepta Mathur Employee Data View|Chaithra Palladka & Rina Patel|Shreshta Alawandi Employee Data and Confirmation||Jennifer Employee Data View & Onboarding",Admin,,,,Disabled,Disabled,,Disabled,Disabled,Disabled,Disabled,Disabled,Disabled,Disabled,Disabled,Disabled,Disabled,Disabled,,,,,All,,NA,,NA,NA
"Social Security",social_security,20,"PF number",pf_number,13,No,,,,Enabled,ALL,,,Disabled,Disabled,N.A,Disabled,,Disabled,,Disabled,,,"Admin|Self|HRBP|Accounts - Payroll|Ragini|Deepta Mathur Employee Data View|Chaithra Palladka & Rina Patel|Shreshta Alawandi Employee Data and Confirmation||Jennifer Employee Data View & Onboarding","Admin|HRBP|Accounts - Payroll|Deepta Mathur Employee Data View|Chaithra Palladka & Rina Patel|Shreshta Alawandi Employee Data and Confirmation||Jennifer Employee Data View & Onboarding","Admin|HRBP|Accounts - Payroll|Deepta Mathur Employee Data View|Chaithra Palladka & Rina Patel|Shreshta Alawandi Employee Data and Confirmation||Jennifer Employee Data View & Onboarding",Admin,,,,Disabled,Disabled,,Disabled,Disabled,Disabled,Disabled,Disabled,Disabled,Disabled,Disabled,Disabled,Disabled,Disabled,All,,,,All,,NA,,NA,NA
"Social Security",social_security,20,"PF Restriction",pf_contribution,14,No,,,,Enabled,ALL,,,Disabled,Disabled,N.A,Disabled,,Disabled,,Disabled,,,"Admin|Self|HRBP|Accounts - Payroll|Ragini|Deepta Mathur Employee Data View|Chaithra Palladka & Rina Patel|Shreshta Alawandi Employee Data and Confirmation||Jennifer Employee Data View & Onboarding","Admin|HRBP|Accounts - Payroll|Deepta Mathur Employee Data View|Chaithra Palladka & Rina Patel|Shreshta Alawandi Employee Data and Confirmation||Jennifer Employee Data View & Onboarding","Admin|HRBP|Accounts - Payroll|Deepta Mathur Employee Data View|Chaithra Palladka & Rina Patel|Shreshta Alawandi Employee Data and Confirmation||Jennifer Employee Data View & Onboarding",Admin,,,,Disabled,Disabled,,Disabled,Disabled,Disabled,Disabled,Disabled,Disabled,Disabled,Disabled,Disabled,Disabled,Disabled,All,,,,All,,NA,,NA,NA
"Social Security",social_security,20,"PF applicable from",pf_applicable_from,15,No,,,,Enabled,ALL,,,Disabled,Disabled,N.A,Disabled,,Disabled,,Disabled,,,"Admin|Self|HRBP|Accounts - Payroll|Ragini|Deepta Mathur Employee Data View|Chaithra Palladka & Rina Patel|Shreshta Alawandi Employee Data and Confirmation||Jennifer Employee Data View & Onboarding","Admin|HRBP|Accounts - Payroll|Deepta Mathur Employee Data View|Chaithra Palladka & Rina Patel|Shreshta Alawandi Employee Data and Confirmation||Jennifer Employee Data View & Onboarding","Admin|HRBP|Accounts - Payroll|Deepta Mathur Employee Data View|Chaithra Palladka & Rina Patel|Shreshta Alawandi Employee Data and Confirmation||Jennifer Employee Data View & Onboarding",Admin,,,,Disabled,Disabled,,Disabled,Disabled,Disabled,Disabled,Disabled,Disabled,Disabled,Disabled,Disabled,Disabled,Disabled,All,,,,All,,NA,,NA,NA
"Social Security",social_security,20,"PF Registration Location",pf_registration_number_id,16,No,,,,Enabled,ALL,,,Disabled,Disabled,N.A,Disabled,,Disabled,,Disabled,,,"Admin|Self|HRBP|Accounts - Payroll|Ragini|Deepta Mathur Employee Data View|Chaithra Palladka & Rina Patel|Shreshta Alawandi Employee Data and Confirmation||Jennifer Employee Data View & Onboarding","Admin|HRBP|Accounts - Payroll|Deepta Mathur Employee Data View|Chaithra Palladka & Rina Patel|Shreshta Alawandi Employee Data and Confirmation||Jennifer Employee Data View & Onboarding","Admin|HRBP|Accounts - Payroll|Deepta Mathur Employee Data View|Chaithra Palladka & Rina Patel|Shreshta Alawandi Employee Data and Confirmation||Jennifer Employee Data View & Onboarding",Admin,,,,Disabled,Disabled,,Disabled,Disabled,Disabled,Disabled,Disabled,Disabled,Disabled,Disabled,Disabled,Disabled,Disabled,All,,,,All,,NA,,NA,NA
"Social Security",social_security,20,"Restrict Company PF",restrict_company_pf,17,No,,,,Enabled,ALL,,,Disabled,Disabled,N.A,Disabled,,Disabled,,Disabled,,,"Admin|Self|HRBP|Accounts - Payroll|Ragini|Deepta Mathur Employee Data View|Chaithra Palladka & Rina Patel|Shreshta Alawandi Employee Data and Confirmation||Jennifer Employee Data View & Onboarding","Admin|HRBP|Accounts - Payroll|Deepta Mathur Employee Data View|Chaithra Palladka & Rina Patel|Shreshta Alawandi Employee Data and Confirmation||Jennifer Employee Data View & Onboarding","Admin|HRBP|Accounts - Payroll|Deepta Mathur Employee Data View|Chaithra Palladka & Rina Patel|Shreshta Alawandi Employee Data and Confirmation||Jennifer Employee Data View & Onboarding",Admin,,,,Disabled,Disabled,,Disabled,Disabled,Disabled,Disabled,Disabled,Disabled,Disabled,Disabled,Disabled,Disabled,Disabled,All,,,,All,,NA,,NA,NA
"Social Security",social_security,20,"UAN Number",uan_number,18,No,,,,Enabled,ALL,,,Disabled,Disabled,Disabled,Disabled,,Disabled,,Disabled,,,"Admin|Self|HRBP|Accounts - Payroll|Ragini|Deepta Mathur Employee Data View|Chaithra Palladka & Rina Patel|Shreshta Alawandi Employee Data and Confirmation|Jennifer Employee Data View & Onboarding","Admin|HRBP|Accounts - Payroll|Deepta Mathur Employee Data View|Chaithra Palladka & Rina Patel|Shreshta Alawandi Employee Data and Confirmation|Jennifer Employee Data View & Onboarding|Payroll - Admin","Admin|HRBP|Accounts - Payroll|Deepta Mathur Employee Data View|Chaithra Palladka & Rina Patel|Shreshta Alawandi Employee Data and Confirmation|Jennifer Employee Data View & Onboarding",Admin,,,,Disabled,Disabled,,Disabled,Disabled,Disabled,Disabled,Disabled,Disabled,Disabled,Disabled,Disabled,Disabled,Disabled,All,,,,All,,Disabled,,NA,Disabled
"Social Security",social_security,20,"Existing member of PF",existing_pf_member,19,N.A,,,,Disabled,ALL,,,Disabled,Disabled,N.A,Disabled,,Disabled,,Disabled,,,Admin|Self,Admin,Admin,Admin,,,,Disabled,Disabled,,Disabled,Disabled,Disabled,Disabled,Disabled,Disabled,Disabled,Disabled,Disabled,Disabled,Disabled,,,,,All,,NA,,NA,NA
"Social Security",social_security,20,"PF Applicability",pf_applicability,20,N.A,,,,Enabled,ALL,,,Disabled,Disabled,N.A,Disabled,,Disabled,,Disabled,,,"Admin|Self|HRBP|Accounts - Payroll|Ragini|Deepta Mathur Employee Data View|Chaithra Palladka & Rina Patel|Shreshta Alawandi Employee Data and Confirmation||Jennifer Employee Data View & Onboarding","Admin|HRBP|Accounts - Payroll|Deepta Mathur Employee Data View|Chaithra Palladka & Rina Patel|Shreshta Alawandi Employee Data and Confirmation||Jennifer Employee Data View & Onboarding","Admin|HRBP|Accounts - Payroll|Deepta Mathur Employee Data View|Chaithra Palladka & Rina Patel|Shreshta Alawandi Employee Data and Confirmation||Jennifer Employee Data View & Onboarding",Admin,,,,Disabled,Disabled,,Disabled,Disabled,Disabled,Disabled,Disabled,Disabled,Disabled,Disabled,Disabled,Disabled,Disabled,,,,,All,,NA,,NA,NA
"Social Security",social_security,20,"ESIC Applicable Till",esic_applicable_till,21,No,,,,Disabled,ALL,,,Disabled,Disabled,N.A,Disabled,,Disabled,,Disabled,,,"Admin|Self|HRBP|Accounts - Payroll|Ragini|Deepta Mathur Employee Data View|Chaithra Palladka & Rina Patel|Shreshta Alawandi Employee Data and Confirmation||Jennifer Employee Data View & Onboarding","Admin|HRBP|Accounts - Payroll|Deepta Mathur Employee Data View|Chaithra Palladka & Rina Patel|Shreshta Alawandi Employee Data and Confirmation||Jennifer Employee Data View & Onboarding","Admin|HRBP|Accounts - Payroll|Deepta Mathur Employee Data View|Chaithra Palladka & Rina Patel|Shreshta Alawandi Employee Data and Confirmation||Jennifer Employee Data View & Onboarding",Admin,,,,Disabled,Disabled,,Disabled,Disabled,Disabled,Disabled,Disabled,Disabled,Disabled,Disabled,Disabled,Disabled,Disabled,,,,,All,,NA,,NA,NA
"Social Security",social_security,20,"Eligible for Higher Pension",eligible_for_higher_pension,22,No,,,,Disabled,ALL,,,Disabled,Disabled,N.A,Disabled,,Disabled,,Disabled,,,"Admin|Self|HRBP|Accounts - Payroll|Ragini|Deepta Mathur Employee Data View|Chaithra Palladka & Rina Patel|Shreshta Alawandi Employee Data and Confirmation||Jennifer Employee Data View & Onboarding","Admin|HRBP|Accounts - Payroll|Deepta Mathur Employee Data View|Chaithra Palladka & Rina Patel|Shreshta Alawandi Employee Data and Confirmation||Jennifer Employee Data View & Onboarding","Admin|HRBP|Accounts - Payroll|Deepta Mathur Employee Data View|Chaithra Palladka & Rina Patel|Shreshta Alawandi Employee Data and Confirmation||Jennifer Employee Data View & Onboarding",Admin,,,,Disabled,Disabled,,Disabled,Disabled,Disabled,Disabled,Disabled,Disabled,Disabled,Disabled,Disabled,Disabled,Disabled,,,,,All,,NA,,NA,NA
"Social Security",social_security,20,"PRAN Number",pran_number,23,No,,,,Disabled,ALL,,,Disabled,Disabled,N.A,Disabled,,Disabled,,Disabled,,,"Admin|Self|HRBP|Accounts - Payroll|Ragini|Deepta Mathur Employee Data View|Chaithra Palladka & Rina Patel|Shreshta Alawandi Employee Data and Confirmation||Jennifer Employee Data View & Onboarding","Admin|HRBP|Accounts - Payroll|Deepta Mathur Employee Data View|Chaithra Palladka & Rina Patel|Shreshta Alawandi Employee Data and Confirmation||Jennifer Employee Data View & Onboarding","Admin|HRBP|Accounts - Payroll|Deepta Mathur Employee Data View|Chaithra Palladka & Rina Patel|Shreshta Alawandi Employee Data and Confirmation||Jennifer Employee Data View & Onboarding",Admin,,,,Disabled,Disabled,,Enabled,Disabled,Enabled,Disabled,Disabled,Disabled,Disabled,Disabled,Disabled,Disabled,Disabled,,,,,All,,NA,,NA,NA
"Social Security",social_security,20,"Medicaid applicable?",medicaid_applicable,24,No,,,,Disabled,ALL,,,Disabled,Disabled,N.A,Disabled,,Disabled,,Disabled,,,Admin|Self,Admin,Admin,Admin,,,,Disabled,Disabled,,Disabled,Disabled,Disabled,Disabled,Disabled,Disabled,Disabled,Disabled,Disabled,Disabled,Disabled,,,,,All,,NA,,NA,NA
"Social Security",social_security,20,"Medicare applicable?",medicare_applicable,25,No,,,,Disabled,ALL,,,Disabled,Disabled,N.A,Disabled,,Disabled,,Disabled,,,Admin|Self,Admin,Admin,Admin,,,,Disabled,Disabled,,Disabled,Disabled,Disabled,Disabled,Disabled,Disabled,Disabled,Disabled,Disabled,Disabled,Disabled,,,,,All,,NA,,NA,NA
"Social Security",social_security,20,"Social Insurance Grouping",social_insurance_grouping,26,No,,,,Disabled,ALL,,,Disabled,Disabled,N.A,Disabled,,Disabled,,Disabled,,,Admin|Self,Admin,Admin,Admin,,,,Disabled,Disabled,,Disabled,Disabled,Disabled,Disabled,Disabled,Disabled,Disabled,Disabled,Disabled,Disabled,Disabled,,,,,All,,NA,,NA,NA
"Social Security",social_security,20,"GOSI Applicable",gosi_applicable,27,No,,,,Disabled,ALL,,,Disabled,Disabled,N.A,Disabled,,Disabled,,Disabled,,,Admin|Self,Admin,Admin,Admin,,,,Disabled,Disabled,,Disabled,Disabled,Disabled,Disabled,Disabled,Disabled,Disabled,Disabled,Disabled,Disabled,Disabled,,,,,All,,NA,,NA,NA
"Social Security",social_security,20,"GOSI Not Applicable Reason",gosi_not_applicable_reason,28,No,,,,Disabled,ALL,,,Disabled,Disabled,N.A,Disabled,,Disabled,,Disabled,,,Admin|Self,Admin,Admin,Admin,,,,Disabled,Disabled,,Disabled,Disabled,Disabled,Disabled,Disabled,Disabled,Disabled,Disabled,Disabled,Disabled,Disabled,,,,,All,,NA,,NA,NA
"Social Security",social_security,20,"Opted for Pension",opted_for_pension,29,No,,,,Disabled,ALL,,,Disabled,Disabled,N.A,Disabled,,Disabled,,Disabled,,,Admin|Self,Admin,Admin,Admin,,,,Disabled,Disabled,,Disabled,Disabled,Disabled,Disabled,Disabled,Disabled,Disabled,Disabled,Disabled,Disabled,Disabled,,,,,All,,NA,,NA,NA
"Social Security",social_security,20,"Pension scheme",pension_scheme,30,No,,,,Disabled,ALL,,,Disabled,Disabled,N.A,Disabled,,Disabled,,Disabled,,,Admin|Self,Admin,Admin,Admin,,,,Disabled,Disabled,,Disabled,Disabled,Disabled,Disabled,Disabled,Disabled,Disabled,Disabled,Disabled,Disabled,Disabled,,,,,All,,NA,,NA,NA
"Social Security",social_security,20,"SSF Card No",ssf_card_no,31,No,,,,Disabled,ALL,,,Disabled,Disabled,N.A,Disabled,,Disabled,,Disabled,,,Admin|Self,Admin,Admin,Admin,,,,Disabled,Disabled,,Disabled,Disabled,Disabled,Disabled,Disabled,Disabled,Disabled,Disabled,Disabled,Disabled,Disabled,,,,,All,,NA,,NA,NA
"Social Security",social_security,20,"SSF Contribution From",ssf_contribution_from,32,No,,,,Disabled,ALL,,,Disabled,Disabled,N.A,Disabled,,Disabled,,Disabled,,,Admin|Self,Admin,Admin,Admin,,,,Disabled,Disabled,,Disabled,Disabled,Disabled,Disabled,Disabled,Disabled,Disabled,Disabled,Disabled,Disabled,Disabled,,,,,All,,NA,,NA,NA
"Social Security",social_security,20,"SSF Contribution To",ssf_contribution_to,33,No,,,,Disabled,ALL,,,Disabled,Disabled,N.A,Disabled,,Disabled,,Disabled,,,Admin|Self,Admin,Admin,Admin,,,,Disabled,Disabled,,Disabled,Disabled,Disabled,Disabled,Disabled,Disabled,Disabled,Disabled,Disabled,Disabled,Disabled,,,,,All,,NA,,NA,NA
"Social Security",social_security,20,"PVF Contribution Status",pvf_contribution_status,34,No,,,,Disabled,ALL,,,Disabled,Disabled,N.A,Disabled,,Disabled,,Disabled,,,Admin|Self,Admin,Admin,Admin,,,,Disabled,Disabled,,Disabled,Disabled,Disabled,Disabled,Disabled,Disabled,Disabled,Disabled,Disabled,Disabled,Disabled,,,,,All,,NA,,NA,NA
"Social Security",social_security,20,"PVF Employee Contribution Rate",pvf_employee_contribution_rate,35,No,,,,Disabled,ALL,,,Disabled,Disabled,N.A,Disabled,,Disabled,,Disabled,,,Admin|Self,Admin,Admin,Admin,,,,Disabled,Disabled,,Disabled,Disabled,Disabled,Disabled,Disabled,Disabled,Disabled,Disabled,Disabled,Disabled,Disabled,,,,,All,,NA,,NA,NA
"Social Security",social_security,20,"PVF Employer Contribution Rate",pvf_employer_contribution_rate,36,No,,,,Disabled,ALL,,,Disabled,Disabled,N.A,Disabled,,Disabled,,Disabled,,,Admin|Self,Admin,Admin,Admin,,,,Disabled,Disabled,,Disabled,Disabled,Disabled,Disabled,Disabled,Disabled,Disabled,Disabled,Disabled,Disabled,Disabled,,,,,All,,NA,,NA,NA
"Social Security",social_security,20,"PVF Provider Name",pvf_provider_name,37,No,,,,Disabled,ALL,,,Disabled,Disabled,N.A,Disabled,,Disabled,,Disabled,,,Admin|Self,Admin,Admin,Admin,,,,Disabled,Disabled,,Disabled,Disabled,Disabled,Disabled,Disabled,Disabled,Disabled,Disabled,Disabled,Disabled,Disabled,,,,,All,,NA,,NA,NA
"Social Security",social_security,20,"PVF Contribution From",pvf_contribution_from,38,No,,,,Disabled,ALL,,,Disabled,Disabled,N.A,Disabled,,Disabled,,Disabled,,,Admin|Self,Admin,Admin,Admin,,,,Disabled,Disabled,,Disabled,Disabled,Disabled,Disabled,Disabled,Disabled,Disabled,Disabled,Disabled,Disabled,Disabled,,,,,All,,NA,,NA,NA
"Social Security",social_security,20,"PVF Contribution To",pvf_contribution_to,39,No,,,,Disabled,ALL,,,Disabled,Disabled,N.A,Disabled,,Disabled,,Disabled,,,Admin|Self,Admin,Admin,Admin,,,,Disabled,Disabled,,Disabled,Disabled,Disabled,Disabled,Disabled,Disabled,Disabled,Disabled,Disabled,Disabled,Disabled,,,,,All,,NA,,NA,NA
"Social Security",social_security,20,"PVF Scheme Name",pvf_scheme_name,40,No,,,,Disabled,ALL,,,Disabled,Disabled,N.A,Disabled,,Disabled,,Disabled,,,Admin|Self,Admin,Admin,Admin,,,,Disabled,Disabled,,Disabled,Disabled,Disabled,Disabled,Disabled,Disabled,Disabled,Disabled,Disabled,Disabled,Disabled,,,,,All,,NA,,NA,NA
"Social Security",social_security,20,"PVF Scheme Code",pvf_scheme_code,41,No,,,,Disabled,ALL,,,Disabled,Disabled,N.A,Disabled,,Disabled,,Disabled,,,Admin|Self,Admin,Admin,Admin,,,,Disabled,Disabled,,Disabled,Disabled,Disabled,Disabled,Disabled,Disabled,Disabled,Disabled,Disabled,Disabled,Disabled,,,,,All,,NA,,NA,NA
"Social Security",social_security,20,"(PTKP) Penghasilan Tidak Kena Pajak",penghasilan_tidak_kena_pajak,42,No,,,,Disabled,ALL,,,Disabled,Disabled,N.A,Disabled,,Disabled,,Disabled,,,Admin|Self,Admin,Admin,Admin,,,,Disabled,Disabled,,Disabled,Disabled,Disabled,Disabled,Disabled,Disabled,Disabled,Disabled,Disabled,Disabled,Disabled,,,,,All,,NA,,NA,NA
"Social Security",social_security,20,"Kartu Peserta Jamsostek (KPJ Number)",kartu_peserta_jamsostek,43,No,,,,Disabled,ALL,,,Disabled,Disabled,N.A,Disabled,,Disabled,,Disabled,,,Admin|Self,Admin,Admin,Admin,,,,Disabled,Disabled,,Disabled,Disabled,Disabled,Disabled,Disabled,Disabled,Disabled,Disabled,Disabled,Disabled,Disabled,,,,,All,,NA,,NA,NA
"Social Security",social_security,20,"Tax group (Golongan Pajak)",tax_group_golongan_pajak,44,No,,,,Disabled,ALL,,,Disabled,Disabled,N.A,Disabled,,Disabled,,Disabled,,,Admin|Self,Admin,Admin,Admin,,,,Disabled,Disabled,,Disabled,Disabled,Disabled,Disabled,Disabled,Disabled,Disabled,Disabled,Disabled,Disabled,Disabled,,,,,All,,NA,,NA,NA
"Social Security",social_security,20,"Jaminan Kecelakaan Kerja (JKK) - Work Accident Insurance",jaminan_kecelakaan_kerja_insurance,45,No,,,,Disabled,ALL,,,Disabled,Disabled,N.A,Disabled,,Disabled,,Disabled,,,Admin|Self,Admin,Admin,Admin,,,,Disabled,Disabled,,Disabled,Disabled,Disabled,Disabled,Disabled,Disabled,Disabled,Disabled,Disabled,Disabled,Disabled,,,,,All,,NA,,NA,NA
"Social Security",social_security,20,"JPK - Public Health Insurance",jpk_public_health_insurance,46,No,,,,Disabled,ALL,,,Disabled,Disabled,N.A,Disabled,,Disabled,,Disabled,,,Admin|Self,Admin,Admin,Admin,,,,Disabled,Disabled,,Disabled,Disabled,Disabled,Disabled,Disabled,Disabled,Disabled,Disabled,Disabled,Disabled,Disabled,,,,,All,,NA,,NA,NA
"Social Security",social_security,20,"Jaminan Kematian JKM - Death Insurance",jkm_death_insurance,47,No,,,,Disabled,ALL,,,Disabled,Disabled,N.A,Disabled,,Disabled,,Disabled,,,Admin|Self,Admin,Admin,Admin,,,,Disabled,Disabled,,Disabled,Disabled,Disabled,Disabled,Disabled,Disabled,Disabled,Disabled,Disabled,Disabled,Disabled,,,,,All,,NA,,NA,NA
"Social Security",social_security,20,"Jaminan Pensiun - JP - Pension Insurance",jp_pension_insurance,48,No,,,,Disabled,ALL,,,Disabled,Disabled,N.A,Disabled,,Disabled,,Disabled,,,Admin|Self,Admin,Admin,Admin,,,,Disabled,Disabled,,Disabled,Disabled,Disabled,Disabled,Disabled,Disabled,Disabled,Disabled,Disabled,Disabled,Disabled,,,,,All,,NA,,NA,NA
"Social Security",social_security,20,"Jaminan Hari Tua - JHT - Old Age Savings",jhd_old_age_savings,49,No,,,,Disabled,ALL,,,Disabled,Disabled,N.A,Disabled,,Disabled,,Disabled,,,Admin|Self,Admin,Admin,Admin,,,,Disabled,Disabled,,Disabled,Disabled,Disabled,Disabled,Disabled,Disabled,Disabled,Disabled,Disabled,Disabled,Disabled,,,,,All,,NA,,NA,NA
"Social Security",social_security,20,"JPK - Public Health Insurance Additional relative",jpk_public_health_insurance_additional,50,No,,,,Disabled,ALL,,,Disabled,Disabled,N.A,Disabled,,Disabled,,Disabled,,,Admin|Self,Admin,Admin,Admin,,,,Disabled,Disabled,,Disabled,Disabled,Disabled,Disabled,Disabled,Disabled,Disabled,Disabled,Disabled,Disabled,Disabled,,,,,All,,NA,,NA,NA
"Social Security",social_security,20,"Contribute to Skill Development Levy",contribute_to_skill_developement,52,No,,,,Disabled,ALL,,,Disabled,Disabled,N.A,Disabled,,Disabled,,Disabled,,,Admin,Admin,Admin,Admin,,,,Disabled,Disabled,,Disabled,Disabled,Disabled,Disabled,Disabled,Disabled,Disabled,Disabled,Disabled,Disabled,Disabled,,,,,All,,NA,,NA,NA
"Social Security",social_security,20,"Employee CPF Type",employee_cpf_type,53,No,,,,Disabled,ALL,,,Disabled,Disabled,N.A,Disabled,,Disabled,,Disabled,,,Admin,Admin,Admin,Admin,,,,Disabled,Disabled,,Disabled,Disabled,Disabled,Disabled,Disabled,Disabled,Disabled,Disabled,Disabled,Disabled,Disabled,,,,,All,,NA,,NA,NA
"Social Security",social_security,20,"Opt-out from SHG Funds",opt_out_shg_funds,54,No,,,,Disabled,ALL,,,Disabled,Disabled,N.A,Disabled,,Disabled,,Disabled,,,Admin,Admin,Admin,Admin,,,,Disabled,Disabled,,Disabled,Disabled,Disabled,Disabled,Disabled,Disabled,Disabled,Disabled,Disabled,Disabled,Disabled,,,,,All,,NA,,NA,NA
"Social Security",social_security,20,"Opt -out from MBMF Contribution",opt_out_mbmf_contribution,55,No,,,,Disabled,ALL,,,Disabled,Disabled,N.A,Disabled,,Disabled,,Disabled,,,Admin,Admin,Admin,Admin,,,,Disabled,Disabled,,Disabled,Disabled,Disabled,Disabled,Disabled,Disabled,Disabled,Disabled,Disabled,Disabled,Disabled,,,,,All,,NA,,NA,NA
"Social Security",social_security,20,"PIT Code",pit_code,56,No,,,,Disabled,ALL,,,Disabled,Disabled,N.A,Disabled,,Disabled,,Disabled,,,Admin,Admin,Admin,Admin,,,,Disabled,Disabled,,Disabled,Disabled,Disabled,Disabled,Disabled,Disabled,Disabled,Disabled,Disabled,Disabled,Disabled,,,,,All,,NA,,NA,NA
"Social Security",social_security,20,"Residence Category",residence_category,57,No,,,,Disabled,ALL,,,Disabled,Disabled,N.A,Disabled,,Disabled,,Disabled,,,Admin,Admin,Admin,Admin,,,,Disabled,Disabled,,Disabled,Disabled,Disabled,Disabled,Disabled,Disabled,Disabled,Disabled,Disabled,Disabled,Disabled,,,,,All,,NA,,NA,NA
"Social Security",social_security,20,"SOCSO Category",sosco_category,58,No,,,,Disabled,ALL,,,Disabled,Disabled,N.A,Disabled,,Disabled,,Disabled,,,Admin,Admin,Admin,Admin,,,,Disabled,Disabled,,Disabled,Disabled,Disabled,Disabled,Disabled,Disabled,Disabled,Disabled,Disabled,Disabled,Disabled,,,,,All,,NA,,NA,NA
"Social Security",social_security,20,"EIS Applicability",eis_applicability,59,No,,,,Disabled,ALL,,,Disabled,Disabled,N.A,Disabled,,Disabled,,Disabled,,,Admin,Admin,Admin,Admin,,,,Disabled,Disabled,,Disabled,Disabled,Disabled,Disabled,Disabled,Disabled,Disabled,Disabled,Disabled,Disabled,Disabled,,,,,All,,NA,,NA,NA
"Social Security",social_security,20,"EIS No.",eis_number,60,No,,,,Disabled,ALL,,,Disabled,Disabled,N.A,Disabled,,Disabled,,Disabled,,,Admin,Admin,Admin,Admin,,,,Disabled,Disabled,,Disabled,Disabled,Disabled,Disabled,Disabled,Disabled,Disabled,Disabled,Disabled,Disabled,Disabled,,,,,All,,NA,,NA,NA
"Social Security",social_security,20,"Zakat Reference Number",zakat_reference_number,61,No,,,,Disabled,ALL,,,Disabled,Disabled,N.A,Disabled,,Disabled,,Disabled,,,Admin,Admin,Admin,Admin,,,,Disabled,Disabled,,Disabled,Disabled,Disabled,Disabled,Disabled,Disabled,Disabled,Disabled,Disabled,Disabled,Disabled,,,,,All,,NA,,NA,NA
"Social Security",social_security,20,"PRS Reference Number",prs_reference_number,62,No,,,,Disabled,ALL,,,Disabled,Disabled,N.A,Disabled,,Disabled,,Disabled,,,Admin,Admin,Admin,Admin,,,,Disabled,Disabled,,Disabled,Disabled,Disabled,Disabled,Disabled,Disabled,Disabled,Disabled,Disabled,Disabled,Disabled,,,,,All,,NA,,NA,NA
"Social Security",social_security,20,"SOCSO Applicability",sosco_applicability,63,No,,,,Disabled,ALL,,,Disabled,Disabled,N.A,Disabled,,Disabled,,Disabled,,,Admin,Admin,Admin,Admin,,,,Disabled,Disabled,,Disabled,Disabled,Disabled,Disabled,Disabled,Disabled,Disabled,Disabled,Disabled,Disabled,Disabled,,,,,All,,NA,,NA,NA
"Social Security",social_security,20,"Zakat Applicability",zakat_applicability,64,No,,,,Disabled,ALL,,,Disabled,Disabled,N.A,Disabled,,Disabled,,Disabled,,,Admin,Admin,Admin,Admin,,,,Disabled,Disabled,,Disabled,Disabled,Disabled,Disabled,Disabled,Disabled,Disabled,Disabled,Disabled,Disabled,Disabled,,,,,All,,NA,,NA,NA
"Social Security",social_security,20,"PRS Applicability",prs_applicability,65,No,,,,Disabled,ALL,,,Disabled,Disabled,N.A,Disabled,,Disabled,,Disabled,,,Admin,Admin,Admin,Admin,,,,Disabled,Disabled,,Disabled,Disabled,Disabled,Disabled,Disabled,Disabled,Disabled,Disabled,Disabled,Disabled,Disabled,,,,,All,,NA,,NA,NA
"Social Security",social_security,20,"Qualified for Substitute Filing",qualified_for_substitute_filing,66,No,,,,Disabled,ALL,,,Disabled,Disabled,N.A,Disabled,,Disabled,,Disabled,,,Admin,Admin,Admin,Admin,,,,Disabled,Disabled,,Disabled,Disabled,Disabled,Disabled,Disabled,Disabled,Disabled,Disabled,Disabled,Disabled,Disabled,,,,,All,,NA,,NA,NA
"Social Security",social_security,20,"Tax Facility/Tax Certificate",tax_facility_certificate,67,No,,,,Disabled,ALL,,,Disabled,Disabled,N.A,Disabled,,Disabled,,Disabled,,,Admin,Admin,Admin,Admin,,,,Disabled,Disabled,,Disabled,Disabled,Disabled,Disabled,Disabled,Disabled,Disabled,Disabled,Disabled,Disabled,Disabled,,,,,All,,NA,,NA,NA
"Social Security",social_security,20,"Tax Object Code",tax_object_code,68,No,,,,Disabled,ALL,,,Disabled,Disabled,N.A,Disabled,,Disabled,,Disabled,,,Admin,Admin,Admin,Admin,,,,Disabled,Disabled,,Disabled,Disabled,Disabled,Disabled,Disabled,Disabled,Disabled,Disabled,Disabled,Disabled,Disabled,,,,,All,,NA,,NA,NA
"Social Security",social_security,20,"Has Multiple Employments",has_multiple_employments,69,No,,,,Disabled,ALL,,,Disabled,Disabled,N.A,Disabled,,Disabled,,Disabled,,,Admin,Admin,Admin,Admin,,,,Disabled,Disabled,,Disabled,Disabled,Disabled,Disabled,Disabled,Disabled,Disabled,Disabled,Disabled,Disabled,Disabled,,,,,All,,NA,,NA,NA
"Social Security",social_security,20,"BPA1 - Status of Withholding",bpa1_status_of_withholding,70,No,,,,Disabled,ALL,,,Disabled,Disabled,N.A,Disabled,,Disabled,,Disabled,,,Admin,Admin,Admin,Admin,,,,Disabled,Disabled,,Disabled,Disabled,Disabled,Disabled,Disabled,Disabled,Disabled,Disabled,Disabled,Disabled,Disabled,,,,,All,,NA,,NA,NA
"Social Security",social_security,20,"Stay Permit Card Number ",stay_permit_card_number,71,No,,,,Disabled,ALL,,,Disabled,Disabled,N.A,Disabled,,Disabled,,Disabled,,,Admin,Admin,Admin,Admin,,,,Disabled,Disabled,,Disabled,Disabled,Disabled,Disabled,Disabled,Disabled,Disabled,Disabled,Disabled,Disabled,Disabled,,,,,All,,NA,,NA,NA
"Social Security",social_security,20,"BP26 - Expatriate Document Date",bp26_expatriate_document_date,72,No,,,,Disabled,ALL,,,Disabled,Disabled,N.A,Disabled,,Disabled,,Disabled,,,Admin,Admin,Admin,Admin,,,,Disabled,Disabled,,Disabled,Disabled,Disabled,Disabled,Disabled,Disabled,Disabled,Disabled,Disabled,Disabled,Disabled,,,,,All,,NA,,NA,NA
"Social Security",social_security,20,"BP26 - Expatriate Document Number",bp26_expatriate_document_number,73,No,,,,Disabled,ALL,,,Disabled,Disabled,N.A,Disabled,,Disabled,,Disabled,,,Admin,Admin,Admin,Admin,,,,Disabled,Disabled,,Disabled,Disabled,Disabled,Disabled,Disabled,Disabled,Disabled,Disabled,Disabled,Disabled,Disabled,,,,,All,,NA,,NA,NA
"Social Security",social_security,20,"BP26 - Expatriate Document Type",bp26_expatriate_document_type,74,No,,,,Disabled,ALL,,,Disabled,Disabled,N.A,Disabled,,Disabled,,Disabled,,,Admin,Admin,Admin,Admin,,,,Disabled,Disabled,,Disabled,Disabled,Disabled,Disabled,Disabled,Disabled,Disabled,Disabled,Disabled,Disabled,Disabled,,,,,All,,NA,,NA,NA
"Social Security",social_security,20,"Foreign Tax Domicile Certificate Number",foreign_tax_domicile_certificate_number,75,No,,,,Disabled,ALL,,,Disabled,Disabled,N.A,Disabled,,Disabled,,Disabled,,,Admin,Admin,Admin,Admin,,,,Disabled,Disabled,,Disabled,Disabled,Disabled,Disabled,Disabled,Disabled,Disabled,Disabled,Disabled,Disabled,Disabled,,,,,All,,NA,,NA,NA
"Social Security",social_security,20,"MOL Number (Ministry of labour number)",mol_number,76,No,,,,Disabled,ALL,,,Disabled,Disabled,N.A,Disabled,,Disabled,,Disabled,,,Admin,Admin,Admin,Admin,,,,Disabled,Disabled,,Disabled,Disabled,Disabled,Disabled,Disabled,Disabled,Disabled,Disabled,Disabled,Disabled,Disabled,,,,,All,,NA,,NA,NA
"Social Security",social_security,20,"Family Book",family_book,77,N.A,,,,Disabled,ALL,,,Disabled,Disabled,N.A,Disabled,,Disabled,,Disabled,,,Admin,Admin,Admin,Admin,,,,Disabled,Disabled,,Disabled,Disabled,Disabled,Disabled,Disabled,Disabled,Disabled,Disabled,Disabled,Disabled,Disabled,,,,,All,,NA,,NA,NA
"Social Security",social_security,20,"Gratuity Start Date",gratuity_start_date,78,N.A,,,,Disabled,ALL,,,Disabled,Disabled,N.A,Disabled,,Disabled,,Disabled,,,Admin,Admin,Admin,Admin,,,,Disabled,Disabled,,Disabled,Disabled,Disabled,Disabled,Disabled,Disabled,Disabled,Disabled,Disabled,Disabled,Disabled,,,,,All,,NA,,NA,NA
"Social Security",social_security,20,"SSS Applicability",is_sss_applicable,79,N.A,,,,Disabled,ALL,,,Disabled,Disabled,N.A,Disabled,,Disabled,,Disabled,,,Admin,Admin,Admin,Admin,,,,Disabled,Disabled,,Disabled,Disabled,Disabled,Disabled,Disabled,Disabled,Disabled,Disabled,Disabled,Disabled,Disabled,,,,,All,,NA,,NA,NA
"Social Security",social_security,20,"HDMF Applicability",is_hdmf_applicable,80,N.A,,,,Disabled,ALL,,,Disabled,Disabled,N.A,Disabled,,Disabled,,Disabled,,,Admin,Admin,Admin,Admin,,,,Disabled,Disabled,,Disabled,Disabled,Disabled,Disabled,Disabled,Disabled,Disabled,Disabled,Disabled,Disabled,Disabled,,,,,All,,NA,,NA,NA
"Social Security",social_security,20,"Philhealth Applicability",is_philhealth_applicable,81,N.A,,,,Disabled,ALL,,,Disabled,Disabled,N.A,Disabled,,Disabled,,Disabled,,,Admin,Admin,Admin,Admin,,,,Disabled,Disabled,,Disabled,Disabled,Disabled,Disabled,Disabled,Disabled,Disabled,Disabled,Disabled,Disabled,Disabled,,,,,All,,NA,,NA,NA
"Social Security",social_security,20,"PTKP Exemption Status Override",ptkp_exemption_status_override,82,N.A,,,,Disabled,ALL,,,Disabled,Disabled,N.A,Disabled,,Disabled,,Disabled,,,Admin,Admin,Admin,Admin,,,,Disabled,Disabled,,Disabled,Disabled,Disabled,Disabled,Disabled,Disabled,Disabled,Disabled,Disabled,Disabled,Disabled,,,,,All,,NA,,NA,NA
"Bank Details",salary_payment_details,21,"Account Number",bank_account,1,No,,,,Enabled,ALL,,,Disabled,Disabled,N.A,Disabled,,Disabled,,Disabled,,,"Admin|Self|HRBP|Accounts - Payroll|Ragini|Deepta Mathur Employee Data View|Chaithra Palladka & Rina Patel|Shreshta Alawandi Employee Data and Confirmation|Jennifer Employee Data View & Onboarding","Admin|Accounts - Payroll|Ragini","Admin|Accounts - Payroll|Ragini","Admin|Accounts - Payroll",,,,Disabled,Disabled,,Disabled,Disabled,Disabled,Disabled,Disabled,Disabled,Disabled,Disabled,Disabled,Disabled,Disabled,All,,,,All,,NA,,NA,NA
"Bank Details",salary_payment_details,21,"Bank Name",bank_name,2,No,,,,Enabled,ALL,,,Disabled,Disabled,N.A,Disabled,,Disabled,,Disabled,,,"Admin|Self|HRBP|Accounts - Payroll|Ragini|Deepta Mathur Employee Data View|Chaithra Palladka & Rina Patel|Shreshta Alawandi Employee Data and Confirmation|Jennifer Employee Data View & Onboarding","Admin|Accounts - Payroll|Ragini","Admin|Accounts - Payroll|Ragini",Admin,,,,Disabled,Disabled,,Disabled,Disabled,Disabled,Disabled,Disabled,Disabled,Disabled,Disabled,Disabled,Disabled,Disabled,,,,,All,,NA,,NA,NA
"Bank Details",salary_payment_details,21,"Bank Branch",bank_branch,3,No,,,,Enabled,ALL,,,Disabled,Disabled,N.A,Disabled,,Disabled,,Disabled,,,"Admin|Self|HRBP|Accounts - Payroll|Ragini|Deepta Mathur Employee Data View|Chaithra Palladka & Rina Patel|Shreshta Alawandi Employee Data and Confirmation|Jennifer Employee Data View & Onboarding","Admin|Accounts - Payroll|Ragini","Admin|Accounts - Payroll|Ragini",Admin,,,,Disabled,Disabled,,Disabled,Disabled,Disabled,Disabled,Disabled,Disabled,Disabled,Disabled,Disabled,Disabled,Disabled,,,,,All,,NA,,NA,NA
"Bank Details",salary_payment_details,21,"Swift/IFSC code",bank_ifsc,4,No,,,,Enabled,ALL,,,Disabled,Disabled,N.A,Disabled,,Disabled,,Disabled,,,"Admin|Self|HRBP|Accounts - Payroll|Ragini|Deepta Mathur Employee Data View|Chaithra Palladka & Rina Patel|Shreshta Alawandi Employee Data and Confirmation|Jennifer Employee Data View & Onboarding","Admin|Accounts - Payroll|Ragini","Admin|Accounts - Payroll|Ragini",Admin,,,,Disabled,Disabled,,Disabled,Disabled,Disabled,Disabled,Disabled,Disabled,Disabled,Disabled,Disabled,Disabled,Disabled,,,,,All,,NA,,NA,NA
"Bank Details",salary_payment_details,21,Metro,metro,5,No,,,,Enabled,ALL,,,Disabled,Disabled,N.A,Disabled,,Disabled,,Disabled,,,"Admin|Self|HRBP|Accounts - Payroll|Ragini|Deepta Mathur Employee Data View|Chaithra Palladka & Rina Patel|Shreshta Alawandi Employee Data and Confirmation|Jennifer Employee Data View & Onboarding","Admin|Accounts - Payroll|Ragini","Admin|Accounts - Payroll|Ragini",Admin,,,,Disabled,Disabled,,Disabled,Disabled,Disabled,Disabled,Disabled,Disabled,Disabled,Disabled,Disabled,Disabled,Disabled,All,,,,All,,NA,,NA,NA
"Bank Details",salary_payment_details,21,"PT Applicability",pt_applicability,6,N.A,,,,Enabled,ALL,,,Disabled,Disabled,N.A,Disabled,,Disabled,,Disabled,,,"Admin|Self|HRBP|Accounts - Payroll|Ragini|Deepta Mathur Employee Data View|Chaithra Palladka & Rina Patel|Shreshta Alawandi Employee Data and Confirmation|Jennifer Employee Data View & Onboarding","Admin|Accounts - Payroll|Ragini","Admin|Accounts - Payroll|Ragini",Admin,,,,Disabled,Disabled,,Disabled,Disabled,Disabled,Disabled,Disabled,Disabled,Disabled,Disabled,Disabled,Disabled,Disabled,All,,,,All,,NA,,NA,NA
"Bank Details",salary_payment_details,21,"PT State",pt_state,7,No,,,,Enabled,ALL,,,Disabled,Disabled,N.A,Disabled,,Disabled,,Disabled,,,"Admin|Self|HRBP|Accounts - Payroll|Ragini|Deepta Mathur Employee Data View|Chaithra Palladka & Rina Patel|Shreshta Alawandi Employee Data and Confirmation|Jennifer Employee Data View & Onboarding","Admin|Accounts - Payroll|Ragini","Admin|Accounts - Payroll|Ragini",Admin,,,,Disabled,Disabled,,Disabled,Disabled,Disabled,Disabled,Disabled,Disabled,Disabled,Disabled,Disabled,Disabled,Disabled,All,,,,All,,NA,,NA,NA
"Bank Details",salary_payment_details,21,"PT Location",pt_location,8,No,,,,Enabled,ALL,,,Disabled,Disabled,N.A,Disabled,,Disabled,,Disabled,,,"Admin|Self|HRBP|Accounts - Payroll|Ragini|Deepta Mathur Employee Data View|Chaithra Palladka & Rina Patel|Shreshta Alawandi Employee Data and Confirmation|Jennifer Employee Data View & Onboarding","Admin|Accounts - Payroll|Ragini","Admin|Accounts - Payroll|Ragini",Admin,,,,Disabled,Disabled,,Disabled,Disabled,Disabled,Disabled,Disabled,Disabled,Disabled,Disabled,Disabled,Disabled,Disabled,,,,,All,,NA,,NA,NA
"Bank Details",salary_payment_details,21,"PT Registration No",pt_registration_code,9,No,,,,Enabled,ALL,,,Disabled,Disabled,N.A,Disabled,,Disabled,,Disabled,,,"Admin|Self|HRBP|Accounts - Payroll|Ragini|Deepta Mathur Employee Data View|Chaithra Palladka & Rina Patel|Shreshta Alawandi Employee Data and Confirmation|Jennifer Employee Data View & Onboarding","Admin|Accounts - Payroll|Ragini","Admin|Accounts - Payroll|Ragini",Admin,,,,Disabled,Disabled,,Disabled,Disabled,Disabled,Disabled,Disabled,Disabled,Disabled,Disabled,Disabled,Disabled,Disabled,All,,,,All,,NA,,NA,NA
"Bank Details",salary_payment_details,21,"TDS Applicability",is_tds_applicable,10,N.A,,,,Enabled,ALL,,,Disabled,Disabled,N.A,Disabled,,Disabled,,Disabled,,,"Admin|Self|HRBP|Accounts - Payroll|Ragini|Deepta Mathur Employee Data View|Chaithra Palladka & Rina Patel|Shreshta Alawandi Employee Data and Confirmation|Jennifer Employee Data View & Onboarding","Admin|Accounts - Payroll|Ragini","Admin|Accounts - Payroll|Ragini",Admin,,,,Disabled,Disabled,,Disabled,Disabled,Disabled,Disabled,Disabled,Disabled,Disabled,Disabled,Disabled,Disabled,Disabled,All,,,,All,,NA,,NA,NA
"Bank Details",salary_payment_details,21,"Minimum Wage State",min_wage_state,11,No,,,,Disabled,ALL,,,Disabled,Disabled,N.A,Disabled,,Disabled,,Disabled,,,"Admin|Self|HRBP|Accounts - Payroll|Ragini|Deepta Mathur Employee Data View|Chaithra Palladka & Rina Patel|Shreshta Alawandi Employee Data and Confirmation|Jennifer Employee Data View & Onboarding","Admin|Accounts - Payroll|Ragini","Admin|Accounts - Payroll|Ragini",Admin,,,,Disabled,Disabled,,Disabled,Disabled,Disabled,Disabled,Disabled,Disabled,Disabled,Disabled,Disabled,Disabled,Disabled,,,,,All,,NA,,NA,NA
"Bank Details",salary_payment_details,21,"Minimum Wage",min_wage,12,No,,,,Disabled,ALL,,,Disabled,Disabled,N.A,Disabled,,Disabled,,Disabled,,,"Admin|Self|HRBP|Accounts - Payroll|Ragini|Deepta Mathur Employee Data View|Chaithra Palladka & Rina Patel|Shreshta Alawandi Employee Data and Confirmation|Jennifer Employee Data View & Onboarding","Admin|Accounts - Payroll|Ragini","Admin|Accounts - Payroll|Ragini",Admin,,,,Disabled,Disabled,,Disabled,Disabled,Disabled,Disabled,Disabled,Disabled,Disabled,Disabled,Disabled,Disabled,Disabled,,,,,All,,NA,,NA,NA
"Bank Details",salary_payment_details,21,"Consultant Type",consultant_type,13,No,,,,Enabled,ALL,,,Disabled,Disabled,N.A,Disabled,,Disabled,,Disabled,,,"Admin|Self|HRBP|Accounts - Payroll|Ragini|Deepta Mathur Employee Data View|Chaithra Palladka & Rina Patel|Shreshta Alawandi Employee Data and Confirmation|Jennifer Employee Data View & Onboarding","Admin|Accounts - Payroll|Ragini","Admin|Accounts - Payroll|Ragini",Admin,,,,Disabled,Disabled,,Disabled,Disabled,Disabled,Disabled,Disabled,Disabled,Disabled,Disabled,Disabled,Disabled,Disabled,All,,,,All,,NA,,NA,NA
"Bank Details",salary_payment_details,21,"ITR Filing",itr_filing,14,N.A,,,,Enabled,ALL,,,Disabled,Disabled,N.A,Disabled,,Disabled,,Disabled,,,Admin|Self,Admin,Admin,Admin,,,,Disabled,Disabled,,Disabled,Disabled,Disabled,Disabled,Disabled,Disabled,Disabled,Disabled,Disabled,Disabled,Disabled,,,,,All,,NA,,NA,NA
"Bank Details",salary_payment_details,21,"Tax Calculation Method",tax_calculation_method,15,N.A,,,,Enabled,ALL,,,Disabled,Disabled,N.A,Disabled,,Disabled,,Disabled,,,Admin|Self,Admin,Admin,Admin,,,,Disabled,Disabled,,Disabled,Disabled,Disabled,Disabled,Disabled,Disabled,Disabled,Disabled,Disabled,Disabled,Disabled,,,,,All,,NA,,NA,NA
"Bank Details",salary_payment_details,21,"International Bank Account Number (IBAN)",international_bank_account_number,16,No,,,,Disabled,ALL,,,Disabled,Disabled,N.A,Disabled,,Disabled,,Disabled,,,"Admin|Self|HRBP|Accounts - Payroll|Ragini|Deepta Mathur Employee Data View|Chaithra Palladka & Rina Patel|Shreshta Alawandi Employee Data and Confirmation|Jennifer Employee Data View & Onboarding","Admin|Accounts - Payroll|Ragini","Admin|Accounts - Payroll|Ragini",Admin,,,,Disabled,Disabled,,Disabled,Disabled,Disabled,Disabled,Disabled,Disabled,Disabled,Disabled,Disabled,Disabled,Disabled,,,,,All,,NA,,NA,NA
"Bank Details",salary_payment_details,21,"Historical Unpaid Leaves",historical_unpaid_leaves,17,N.A,,,,Disabled,ALL,,,Disabled,Disabled,N.A,Disabled,,Disabled,,Disabled,,,Admin,Admin,Admin,Admin,,,,Disabled,Disabled,,Disabled,Disabled,Disabled,Disabled,Disabled,Disabled,Disabled,Disabled,Disabled,Disabled,Disabled,,,,,All,,NA,,NA,NA
"Bank Details",salary_payment_details,21,"Employee MOL ID",employee_mol_id,18,N.A,,,,Disabled,ALL,,,Disabled,Disabled,N.A,Disabled,,Disabled,,Disabled,,,Admin,Admin,Admin,Admin,,,,Disabled,Disabled,,Disabled,Disabled,Disabled,Disabled,Disabled,Disabled,Disabled,Disabled,Disabled,Disabled,Disabled,,,,,All,,NA,,NA,NA
"Bank Details",salary_payment_details,21,"Fixed Tax rate",fixed_tax_rate,18,N.A,,,,Enabled,ALL,,,Disabled,Disabled,N.A,Disabled,,Disabled,,Disabled,,,Admin|Self,Admin,Admin,Admin,,,,Disabled,Disabled,,Disabled,Disabled,Disabled,Disabled,Disabled,Disabled,Disabled,Disabled,Disabled,Disabled,Disabled,,,,,All,,NA,,NA,NA
"Bank Details",salary_payment_details,21,"Trade License Start Date",trade_license_start_date,19,No,,,,Disabled,ALL,,,Disabled,Disabled,N.A,Disabled,,Disabled,,Disabled,,,Admin,Admin,Admin,Admin,,,,Disabled,Disabled,,Disabled,Disabled,Disabled,Disabled,Disabled,Disabled,Disabled,Disabled,Disabled,Disabled,Disabled,,,,,All,,NA,,NA,NA
"Bank Details",salary_payment_details,21,"Trade License Number",trade_license_number,20,No,,,,Disabled,ALL,,,Disabled,Disabled,N.A,Disabled,,Disabled,,Disabled,,,Admin,Admin,Admin,Admin,,,,Disabled,Disabled,,Disabled,Disabled,Disabled,Disabled,Disabled,Disabled,Disabled,Disabled,Disabled,Disabled,Disabled,,,,,All,,NA,,NA,NA
"Last Salary",last_salary_details,22,Currency,currency,1,No,,,,Disabled,ALL,,,Disabled,Disabled,N.A,Disabled,,Disabled,,Disabled,,,,,,,,,,Disabled,Disabled,,Disabled,Disabled,Disabled,Disabled,Disabled,Disabled,Disabled,Disabled,Disabled,Disabled,Disabled,All,Recruiter,,,All,"All|Hiring Lead",NA,,NA,NA
"Last Salary",last_salary_details,22,"Fixed Pay",fixed_pay,2,No,,,,Disabled,ALL,,,Disabled,Disabled,N.A,Disabled,,Disabled,,Disabled,,,,,,,,,,Disabled,Disabled,,Disabled,Disabled,Disabled,Disabled,Disabled,Disabled,Disabled,Disabled,Disabled,Disabled,Disabled,,,,,All,,NA,,NA,NA
"Last Salary",last_salary_details,22,"Variable Pay",variable_pay,3,No,,,,Disabled,ALL,,,Disabled,Disabled,N.A,Disabled,,Disabled,,Disabled,,,,,,,,,,Disabled,Disabled,,Disabled,Disabled,Disabled,Disabled,Disabled,Disabled,Disabled,Disabled,Disabled,Disabled,Disabled,,,,,All,,NA,,NA,NA
"Last Salary",last_salary_details,22,"Incentives/ Bonuses",incentives,4,No,,,,Disabled,ALL,,,Disabled,Disabled,N.A,Disabled,,Disabled,,Disabled,,,,,,,,,,Disabled,Disabled,,Disabled,Disabled,Disabled,Disabled,Disabled,Disabled,Disabled,Disabled,Disabled,Disabled,Disabled,,,,,All,,NA,,NA,NA
"Last Salary",last_salary_details,22,"Total Cash Component",total_cash_component,5,No,,,,Disabled,ALL,,,Disabled,Disabled,N.A,Disabled,,Disabled,,Disabled,,,,,,,,,,Disabled,Disabled,,Disabled,Disabled,Disabled,Disabled,Disabled,Disabled,Disabled,Disabled,Disabled,Disabled,Disabled,,,,,All,,NA,,NA,NA
"Last Salary",last_salary_details,22,"Stock Options",stock_options,6,No,,,,Disabled,ALL,,,Disabled,Disabled,N.A,Disabled,,Disabled,,Disabled,,,,,,,,,,Disabled,Disabled,,Disabled,Disabled,Disabled,Disabled,Disabled,Disabled,Disabled,Disabled,Disabled,Disabled,Disabled,,,,,All,,NA,,NA,NA
"Last Salary",last_salary_details,22,Benefits,benefits,7,No,,,,Disabled,ALL,,,Disabled,Disabled,N.A,Disabled,,Disabled,,Disabled,,,,,,,,,,Disabled,Disabled,,Disabled,Disabled,Disabled,Disabled,Disabled,Disabled,Disabled,Disabled,Disabled,Disabled,Disabled,,,,,All,,NA,,NA,NA
"Last Salary",last_salary_details,22,"Total CTC",total_ctc,8,No,,,,Disabled,ALL,,,Disabled,Disabled,N.A,Disabled,,Disabled,,Enabled,"India-Current CTC",,,,,,,,,Disabled,Disabled,,Enabled,Disabled,Enabled,Enabled,Enabled,Disabled,Disabled,Disabled,Disabled,Enabled,Enabled,"Hiring Group|Scheduling Team|Screening Team|Shortlisting Team|Recruiter|Candidate","Hiring Group|Scheduling Team|Screening Team|Shortlisting Team|Recruiter|Candidate","Hiring Group|Scheduling Team|Screening Team|Shortlisting Team|Recruiter|Candidate","Hiring Group|Scheduling Team|Screening Team|Shortlisting Team|Recruiter|Candidate||","Scheduling Team|Screening Team|Shortlisting Team|Recruiter",,NA,,NA,NA
"Last Salary",last_salary_details,22,"Expected CTC",a64c6306d7ba28,9,Yes,Text,,Numbers,Disabled,ALL,,,Disabled,Disabled,N.A,Disabled,,Disabled,,Disabled,,,,,,,,,,Disabled,Disabled,,Enabled,Disabled,Enabled,Enabled,Enabled,Disabled,Disabled,Disabled,Disabled,Enabled,Disabled,"Hiring Group|Scheduling Team|Screening Team|Shortlisting Team|Recruiter|Candidate",Candidate,"Hiring Group|Scheduling Team|Screening Team|Shortlisting Team|Recruiter|Candidate","Hiring Group|Scheduling Team|Screening Team|Shortlisting Team|Recruiter|Candidate|","Hiring Group|Scheduling Team|Screening Team|Shortlisting Team|Recruiter|Hiring Lead",,Disabled,,NA,NA
"Last Salary",last_salary_details,22,"Notice Period(in Days)",a64c630be1f1d8,10,Yes,Text,,Numbers,Disabled,ALL,,,Disabled,Disabled,N.A,Disabled,,Disabled,,Disabled,,,,,,,,,,Disabled,Disabled,,Disabled,Disabled,Disabled,Disabled,Disabled,Disabled,Disabled,Disabled,Disabled,Disabled,Disabled,All,"Hiring Group|Scheduling Team|Screening Team|Shortlisting Team|Recruiter|Candidate",All,All,All,All,Disabled,,NA,NA
"Official Documents",misc,23,"Physically handicapped",physically_handicapped,1,No,,,,Disabled,ALL,,,Disabled,Disabled,N.A,Disabled,,Disabled,,Disabled,,,Admin|Self,"Admin|Deepta Mathur Employee Data View|Chaithra Palladka & Rina Patel|Shreshta Alawandi Employee Data and Confirmation|Jennifer Employee Data View & Onboarding","Admin|Deepta Mathur Employee Data View|Chaithra Palladka & Rina Patel|Shreshta Alawandi Employee Data and Confirmation|Jennifer Employee Data View & Onboarding",Admin,,HRBP,,Disabled,Disabled,,Enabled,Disabled,Enabled,Disabled,Disabled,Disabled,Disabled,Disabled,Disabled,Disabled,Disabled,,,,,All,,NA,,NA,NA
"Official Documents",misc,23,"Kind of disability & Percentages",kind_of_disability_percentages,2,No,,,,Disabled,ALL,,,Disabled,Disabled,N.A,Disabled,,Disabled,,Disabled,,,Admin|Self,"Admin|Deepta Mathur Employee Data View|Chaithra Palladka & Rina Patel|Shreshta Alawandi Employee Data and Confirmation|Jennifer Employee Data View & Onboarding","Admin|Deepta Mathur Employee Data View|Chaithra Palladka & Rina Patel|Shreshta Alawandi Employee Data and Confirmation|Jennifer Employee Data View & Onboarding",Admin,,HRBP,,Disabled,Disabled,,Enabled,Disabled,Enabled,Disabled,Disabled,Disabled,Disabled,Disabled,Disabled,Disabled,Disabled,,,,,All,,NA,,NA,NA
"Official Documents",misc,23,"Disability Status",disability_status,3,No,,,,Disabled,ALL,,,Disabled,Disabled,N.A,Disabled,,Disabled,,Disabled,,,Admin|Self,"Admin|Deepta Mathur Employee Data View|Chaithra Palladka & Rina Patel|Shreshta Alawandi Employee Data and Confirmation|Jennifer Employee Data View & Onboarding","Admin|Deepta Mathur Employee Data View|Chaithra Palladka & Rina Patel|Shreshta Alawandi Employee Data and Confirmation|Jennifer Employee Data View & Onboarding",Admin,,HRBP,,Disabled,Disabled,,Enabled,Disabled,Enabled,Disabled,Disabled,Disabled,Disabled,Disabled,Disabled,Disabled,Disabled,,,,,All,,NA,,NA,NA
"Official Documents",misc,23,"Voluntary Disability Status Declaration",voluntary_disability_status_declaration,4,No,,,,Disabled,ALL,,,Disabled,Disabled,N.A,Disabled,,Disabled,,Disabled,,,Admin|Self,Admin,Admin,Admin,,HRBP,,Disabled,Disabled,,Disabled,Disabled,Disabled,Disabled,Disabled,Disabled,Disabled,Disabled,Disabled,Disabled,Disabled,,,,,All,,NA,,NA,NA
"Official Documents",misc,23,"Date of Voluntary Disability Status Declaration",date_of_voluntary_disability_status_declaration,5,No,,,,Disabled,ALL,,,Disabled,Disabled,N.A,Disabled,,Disabled,,Disabled,,,Admin|Self,Admin,Admin,Admin,,HRBP,,Disabled,Disabled,,Disabled,Disabled,Disabled,Disabled,Disabled,Disabled,Disabled,Disabled,Disabled,Disabled,Disabled,,,,,All,,NA,,NA,NA
"Official Documents",misc,23,"Current Location",current_location,6,Yes,Text,,,Disabled,ALL,,,Disabled,Disabled,Disabled,Disabled,,Disabled,,Disabled,,,Admin|Self,"Admin|Deepta Mathur Employee Data View|Chaithra Palladka & Rina Patel|Shreshta Alawandi Employee Data and Confirmation|Jennifer Employee Data View & Onboarding","Admin|Deepta Mathur Employee Data View|Chaithra Palladka & Rina Patel|Shreshta Alawandi Employee Data and Confirmation|Jennifer Employee Data View & Onboarding",Admin,,HRBP,,Disabled,Disabled,,Disabled,Disabled,Disabled,Disabled,Disabled,Disabled,Disabled,Disabled,Disabled,Disabled,Disabled,,,,,All,,Disabled,,NA,NA
"Official Documents",misc,23,"PrimeSoft NDA",a6575c5899a5ea,7,Yes,File,,,Enabled,ALL,,,Disabled,Disabled,Disabled,Disabled,,Disabled,,Disabled,,,"Admin|Self|Deepta Mathur Employee Data View|Chaithra Palladka & Rina Patel|Shreshta Alawandi Employee Data and Confirmation|Jennifer Recruitment Permission","Admin|Deepta Mathur Employee Data View|Chaithra Palladka & Rina Patel|Shreshta Alawandi Employee Data and Confirmation|Jennifer Recruitment Permission","Admin|Deepta Mathur Employee Data View|Chaithra Palladka & Rina Patel|Shreshta Alawandi Employee Data and Confirmation|Jennifer Recruitment Permission",Admin,"Admin|Self|Deepta Mathur Employee Data View|Chaithra Palladka & Rina Patel|Shreshta Alawandi Employee Data and Confirmation|Jennifer Recruitment Permission",HRBP,,Disabled,Disabled,,Disabled,Disabled,Disabled,Disabled,Disabled,Disabled,Disabled,Disabled,Disabled,Disabled,Disabled,All,,,,,,Disabled,,NA,NA
"Official Documents",misc,23,"PrimeSoft NDA Annexure",a6575c7aaa8639,8,Yes,File,,,Enabled,ALL,,,Disabled,Disabled,Disabled,Disabled,,Disabled,,Disabled,,,Admin|Self,"Admin|Deepta Mathur Employee Data View|Chaithra Palladka & Rina Patel|Shreshta Alawandi Employee Data and Confirmation|Jennifer Employee Data View & Onboarding","Admin|Deepta Mathur Employee Data View|Chaithra Palladka & Rina Patel|Shreshta Alawandi Employee Data and Confirmation|Jennifer Recruitment Permission",Admin,"Admin|Self|Deepta Mathur Employee Data View|Chaithra Palladka & Rina Patel|Shreshta Alawandi Employee Data and Confirmation|Jennifer Employee Data View & Onboarding",HRBP,,Disabled,Disabled,,Disabled,Disabled,Disabled,Disabled,Disabled,Disabled,Disabled,Disabled,Disabled,Disabled,Disabled,All,,,,,,Disabled,,NA,NA
"Official Documents",misc,23,"Client NDA",a6575c894a525a,9,Yes,File,,,Enabled,ALL,,,Disabled,Disabled,Disabled,Disabled,,Disabled,,Disabled,,,Admin|Self,"Admin|Deepta Mathur Employee Data View|Chaithra Palladka & Rina Patel|Shreshta Alawandi Employee Data and Confirmation|Jennifer Employee Data View & Onboarding","Admin|Deepta Mathur Employee Data View|Chaithra Palladka & Rina Patel|Shreshta Alawandi Employee Data and Confirmation|Jennifer Recruitment Permission",Admin,"Admin|Self|Deepta Mathur Employee Data View|Chaithra Palladka & Rina Patel|Shreshta Alawandi Employee Data and Confirmation|Jennifer Employee Data View & Onboarding",HRBP,,Disabled,Disabled,,Disabled,Disabled,Disabled,Disabled,Disabled,Disabled,Disabled,Disabled,Disabled,Disabled,Disabled,All,,,,,,Disabled,,NA,NA
"Official Documents",misc,23,"Gratuity Declaration Document",a6575c8a477075,10,Yes,File,,,Enabled,ALL,,,Disabled,Disabled,Disabled,Disabled,,Disabled,,Disabled,,,Admin|Self,"Admin|Deepta Mathur Employee Data View|Chaithra Palladka & Rina Patel|Shreshta Alawandi Employee Data and Confirmation|Jennifer Employee Data View & Onboarding","Admin|Deepta Mathur Employee Data View|Chaithra Palladka & Rina Patel|Shreshta Alawandi Employee Data and Confirmation|Jennifer Recruitment Permission",Admin,"Admin|Self|Deepta Mathur Employee Data View|Chaithra Palladka & Rina Patel|Shreshta Alawandi Employee Data and Confirmation|Jennifer Employee Data View & Onboarding",HRBP,,Disabled,Disabled,,Disabled,Disabled,Disabled,Disabled,Disabled,Disabled,Disabled,Disabled,Disabled,Disabled,Disabled,All,,,,,,Disabled,,NA,NA
"Official Documents",misc,23,"PF Declaration Form",a6575c8c3479c1,11,Yes,File,,,Enabled,ALL,,,Disabled,Disabled,Disabled,Disabled,,Disabled,,Disabled,,,Admin|Self,"Admin|Deepta Mathur Employee Data View|Chaithra Palladka & Rina Patel|Shreshta Alawandi Employee Data and Confirmation|Jennifer Employee Data View & Onboarding","Admin|Deepta Mathur Employee Data View|Chaithra Palladka & Rina Patel|Shreshta Alawandi Employee Data and Confirmation|Jennifer Recruitment Permission",Admin,"Admin|Self|Deepta Mathur Employee Data View|Chaithra Palladka & Rina Patel|Shreshta Alawandi Employee Data and Confirmation|Jennifer Employee Data View & Onboarding",HRBP,,Disabled,Disabled,,Disabled,Disabled,Disabled,Disabled,Disabled,Disabled,Disabled,Disabled,Disabled,Disabled,Disabled,All,,,,,,Disabled,,NA,NA
"Official Documents",misc,23,"Insurance Nomination Form for Personal Accident",a6575c8d14f246,12,Yes,File,,,Enabled,ALL,,,Disabled,Disabled,Disabled,Disabled,,Disabled,,Disabled,,,Admin|Self,"Admin|Deepta Mathur Employee Data View|Chaithra Palladka & Rina Patel|Shreshta Alawandi Employee Data and Confirmation|Jennifer Employee Data View & Onboarding","Admin|Deepta Mathur Employee Data View|Chaithra Palladka & Rina Patel|Shreshta Alawandi Employee Data and Confirmation|Jennifer Employee Data View & Onboarding",Admin,"Admin|Self|Deepta Mathur Employee Data View|Chaithra Palladka & Rina Patel|Shreshta Alawandi Employee Data and Confirmation|Jennifer Employee Data View & Onboarding",HRBP,,Disabled,Disabled,,Disabled,Disabled,Disabled,Disabled,Disabled,Disabled,Disabled,Disabled,Disabled,Disabled,Disabled,All,,,,,,Disabled,,NA,NA
"Official Documents",misc,23,"Declaration Form",a6575c8e0d3181,13,Yes,File,,,Disabled,ALL,,,Disabled,Disabled,Disabled,Disabled,,Disabled,,Disabled,,,Admin|Self,"Admin|Deepta Mathur Employee Data View|Chaithra Palladka & Rina Patel|Shreshta Alawandi Employee Data and Confirmation|Jennifer Employee Data View & Onboarding","Admin|Deepta Mathur Employee Data View|Chaithra Palladka & Rina Patel|Shreshta Alawandi Employee Data and Confirmation|Jennifer Employee Data View & Onboarding",Admin,"Admin|Self|Deepta Mathur Employee Data View|Chaithra Palladka & Rina Patel|Shreshta Alawandi Employee Data and Confirmation|Jennifer Employee Data View & Onboarding",HRBP,,Disabled,Disabled,,Disabled,Disabled,Disabled,Disabled,Disabled,Disabled,Disabled,Disabled,Disabled,Disabled,Disabled,All,,,,,,Disabled,,NA,NA
"Official Documents",misc,23,"Signed Bond( Incase of new Grads)",a6575c8f92f7f1,14,Yes,File,,,Enabled,ALL,,,Disabled,Disabled,Disabled,Disabled,,Disabled,,Disabled,,,Admin|Self,"Admin|Deepta Mathur Employee Data View|Chaithra Palladka & Rina Patel|Shreshta Alawandi Employee Data and Confirmation|Jennifer Employee Data View & Onboarding","Admin|Deepta Mathur Employee Data View|Chaithra Palladka & Rina Patel|Shreshta Alawandi Employee Data and Confirmation|Jennifer Employee Data View & Onboarding",Admin,"Admin|Self|Deepta Mathur Employee Data View|Chaithra Palladka & Rina Patel|Shreshta Alawandi Employee Data and Confirmation|Jennifer Employee Data View & Onboarding",HRBP,,Disabled,Disabled,,Disabled,Disabled,Disabled,Disabled,Disabled,Disabled,Disabled,Disabled,Disabled,Disabled,Disabled,All,,,,,,Disabled,,NA,NA
"Official Documents",misc,23,"Joining Report",a6575c907536d2,15,Yes,File,,,Enabled,ALL,,,Disabled,Disabled,Disabled,Disabled,,Disabled,,Disabled,,,Admin|Self,"Admin|Deepta Mathur Employee Data View|Chaithra Palladka & Rina Patel|Shreshta Alawandi Employee Data and Confirmation|Jennifer Employee Data View & Onboarding","Admin|Deepta Mathur Employee Data View|Chaithra Palladka & Rina Patel|Shreshta Alawandi Employee Data and Confirmation|Jennifer Recruitment Permission",Admin,"Admin|Self|Deepta Mathur Employee Data View|Chaithra Palladka & Rina Patel|Shreshta Alawandi Employee Data and Confirmation|Jennifer Employee Data View & Onboarding",HRBP,,Disabled,Disabled,,Disabled,Disabled,Disabled,Disabled,Disabled,Disabled,Disabled,Disabled,Disabled,Disabled,Disabled,All,,,,,,Disabled,,NA,NA
"Official Documents",misc,23,"Letter of Authorization",a6575c9144a724,16,Yes,File,,,Enabled,ALL,,,Disabled,Disabled,Disabled,Disabled,,Disabled,,Disabled,,,Admin|Self,"Admin|Deepta Mathur Employee Data View|Chaithra Palladka & Rina Patel|Shreshta Alawandi Employee Data and Confirmation|Jennifer Employee Data View & Onboarding","Admin|Deepta Mathur Employee Data View|Chaithra Palladka & Rina Patel|Shreshta Alawandi Employee Data and Confirmation|Jennifer Employee Data View & Onboarding",Admin,"Admin|Self|Deepta Mathur Employee Data View|Chaithra Palladka & Rina Patel|Shreshta Alawandi Employee Data and Confirmation|Jennifer Employee Data View & Onboarding",HRBP,,Disabled,Disabled,,Disabled,Disabled,Disabled,Disabled,Disabled,Disabled,Disabled,Disabled,Disabled,Disabled,Disabled,All,,,,,,Disabled,,NA,NA
"Official Documents",misc,23,"Life Insurance Nomination",a659bdc5494643,17,Yes,File,,,Enabled,ALL,,,Disabled,Disabled,Disabled,Disabled,,Disabled,,Disabled,,,"Admin|Self|HRBP|Deepta Mathur Employee Data View|Chaithra Palladka & Rina Patel|Shreshta Alawandi Employee Data and Confirmation|Jennifer Employee Data View & Onboarding","Admin|Self|HRBP|Deepta Mathur Employee Data View|Chaithra Palladka & Rina Patel|Shreshta Alawandi Employee Data and Confirmation|Jennifer Employee Data View & Onboarding","Admin|Self|HRBP|Deepta Mathur Employee Data View|Chaithra Palladka & Rina Patel|Shreshta Alawandi Employee Data and Confirmation|Jennifer Employee Data View & Onboarding","Admin|Self|HRBP|Deepta Mathur Employee Data View|Chaithra Palladka & Rina Patel|Shreshta Alawandi Employee Data and Confirmation|Jennifer Employee Data View & Onboarding","Admin|Self|HRBP|Deepta Mathur Employee Data View|Chaithra Palladka & Rina Patel|Shreshta Alawandi Employee Data and Confirmation|Jennifer Employee Data View & Onboarding",HRBP,,Disabled,Disabled,,Disabled,Disabled,Disabled,Disabled,Disabled,Disabled,Disabled,Disabled,Disabled,Disabled,Disabled,All,,,,,,Disabled,,NA,NA
"Vaccination Details",vaccination_details,24,"Vaccination Status",vaccination_status,1,No,,,,Enabled,ALL,,,Disabled,Disabled,N.A,Disabled,,Disabled,,Disabled,,,"Admin|Self|Deepta Mathur Employee Data View|Chaithra Palladka & Rina Patel|Shreshta Alawandi Employee Data and Confirmation|Jennifer Employee Data View & Onboarding",Admin|Self,Admin|Self,Admin,,,,Disabled,Disabled,,Enabled,Disabled,Enabled,Disabled,Disabled,Disabled,Disabled,Disabled,Disabled,Enabled,Disabled,All,All,All,All,All,All,NA,,NA,NA
"Vaccination Details",vaccination_details,24,"First Vaccine Dose Name",first_dose_vaccine_name,2,No,,,,Disabled,ALL,,,Disabled,Disabled,N.A,Disabled,,Disabled,,Disabled,,,"Admin|Self|Deepta Mathur Employee Data View|Chaithra Palladka & Rina Patel|Shreshta Alawandi Employee Data and Confirmation|Jennifer Employee Data View & Onboarding",Admin,Admin,Admin,,,,Disabled,Disabled,,Enabled,Disabled,Enabled,Disabled,Disabled,Disabled,Disabled,Disabled,Disabled,Disabled,Disabled,,,,,All,,NA,,NA,NA
"Vaccination Details",vaccination_details,24,"First Dose Date",first_dose_date,3,No,,,,Disabled,ALL,,,Disabled,Disabled,N.A,Disabled,,Disabled,,Disabled,,,"Admin|Self|Deepta Mathur Employee Data View|Chaithra Palladka & Rina Patel|Shreshta Alawandi Employee Data and Confirmation|Jennifer Employee Data View & Onboarding",Admin,Admin,Admin,,,,Disabled,Disabled,,Enabled,Disabled,Enabled,Disabled,Disabled,Disabled,Disabled,Disabled,Disabled,Disabled,Disabled,,,,,All,,NA,,NA,NA
"Vaccination Details",vaccination_details,24,"First Dose Certificate",first_dose_certificate,4,No,,,,Disabled,ALL,,,Disabled,Disabled,N.A,Disabled,,Disabled,,Disabled,,,"Admin|Self|Deepta Mathur Employee Data View|Chaithra Palladka & Rina Patel|Shreshta Alawandi Employee Data and Confirmation|Jennifer Employee Data View & Onboarding",Admin,Admin,Admin,"Admin|Self|Deepta Mathur Employee Data View|Chaithra Palladka & Rina Patel|Shreshta Alawandi Employee Data and Confirmation|Jennifer Employee Data View & Onboarding",,,Disabled,Disabled,,Enabled,Disabled,Enabled,Disabled,Disabled,Disabled,Disabled,Disabled,Disabled,Disabled,Disabled,,,,,All,,NA,,NA,NA
"Vaccination Details",vaccination_details,24,"Second Vaccine Dose Name",second_dose_vaccine_name,5,No,,,,Disabled,ALL,,,Disabled,Disabled,N.A,Disabled,,Disabled,,Disabled,,,"Admin|Self|Deepta Mathur Employee Data View|Chaithra Palladka & Rina Patel|Shreshta Alawandi Employee Data and Confirmation|Jennifer Employee Data View & Onboarding",Admin,Admin,Admin,,,,Disabled,Disabled,,Enabled,Disabled,Enabled,Disabled,Disabled,Disabled,Disabled,Disabled,Disabled,Disabled,Disabled,,,,,All,,NA,,NA,NA
"Vaccination Details",vaccination_details,24,"Second Dose Date",second_dose_date,6,No,,,,Disabled,ALL,,,Disabled,Disabled,N.A,Disabled,,Disabled,,Disabled,,,"Admin|Self|Deepta Mathur Employee Data View|Chaithra Palladka & Rina Patel|Shreshta Alawandi Employee Data and Confirmation|Jennifer Employee Data View & Onboarding",Admin,Admin,Admin,,,,Disabled,Disabled,,Enabled,Disabled,Enabled,Disabled,Disabled,Disabled,Disabled,Disabled,Disabled,Disabled,Disabled,,,,,All,,NA,,NA,NA
"Vaccination Details",vaccination_details,24,"Second Dose Certificate",second_dose_certificate,7,No,,,,Disabled,ALL,,,Disabled,Disabled,N.A,Disabled,,Disabled,,Disabled,,,"Admin|Self|Deepta Mathur Employee Data View|Chaithra Palladka & Rina Patel|Shreshta Alawandi Employee Data and Confirmation|Jennifer Employee Data View & Onboarding",Admin,Admin,Admin,"Admin|Self|Deepta Mathur Employee Data View|Chaithra Palladka & Rina Patel|Shreshta Alawandi Employee Data and Confirmation|Jennifer Employee Data View & Onboarding",,,Disabled,Disabled,,Enabled,Disabled,Enabled,Disabled,Disabled,Disabled,Disabled,Disabled,Disabled,Disabled,Disabled,,,,,All,,NA,,NA,NA
"Vaccination Details",vaccination_details,24,"Third Dose Vaccine name",third_dose_vaccine_name,8,No,,,,Disabled,ALL,,,Disabled,Disabled,N.A,Disabled,,Disabled,,Disabled,,,"Admin|Self|Deepta Mathur Employee Data View|Chaithra Palladka & Rina Patel|Shreshta Alawandi Employee Data and Confirmation|Jennifer Employee Data View & Onboarding",Admin,Admin,Admin,,,,Disabled,Disabled,,Enabled,Disabled,Enabled,Disabled,Disabled,Disabled,Disabled,Disabled,Disabled,Disabled,Disabled,,,,,All,,NA,,NA,NA
"Vaccination Details",vaccination_details,24,"Third Dose Date",third_dose_date,9,No,,,,Disabled,ALL,,,Disabled,Disabled,N.A,Disabled,,Disabled,,Disabled,,,"Admin|Self|Deepta Mathur Employee Data View|Chaithra Palladka & Rina Patel|Shreshta Alawandi Employee Data and Confirmation|Jennifer Employee Data View & Onboarding",Admin,Admin,Admin,,,,Disabled,Disabled,,Enabled,Disabled,Enabled,Disabled,Disabled,Disabled,Disabled,Disabled,Disabled,Disabled,Disabled,,,,,All,,NA,,NA,NA
"Vaccination Details",vaccination_details,24,"Third Dose Certificate",third_dose_certificate,10,No,,,,Disabled,ALL,,,Disabled,Disabled,N.A,Disabled,,Disabled,,Disabled,,,"Admin|Self|Deepta Mathur Employee Data View|Chaithra Palladka & Rina Patel|Shreshta Alawandi Employee Data and Confirmation|Jennifer Employee Data View & Onboarding",Admin,Admin,Admin,"Admin|Self|Deepta Mathur Employee Data View|Chaithra Palladka & Rina Patel|Shreshta Alawandi Employee Data and Confirmation|Jennifer Employee Data View & Onboarding",,,Disabled,Disabled,,Enabled,Disabled,Enabled,Disabled,Disabled,Disabled,Disabled,Disabled,Disabled,Disabled,Disabled,,,,,All,,NA,,NA,NA
"Vaccination Details",vaccination_details,24,"Covid status",covid_status,11,No,,,,Disabled,ALL,,,Disabled,Disabled,N.A,Disabled,,Disabled,,Disabled,,,"Admin|Self|Deepta Mathur Employee Data View|Chaithra Palladka & Rina Patel|Shreshta Alawandi Employee Data and Confirmation|Jennifer Employee Data View & Onboarding",Admin,Admin,Admin,,,,Disabled,Disabled,,Enabled,Disabled,Enabled,Disabled,Disabled,Disabled,Disabled,Disabled,Disabled,Disabled,Disabled,,,,,All,,NA,,NA,NA
"Vaccination Details",vaccination_details,24,"Covid status As Of",covid_status_date,12,No,,,,Disabled,ALL,,,Disabled,Disabled,N.A,Disabled,,Disabled,,Disabled,,,"Admin|Self|Deepta Mathur Employee Data View|Chaithra Palladka & Rina Patel|Shreshta Alawandi Employee Data and Confirmation|Jennifer Employee Data View & Onboarding",Admin,Admin,Admin,,,,Disabled,Disabled,,Enabled,Disabled,Enabled,Disabled,Disabled,Disabled,Disabled,Disabled,Disabled,Disabled,Disabled,,,,,All,,NA,,NA,NA
"Disability (if any)",disability_details,25,"Kind Of Disability",disability_type,1,No,,,,Enabled,ALL,,,Disabled,Disabled,N.A,Disabled,,Disabled,,Disabled,,,"Admin|Self|Deepta Mathur Employee Data View|Chaithra Palladka & Rina Patel|Shreshta Alawandi Employee Data and Confirmation|Jennifer Employee Data View & Onboarding",Admin|Self,Admin|Self,Admin,,,,Disabled,Disabled,,Enabled,Disabled,Enabled,Disabled,Disabled,Disabled,Disabled,Disabled,Disabled,Enabled,Disabled,All,All,All,All,All,All,NA,,NA,NA
"Disability (if any)",disability_details,25,Percentage,disability_percentage,2,No,,,,Enabled,ALL,,,Disabled,Disabled,N.A,Disabled,,Disabled,,Disabled,,,"Admin|Self|Deepta Mathur Employee Data View|Chaithra Palladka & Rina Patel|Shreshta Alawandi Employee Data and Confirmation|Jennifer Employee Data View & Onboarding",Admin|Self,Admin|Self,Admin,,,,Disabled,Disabled,,Enabled,Disabled,Enabled,Disabled,Disabled,Disabled,Disabled,Disabled,Disabled,Enabled,Disabled,All,All,All,All,All,,NA,,NA,NA
"Disability (if any)",disability_details,25,"Disability Proof Attachment",disability_attachment,3,No,,,,Enabled,ALL,,,Disabled,Disabled,N.A,Disabled,,Disabled,,Disabled,,,"Admin|Self|Deepta Mathur Employee Data View|Chaithra Palladka & Rina Patel|Shreshta Alawandi Employee Data and Confirmation|Jennifer Employee Data View & Onboarding",Admin|Self,Admin|Self,Admin,"Admin|Self|Deepta Mathur Employee Data View|Chaithra Palladka & Rina Patel|Shreshta Alawandi Employee Data and Confirmation|Jennifer Employee Data View & Onboarding",,,Disabled,Disabled,,Enabled,Disabled,Enabled,Disabled,Disabled,Disabled,Disabled,Disabled,Disabled,Enabled,Disabled,All,All,All,All,All,All,NA,,NA,NA
"Disability (if any)",disability_details,25,"Date Identified",date_identified,4,No,,,,Disabled,ALL,,,Disabled,Disabled,N.A,Disabled,,Disabled,,Disabled,,,Admin|Self,Admin,Admin,Admin,,,,Disabled,Disabled,,Disabled,Disabled,Disabled,Disabled,Disabled,Disabled,Disabled,Disabled,Disabled,Disabled,Disabled,,,,,All,,NA,,NA,NA
"Disability (if any)",disability_details,25,"Disability Issuing Authority",disability_issuing_authority,5,No,,,,Disabled,ALL,,,Disabled,Disabled,N.A,Disabled,,Disabled,,Disabled,,,Admin|Self,Admin,Admin,Admin,,,,Disabled,Disabled,,Disabled,Disabled,Disabled,Disabled,Disabled,Disabled,Disabled,Disabled,Disabled,Disabled,Disabled,,,,,All,,NA,,NA,NA
"Disability (if any)",disability_details,25,"Disability Reference Number",disability_reference_number,6,No,,,,Disabled,ALL,,,Disabled,Disabled,N.A,Disabled,,Disabled,,Disabled,,,Admin|Self,Admin,Admin,Admin,,,,Disabled,Disabled,,Disabled,Disabled,Disabled,Disabled,Disabled,Disabled,Disabled,Disabled,Disabled,Disabled,Disabled,,,,,All,,NA,,NA,NA
"Disability (if any)",disability_details,25,"Disability Issues From",certificate_start_date,7,No,,,,Disabled,ALL,,,Disabled,Disabled,N.A,Disabled,,Disabled,,Disabled,,,Admin|Self,Admin,Admin,Admin,,,,Disabled,Disabled,,Disabled,Disabled,Disabled,Disabled,Disabled,Disabled,Disabled,Disabled,Disabled,Disabled,Disabled,,,,,All,,NA,,NA,NA
"Disability (if any)",disability_details,25,"Disability Issued Till",certificate_end_date,8,No,,,,Disabled,ALL,,,Disabled,Disabled,N.A,Disabled,,Disabled,,Disabled,,,Admin|Self,Admin,Admin,Admin,,,,Disabled,Disabled,,Disabled,Disabled,Disabled,Disabled,Disabled,Disabled,Disabled,Disabled,Disabled,Disabled,Disabled,,,,,All,,NA,,NA,NA
"Disability (if any)",disability_details,25,"Disability Type",disability_type_list,9,No,,,,Disabled,ALL,,,Disabled,Disabled,N.A,Disabled,,Disabled,,Disabled,,,Admin|Self,Admin,Admin,Admin,,,,Disabled,Disabled,,Disabled,Disabled,Disabled,Disabled,Disabled,Disabled,Disabled,Disabled,Disabled,Disabled,Disabled,,,,,All,,NA,,NA,NA
Language,language_details,26,Language,language,1,No,,,,Disabled,ALL,,,Disabled,Disabled,N.A,Disabled,,Disabled,,Disabled,,,Admin|Self,Admin,Admin,Admin,,,,Disabled,Disabled,,Disabled,Disabled,Disabled,Disabled,Disabled,Disabled,Disabled,Disabled,Disabled,Disabled,Disabled,,,,,All,,NA,,NA,NA
Language,language_details,26,"Speaking Proficiency",speaking_proficiency,2,No,,,,Disabled,ALL,,,Disabled,Disabled,N.A,Disabled,,Disabled,,Disabled,,,Admin|Self,Admin,Admin,Admin,,,,Disabled,Disabled,,Disabled,Disabled,Disabled,Disabled,Disabled,Disabled,Disabled,Disabled,Disabled,Disabled,Disabled,,,,,All,,NA,,NA,NA
Language,language_details,26,"Reading Proficiency",reading_proficiency,3,No,,,,Disabled,ALL,,,Disabled,Disabled,N.A,Disabled,,Disabled,,Disabled,,,Admin|Self,Admin,Admin,Admin,,,,Disabled,Disabled,,Disabled,Disabled,Disabled,Disabled,Disabled,Disabled,Disabled,Disabled,Disabled,Disabled,Disabled,,,,,All,,NA,,NA,NA
Language,language_details,26,"Writing Proficiency",writing_proficiency,4,No,,,,Disabled,ALL,,,Disabled,Disabled,N.A,Disabled,,Disabled,,Disabled,,,Admin|Self,Admin,Admin,Admin,,,,Disabled,Disabled,,Disabled,Disabled,Disabled,Disabled,Disabled,Disabled,Disabled,Disabled,Disabled,Disabled,Disabled,,,,,All,,NA,,NA,NA
"Travel profile & preferences",travel_preferences,27,"Seating preference",seating_preference,1,No,,,,Disabled,ALL,,,Disabled,Disabled,N.A,Disabled,,Disabled,,Disabled,,,Admin|Self,Admin,Admin,Admin,,,,Disabled,Disabled,,Disabled,Disabled,Disabled,Disabled,Disabled,Disabled,Disabled,Disabled,Disabled,Disabled,Disabled,,,,,All,,NA,,NA,NA
"Travel profile & preferences",travel_preferences,27,"Seat section",seat_section,2,No,,,,Disabled,ALL,,,Disabled,Disabled,N.A,Disabled,,Disabled,,Disabled,,,Admin|Self,Admin,Admin,Admin,,,,Disabled,Disabled,,Disabled,Disabled,Disabled,Disabled,Disabled,Disabled,Disabled,Disabled,Disabled,Disabled,Disabled,,,,,All,,NA,,NA,NA
"Travel profile & preferences",travel_preferences,27,"Meal preferences",meal_preferences,3,No,,,,Disabled,ALL,,,Disabled,Disabled,N.A,Disabled,,Disabled,,Disabled,,,Admin|Self,Admin,Admin,Admin,,,,Disabled,Disabled,,Disabled,Disabled,Disabled,Disabled,Disabled,Disabled,Disabled,Disabled,Disabled,Disabled,Disabled,,,,,All,,NA,,NA,NA
"Travel profile & preferences",travel_preferences,27,"Medical alerts",medical_alerts,4,No,,,,Disabled,ALL,,,Disabled,Disabled,N.A,Disabled,,Disabled,,Disabled,,,Admin|Self,Admin,Admin,Admin,,,,Disabled,Disabled,,Disabled,Disabled,Disabled,Disabled,Disabled,Disabled,Disabled,Disabled,Disabled,Disabled,Disabled,,,,,All,,NA,,NA,NA
"Travel profile & preferences",travel_preferences,27,"Hotel preference room type",hotel_preference_room_type,5,No,,,,Disabled,ALL,,,Disabled,Disabled,N.A,Disabled,,Disabled,,Disabled,,,Admin|Self,Admin,Admin,Admin,,,,Disabled,Disabled,,Disabled,Disabled,Disabled,Disabled,Disabled,Disabled,Disabled,Disabled,Disabled,Disabled,Disabled,,,,,All,,NA,,NA,NA
"Travel profile & preferences",travel_preferences,27,"Hotel facilities",hotel_facilities,6,No,,,,Disabled,ALL,,,Disabled,Disabled,N.A,Disabled,,Disabled,,Disabled,,,Admin|Self,Admin,Admin,Admin,,,,Disabled,Disabled,,Disabled,Disabled,Disabled,Disabled,Disabled,Disabled,Disabled,Disabled,Disabled,Disabled,Disabled,,,,,All,,NA,,NA,NA
"Travel profile & preferences",travel_preferences,27,"Accessibility needs",accessibility_needs,7,No,,,,Disabled,ALL,,,Disabled,Disabled,N.A,Disabled,,Disabled,,Disabled,,,Admin|Self,Admin,Admin,Admin,,,,Disabled,Disabled,,Disabled,Disabled,Disabled,Disabled,Disabled,Disabled,Disabled,Disabled,Disabled,Disabled,Disabled,,,,,All,,NA,,NA,NA
"Travel profile & preferences",travel_preferences,27,"Preferred travel type",frequent_travel_type,8,No,,,,Disabled,ALL,,,Disabled,Disabled,N.A,Disabled,,Disabled,,Disabled,,,Admin|Self,Admin,Admin,Admin,,,,Disabled,Disabled,,Disabled,Disabled,Disabled,Disabled,Disabled,Disabled,Disabled,Disabled,Disabled,Disabled,Disabled,,,,,All,,NA,,NA,NA
"Travel profile & preferences",travel_preferences,27,"Preferred travel class",frequent_travel_class,9,No,,,,Disabled,ALL,,,Disabled,Disabled,N.A,Disabled,,Disabled,,Disabled,,,Admin|Self,Admin,Admin,Admin,,,,Disabled,Disabled,,Disabled,Disabled,Disabled,Disabled,Disabled,Disabled,Disabled,Disabled,Disabled,Disabled,Disabled,,,,,All,,NA,,NA,NA
"Travel profile & preferences",travel_preferences,27,"Preferred accommodation type",frequent_acc_type,10,No,,,,Disabled,ALL,,,Disabled,Disabled,N.A,Disabled,,Disabled,,Disabled,,,Admin|Self,Admin,Admin,Admin,,,,Disabled,Disabled,,Disabled,Disabled,Disabled,Disabled,Disabled,Disabled,Disabled,Disabled,Disabled,Disabled,Disabled,,,,,All,,NA,,NA,NA
"Asset Details",array_section_five,28,"Asset ID",a649e7ef3642e3,1,Yes,Text,,,Enabled,ALL,,,Disabled,Disabled,Disabled,Disabled,,Disabled,,Disabled,,,"Admin|Self|HRBP|Manager|IT Admin|Deepta Mathur Employee Data View|Chaithra Palladka & Rina Patel|Shreshta Alawandi Employee Data and Confirmation|Jennifer Employee Data View & Onboarding","Admin|IT Admin","Admin|IT Admin",Admin|Manager,,,,Disabled,Disabled,,Disabled,Disabled,Disabled,Disabled,Disabled,Disabled,Disabled,Disabled,Disabled,Disabled,Disabled,All,,,,,,Disabled,,NA,NA
"Asset Details",array_section_five,28,"Asset Name",a64df0d57c8903,2,Yes,"Single Select","Laptop|Monitor|Keyboard|Mouse|NUC|Mobile Phone|Headset|CPU|UPS|Printer|Dongles|Hard Disk|MAC Laptop|Others",,Enabled,ALL,,,Disabled,Disabled,Disabled,Disabled,,Disabled,,Disabled,,,"Admin|Self|HRBP|Manager|IT Admin|Deepta Mathur Employee Data View|Chaithra Palladka & Rina Patel|Shreshta Alawandi Employee Data and Confirmation|Jennifer Employee Data View & Onboarding","Admin|IT Admin","Admin|IT Admin",Admin|Manager,,,,Disabled,Disabled,,Disabled,Disabled,Disabled,Disabled,Disabled,Disabled,Disabled,Disabled,Disabled,Disabled,Disabled,All,,,,,,Disabled,,NA,NA
"Asset Details",array_section_five,28,"Other Assets (if any)",a64df0e23b3b42,3,Yes,Text,,,Enabled,ALL,,,Disabled,Disabled,Disabled,Disabled,,Disabled,,Disabled,,,"Admin|Self|HRBP|Manager|IT Admin|Deepta Mathur Employee Data View|Chaithra Palladka & Rina Patel|Shreshta Alawandi Employee Data and Confirmation|Jennifer Employee Data View & Onboarding","Admin|IT Admin","Admin|IT Admin",Admin|Manager,,,,Disabled,Disabled,,Disabled,Disabled,Disabled,Disabled,Disabled,Disabled,Disabled,Disabled,Disabled,Disabled,Disabled,All,,,,,,Disabled,,NA,NA
"Asset Details",array_section_five,28,"From Date",a649e7f32397d5,4,Yes,Date,,,Enabled,ALL,,,Disabled,Disabled,Disabled,Disabled,,Disabled,,Disabled,,,"Admin|Self|HRBP|Manager|IT Admin|Deepta Mathur Employee Data View|Chaithra Palladka & Rina Patel|Shreshta Alawandi Employee Data and Confirmation|Jennifer Employee Data View & Onboarding","Admin|IT Admin","Admin|IT Admin",Admin|Manager,,,,Disabled,Disabled,,Disabled,Disabled,Disabled,Disabled,Disabled,Disabled,Disabled,Disabled,Disabled,Disabled,Disabled,All,,,,,,Disabled,,NA,NA
"Asset Details",array_section_five,28,"To Date",a649e7f551be94,5,Yes,Date,,,Enabled,ALL,,,Disabled,Disabled,Disabled,Disabled,,Disabled,,Disabled,,,"Admin|Self|HRBP|Manager|IT Admin|Deepta Mathur Employee Data View|Chaithra Palladka & Rina Patel|Shreshta Alawandi Employee Data and Confirmation|Jennifer Employee Data View & Onboarding","Admin|IT Admin","Admin|IT Admin",Admin|Manager,,,,Disabled,Disabled,,Disabled,Disabled,Disabled,Disabled,Disabled,Disabled,Disabled,Disabled,Disabled,Disabled,Disabled,All,,,,,,Disabled,,NA,NA
"Asset Details",array_section_five,28,"Asset Type",a64a683a99866a,6,Yes,"Single Select","Client Asset|Company Asset|Submitted to IT",,Enabled,ALL,,,Disabled,Disabled,Disabled,Disabled,,Disabled,,Disabled,,,"Admin|Self|HRBP|Manager|IT Admin|Deepta Mathur Employee Data View|Chaithra Palladka & Rina Patel|Shreshta Alawandi Employee Data and Confirmation|Jennifer Employee Data View & Onboarding","Admin|IT Admin","Admin|IT Admin",Admin|Manager,,,,Disabled,Disabled,,Disabled,Disabled,Disabled,Disabled,Disabled,Disabled,Disabled,Disabled,Disabled,Disabled,Disabled,All,,,,,,Disabled,,NA,Disabled
"Asset Details",array_section_five,28,"Serial No",a666fe93b5aba7,7,Yes,Text,,,Enabled,ALL,,,Disabled,Disabled,Disabled,Disabled,,Disabled,,Disabled,,,"Admin|IT Admin","Admin|IT Admin",Admin,"Admin|IT Admin",,,,Disabled,Disabled,,Enabled,Disabled,Disabled,Disabled,Disabled,Disabled,Disabled,Disabled,Disabled,Disabled,Disabled,All,,,,,,Disabled,,NA,NA
"Asset Details",array_section_five,28,Status,a69afc9338fa73,8,Yes,"Single Select","Submitted to IT|With Employee",,Enabled,ALL,,,Disabled,Disabled,Disabled,Disabled,,Disabled,,Disabled,,,"Admin|IT Admin","Admin|IT Admin","Admin|IT Admin","Admin|IT Admin",,,,Disabled,Disabled,,Disabled,Disabled,Disabled,Disabled,Disabled,Disabled,Disabled,Disabled,Disabled,Disabled,Disabled,All,,,,,,Disabled,,NA,Disabled
Dependent,dependent_details,29,"Is a Related Employee",dependent_is_employee,1,No,,,,Disabled,ALL,,,Disabled,Disabled,N.A,Disabled,,Disabled,,Disabled,,,Admin|Self,Admin,Admin,Admin,,HRBP,,Disabled,Disabled,,Disabled,Disabled,Disabled,Disabled,Disabled,Disabled,Disabled,Disabled,Disabled,Disabled,Disabled,,,,,All,,NA,,NA,NA
Dependent,dependent_details,29,"Dependent Employee",dependent_employee,2,No,,,,Disabled,ALL,,,Disabled,Disabled,N.A,Disabled,,Disabled,,Disabled,,,Admin|Self,Admin,Admin,Admin,,HRBP,,Disabled,Disabled,,Disabled,Disabled,Disabled,Disabled,Disabled,Disabled,Disabled,Disabled,Disabled,Disabled,Disabled,,,,,All,,NA,,NA,NA
Dependent,dependent_details,29,"First Name",dependent_first_name,3,No,,,,Enabled,ALL,,,Disabled,Disabled,N.A,Disabled,,Disabled,,Disabled,,,"Admin|Self|HRBP|Ragini|Deepta Mathur Employee Data View|Chaithra Palladka & Rina Patel|Shreshta Alawandi Employee Data and Confirmation||Jennifer Employee Data View & Onboarding","Admin|Self|HRBP|Ragini|Deepta Mathur Employee Data View|Chaithra Palladka & Rina Patel|Shreshta Alawandi Employee Data and Confirmation||Jennifer Employee Data View & Onboarding","Admin|Self|HRBP|Ragini|Deepta Mathur Employee Data View|Chaithra Palladka & Rina Patel|Shreshta Alawandi Employee Data and Confirmation||Jennifer Employee Data View & Onboarding",Admin|Self|HRBP,,HRBP,,Disabled,Disabled,,Disabled,Disabled,Disabled,Disabled,Disabled,Disabled,Disabled,Disabled,Disabled,Disabled,Disabled,All,All,All,All,All,All,NA,,NA,NA
Dependent,dependent_details,29,"Middle Name",dependent_middle_name,4,No,,,,Enabled,ALL,,,Disabled,Disabled,N.A,Disabled,,Disabled,,Disabled,,,"Admin|Self|HRBP|Ragini|Deepta Mathur Employee Data View|Chaithra Palladka & Rina Patel|Shreshta Alawandi Employee Data and Confirmation||Jennifer Employee Data View & Onboarding","Admin|Self|HRBP|Ragini|Deepta Mathur Employee Data View|Chaithra Palladka & Rina Patel|Shreshta Alawandi Employee Data and Confirmation||Jennifer Employee Data View & Onboarding","Admin|Self|HRBP|Ragini|Deepta Mathur Employee Data View|Chaithra Palladka & Rina Patel|Shreshta Alawandi Employee Data and Confirmation||Jennifer Employee Data View & Onboarding",Admin|Self|HRBP,,HRBP,,Disabled,Disabled,,Disabled,Disabled,Disabled,Disabled,Disabled,Disabled,Disabled,Disabled,Disabled,Disabled,Disabled,All,,,,All,,NA,,NA,NA
Dependent,dependent_details,29,"Last Name",dependent_last_name,5,No,,,,Enabled,ALL,,,Disabled,Disabled,N.A,Disabled,,Disabled,,Disabled,,,"Admin|Self|HRBP|Ragini|Deepta Mathur Employee Data View|Chaithra Palladka & Rina Patel|Shreshta Alawandi Employee Data and Confirmation||Jennifer Employee Data View & Onboarding","Admin|Self|HRBP|Ragini|Deepta Mathur Employee Data View|Chaithra Palladka & Rina Patel|Shreshta Alawandi Employee Data and Confirmation||Jennifer Employee Data View & Onboarding","Admin|Self|HRBP|Ragini|Deepta Mathur Employee Data View|Chaithra Palladka & Rina Patel|Shreshta Alawandi Employee Data and Confirmation||Jennifer Employee Data View & Onboarding",Admin|Self|HRBP,,HRBP,,Disabled,Disabled,,Disabled,Disabled,Disabled,Disabled,Disabled,Disabled,Disabled,Disabled,Disabled,Disabled,Disabled,All,All,All,All,All,All,NA,,NA,NA
Dependent,dependent_details,29,Relation,dependent_relation_type,6,No,,,,Enabled,ALL,,,Disabled,Disabled,N.A,Disabled,,Disabled,,Disabled,,,"Admin|Self|HRBP|Ragini|Deepta Mathur Employee Data View|Chaithra Palladka & Rina Patel|Shreshta Alawandi Employee Data and Confirmation||Jennifer Employee Data View & Onboarding","Admin|Self|HRBP|Ragini|Deepta Mathur Employee Data View|Chaithra Palladka & Rina Patel|Shreshta Alawandi Employee Data and Confirmation||Jennifer Employee Data View & Onboarding","Admin|Self|HRBP|Ragini|Deepta Mathur Employee Data View|Chaithra Palladka & Rina Patel|Shreshta Alawandi Employee Data and Confirmation||Jennifer Employee Data View & Onboarding",Admin|Self|HRBP,,HRBP,,Disabled,Disabled,,Disabled,Disabled,Disabled,Disabled,Disabled,Disabled,Disabled,Disabled,Disabled,Disabled,Disabled,All,All,All,All,All,All,NA,,NA,NA
Dependent,dependent_details,29,"Date of Birth",dependent_dob,7,No,,,,Enabled,ALL,,,Disabled,Disabled,N.A,Disabled,,Disabled,,Disabled,,,"Admin|Self|HRBP|Ragini|Deepta Mathur Employee Data View|Chaithra Palladka & Rina Patel|Shreshta Alawandi Employee Data and Confirmation||Jennifer Employee Data View & Onboarding","Admin|Self|HRBP|Ragini|Deepta Mathur Employee Data View|Chaithra Palladka & Rina Patel|Shreshta Alawandi Employee Data and Confirmation||Jennifer Employee Data View & Onboarding","Admin|Self|HRBP|Ragini|Deepta Mathur Employee Data View|Chaithra Palladka & Rina Patel|Shreshta Alawandi Employee Data and Confirmation||Jennifer Employee Data View & Onboarding",Admin|Self|HRBP,,HRBP,,Disabled,Disabled,,Disabled,Disabled,Disabled,Disabled,Disabled,Disabled,Disabled,Disabled,Disabled,Disabled,Disabled,,,,,All,,NA,,NA,NA
Dependent,dependent_details,29,Address,dependent_contact_details,8,No,,,,Enabled,ALL,,,Disabled,Disabled,N.A,Disabled,,Disabled,,Disabled,,,"Admin|Self|HRBP|Ragini|Deepta Mathur Employee Data View|Chaithra Palladka & Rina Patel|Shreshta Alawandi Employee Data and Confirmation||Jennifer Employee Data View & Onboarding","Admin|Self|HRBP|Ragini|Deepta Mathur Employee Data View|Chaithra Palladka & Rina Patel|Shreshta Alawandi Employee Data and Confirmation||Jennifer Employee Data View & Onboarding","Admin|Self|HRBP|Ragini|Deepta Mathur Employee Data View|Chaithra Palladka & Rina Patel|Shreshta Alawandi Employee Data and Confirmation||Jennifer Employee Data View & Onboarding",Admin|Self|HRBP,,HRBP,,Disabled,Disabled,,Disabled,Disabled,Disabled,Disabled,Disabled,Disabled,Disabled,Disabled,Disabled,Disabled,Disabled,,,,,All,,NA,,NA,NA
Dependent,dependent_details,29,"Aadhaar number",dependent_aadhar_card,9,No,,,,Enabled,ALL,,,Disabled,Disabled,N.A,Disabled,,Disabled,,Disabled,,,"Admin|Self|HRBP|Ragini|Deepta Mathur Employee Data View|Chaithra Palladka & Rina Patel|Shreshta Alawandi Employee Data and Confirmation||Jennifer Employee Data View & Onboarding","Admin|Self|HRBP|Ragini|Deepta Mathur Employee Data View|Chaithra Palladka & Rina Patel|Shreshta Alawandi Employee Data and Confirmation||Jennifer Employee Data View & Onboarding","Admin|Self|HRBP|Ragini|Deepta Mathur Employee Data View|Chaithra Palladka & Rina Patel|Shreshta Alawandi Employee Data and Confirmation||Jennifer Employee Data View & Onboarding",Admin|Self|HRBP,,HRBP,,Disabled,Disabled,,Disabled,Disabled,Disabled,Disabled,Disabled,Disabled,Disabled,Disabled,Disabled,Disabled,Disabled,,,,,All,,NA,,NA,NA
Dependent,dependent_details,29,Minor,dependent_minor,10,No,,,,Disabled,ALL,,,Disabled,Disabled,N.A,Disabled,,Disabled,,Disabled,,,"Admin|Self|HRBP|Ragini|Deepta Mathur Employee Data View|Chaithra Palladka & Rina Patel|Shreshta Alawandi Employee Data and Confirmation||Jennifer Employee Data View & Onboarding","Admin|Self|HRBP|Ragini|Deepta Mathur Employee Data View|Chaithra Palladka & Rina Patel|Shreshta Alawandi Employee Data and Confirmation||Jennifer Employee Data View & Onboarding","Admin|Self|HRBP|Ragini|Deepta Mathur Employee Data View|Chaithra Palladka & Rina Patel|Shreshta Alawandi Employee Data and Confirmation||Jennifer Employee Data View & Onboarding",Admin|Self|HRBP,,HRBP,,Disabled,Disabled,,Disabled,Disabled,Disabled,Disabled,Disabled,Disabled,Disabled,Disabled,Disabled,Disabled,Disabled,,,,,All,,NA,,NA,NA
Dependent,dependent_details,29,"Mental illness",dependent_mental_illness,11,No,,,,Disabled,ALL,,,Disabled,Disabled,N.A,Disabled,,Disabled,,Disabled,,,"Admin|Self|HRBP|Ragini|Deepta Mathur Employee Data View|Chaithra Palladka & Rina Patel|Shreshta Alawandi Employee Data and Confirmation||Jennifer Employee Data View & Onboarding","Admin|Self|HRBP|Ragini|Deepta Mathur Employee Data View|Chaithra Palladka & Rina Patel|Shreshta Alawandi Employee Data and Confirmation||Jennifer Employee Data View & Onboarding","Admin|Self|HRBP|Ragini|Deepta Mathur Employee Data View|Chaithra Palladka & Rina Patel|Shreshta Alawandi Employee Data and Confirmation||Jennifer Employee Data View & Onboarding",Admin|Self|HRBP,,HRBP,,Disabled,Disabled,,Disabled,Disabled,Disabled,Disabled,Disabled,Disabled,Disabled,Disabled,Disabled,Disabled,Disabled,,,,,All,,NA,,NA,NA
Dependent,dependent_details,29,"Nominated for",dependent_nominated_for,12,No,,,,Disabled,ALL,,,Disabled,Disabled,N.A,Disabled,,Disabled,,Disabled,,,"Admin|Self|HRBP|Ragini|Deepta Mathur Employee Data View|Chaithra Palladka & Rina Patel|Shreshta Alawandi Employee Data and Confirmation||Jennifer Employee Data View & Onboarding","Admin|Self|HRBP|Ragini|Deepta Mathur Employee Data View|Chaithra Palladka & Rina Patel|Shreshta Alawandi Employee Data and Confirmation||Jennifer Employee Data View & Onboarding","Admin|Self|HRBP|Ragini|Deepta Mathur Employee Data View|Chaithra Palladka & Rina Patel|Shreshta Alawandi Employee Data and Confirmation||Jennifer Employee Data View & Onboarding",Admin|Self|HRBP,,HRBP,,Disabled,Disabled,,Disabled,Disabled,Disabled,Disabled,Disabled,Disabled,Disabled,Disabled,Disabled,Disabled,Disabled,,,,,All,,NA,,NA,NA
Dependent,dependent_details,29,"Country Code Phone",dependent_phone_country_code,13,No,,,,Disabled,ALL,,,Disabled,Disabled,N.A,Disabled,,Disabled,,Disabled,,,"Admin|Self|HRBP|Ragini|Deepta Mathur Employee Data View|Chaithra Palladka & Rina Patel|Shreshta Alawandi Employee Data and Confirmation||Jennifer Employee Data View & Onboarding","Admin|Self|HRBP|Ragini|Deepta Mathur Employee Data View|Chaithra Palladka & Rina Patel|Shreshta Alawandi Employee Data and Confirmation||Jennifer Employee Data View & Onboarding","Admin|Self|HRBP|Ragini|Deepta Mathur Employee Data View|Chaithra Palladka & Rina Patel|Shreshta Alawandi Employee Data and Confirmation||Jennifer Employee Data View & Onboarding",Admin|Self|HRBP,,HRBP,,Disabled,Disabled,,Disabled,Disabled,Disabled,Disabled,Disabled,Disabled,Disabled,Disabled,Disabled,Disabled,Disabled,,,,,All,,NA,,NA,NA
Dependent,dependent_details,29,"Tax Filing - Jointly",dependent_tax_filing_jointly,14,No,,,,Enabled,ALL,,,Disabled,Disabled,N.A,Disabled,,Disabled,,Disabled,,,Admin|Self,Admin,Admin,Admin,,HRBP,,Disabled,Disabled,,Disabled,Disabled,Disabled,Disabled,Disabled,Disabled,Disabled,Disabled,Disabled,Disabled,Disabled,,,,,All,,NA,,NA,NA
Dependent,dependent_details,29,Phone,dependent_phone,15,No,,,,Enabled,ALL,,,Disabled,Disabled,N.A,Disabled,,Disabled,,Disabled,,,"Admin|Self|HRBP|Ragini|Deepta Mathur Employee Data View|Chaithra Palladka & Rina Patel|Shreshta Alawandi Employee Data and Confirmation||Jennifer Employee Data View & Onboarding","Admin|Self|HRBP|Ragini|Deepta Mathur Employee Data View|Chaithra Palladka & Rina Patel|Shreshta Alawandi Employee Data and Confirmation||Jennifer Employee Data View & Onboarding","Admin|Self|HRBP|Ragini|Deepta Mathur Employee Data View|Chaithra Palladka & Rina Patel|Shreshta Alawandi Employee Data and Confirmation||Jennifer Employee Data View & Onboarding",Admin|Self|HRBP,,HRBP,,Disabled,Disabled,,Disabled,Disabled,Disabled,Disabled,Disabled,Disabled,Disabled,Disabled,Disabled,Disabled,Disabled,,,,,All,,NA,,NA,NA
Dependent,dependent_details,29,Nationality,dependent_nationality,16,No,,,,Enabled,ALL,,,Disabled,Disabled,N.A,Disabled,,Disabled,,Disabled,,,"Admin|Self|HRBP|Ragini|Deepta Mathur Employee Data View|Chaithra Palladka & Rina Patel|Shreshta Alawandi Employee Data and Confirmation||Jennifer Employee Data View & Onboarding","Admin|Self|HRBP|Ragini|Deepta Mathur Employee Data View|Chaithra Palladka & Rina Patel|Shreshta Alawandi Employee Data and Confirmation||Jennifer Employee Data View & Onboarding","Admin|Self|HRBP|Ragini|Deepta Mathur Employee Data View|Chaithra Palladka & Rina Patel|Shreshta Alawandi Employee Data and Confirmation||Jennifer Employee Data View & Onboarding",Admin|Self|HRBP,,HRBP,,Disabled,Disabled,,Disabled,Disabled,Disabled,Disabled,Disabled,Disabled,Disabled,Disabled,Disabled,Disabled,Disabled,,,,,All,,NA,,NA,NA
Dependent,dependent_details,29,Country,dependent_country,17,No,,,,Disabled,ALL,,,Disabled,Disabled,N.A,Disabled,,Disabled,,Disabled,,,Admin|Self,Admin,Admin,Admin,,HRBP,,Disabled,Disabled,,Disabled,Disabled,Disabled,Disabled,Disabled,Disabled,Disabled,Disabled,Disabled,Disabled,Disabled,,,,,All,,NA,,NA,NA
Dependent,dependent_details,29,Gender,dependent_gender,18,No,,,,Disabled,ALL,,,Disabled,Disabled,N.A,Disabled,,Disabled,,Disabled,,,Admin|Self,Admin,Admin,Admin,,HRBP,,Disabled,Disabled,,Disabled,Disabled,Disabled,Disabled,Disabled,Disabled,Disabled,Disabled,Disabled,Disabled,Disabled,,,,,All,,NA,,NA,NA
Dependent,dependent_details,29,"Disability status",dependent_disability_status,19,No,,,,Disabled,ALL,,,Disabled,Disabled,N.A,Disabled,,Disabled,,Disabled,,,Admin|Self,Admin,Admin,Admin,,HRBP,,Disabled,Disabled,,Disabled,Disabled,Disabled,Disabled,Disabled,Disabled,Disabled,Disabled,Disabled,Disabled,Disabled,,,,,All,,NA,,NA,NA
Dependent,dependent_details,29,"Citizenship Status",dependent_citizenship_status,20,No,,,,Disabled,ALL,,,Disabled,Disabled,N.A,Disabled,,Disabled,,Disabled,,,Admin|Self,Admin,Admin,Admin,,HRBP,,Disabled,Disabled,,Disabled,Disabled,Disabled,Disabled,Disabled,Disabled,Disabled,Disabled,Disabled,Disabled,Disabled,,,,,All,,NA,,NA,NA
Dependent,dependent_details,29,"Marital Status",dependent_marital_status,21,No,,,,Disabled,ALL,,,Disabled,Disabled,N.A,Disabled,,Disabled,,Disabled,,,Admin|Self,Admin,Admin,Admin,,HRBP,,Disabled,Disabled,,Disabled,Disabled,Disabled,Disabled,Disabled,Disabled,Disabled,Disabled,Disabled,Disabled,Disabled,,,,,All,,NA,,NA,NA
Dependent,dependent_details,29,Religion,dependent_religion,22,No,,,,Disabled,ALL,,,Disabled,Disabled,N.A,Disabled,,Disabled,,Disabled,,,Admin|Self,Admin,Admin,Admin,,HRBP,,Disabled,Disabled,,Disabled,Disabled,Disabled,Disabled,Disabled,Disabled,Disabled,Disabled,Disabled,Disabled,Disabled,,,,,All,,NA,,NA,NA
Dependent,dependent_details,29,Ethnicity,dependent_ethnicity,23,No,,,,Disabled,ALL,,,Disabled,Disabled,N.A,Disabled,,Disabled,,Disabled,,,Admin|Self,Admin,Admin,Admin,,HRBP,,Disabled,Disabled,,Disabled,Disabled,Disabled,Disabled,Disabled,Disabled,Disabled,Disabled,Disabled,Disabled,Disabled,,,,,All,,NA,,NA,NA
Dependent,dependent_details,29,"National ID Type",dependent_national_id_type,24,No,,,,Disabled,ALL,,,Disabled,Disabled,N.A,Disabled,,Disabled,,Disabled,,,Admin|Self,Admin,Admin,Admin,,HRBP,,Disabled,Disabled,,Disabled,Disabled,Disabled,Disabled,Disabled,Disabled,Disabled,Disabled,Disabled,Disabled,Disabled,,,,,All,,NA,,NA,NA
Dependent,dependent_details,29,"National ID Number",dependent_national_id_number,25,No,,,,Disabled,ALL,,,Disabled,Disabled,N.A,Disabled,,Disabled,,Disabled,,,Admin|Self,Admin,Admin,Admin,,HRBP,,Disabled,Disabled,,Disabled,Disabled,Disabled,Disabled,Disabled,Disabled,Disabled,Disabled,Disabled,Disabled,Disabled,,,,,All,,NA,,NA,NA
Dependent,dependent_details,29,"Birth Certificate Number",dependent_birth_certificate_number,26,No,,,,Disabled,ALL,,,Disabled,Disabled,N.A,Disabled,,Disabled,,Disabled,,,Admin|Self,Admin,Admin,Admin,,HRBP,,Disabled,Disabled,,Disabled,Disabled,Disabled,Disabled,Disabled,Disabled,Disabled,Disabled,Disabled,Disabled,Disabled,,,,,All,,NA,,NA,NA
Dependent,dependent_details,29,"Blood Group",dependent_blood_group,27,No,,,,Disabled,ALL,,,Disabled,Disabled,N.A,Disabled,,Disabled,,Disabled,,,Admin|Self,Admin,Admin,Admin,,HRBP,,Disabled,Disabled,,Disabled,Disabled,Disabled,Disabled,Disabled,Disabled,Disabled,Disabled,Disabled,Disabled,Disabled,,,,,All,,NA,,NA,NA
Dependent,dependent_details,29,"Is Adopted",dependent_is_adopted,28,No,,,,Disabled,ALL,,,Disabled,Disabled,N.A,Disabled,,Disabled,,Disabled,,,Admin|Self,Admin,Admin,Admin,,HRBP,,Disabled,Disabled,,Disabled,Disabled,Disabled,Disabled,Disabled,Disabled,Disabled,Disabled,Disabled,Disabled,Disabled,,,,,All,,NA,,NA,NA
Dependent,dependent_details,29,"Adoption Date",dependent_adoption_date,29,No,,,,Disabled,ALL,,,Disabled,Disabled,N.A,Disabled,,Disabled,,Disabled,,,Admin|Self,Admin,Admin,Admin,,HRBP,,Disabled,Disabled,,Disabled,Disabled,Disabled,Disabled,Disabled,Disabled,Disabled,Disabled,Disabled,Disabled,Disabled,,,,,All,,NA,,NA,NA
Dependent,dependent_details,29,"Confinement Number",dependent_confinement_number,30,No,,,,Disabled,ALL,,,Disabled,Disabled,N.A,Disabled,,Disabled,,Disabled,,,Admin|Self,Admin,Admin,Admin,,HRBP,,Disabled,Disabled,,Disabled,Disabled,Disabled,Disabled,Disabled,Disabled,Disabled,Disabled,Disabled,Disabled,Disabled,,,,,All,,NA,,NA,NA
Dependent,dependent_details,29,"Education Type",dependent_education_type,31,No,,,,Disabled,ALL,,,Disabled,Disabled,N.A,Disabled,,Disabled,,Disabled,,,Admin|Self,Admin,Admin,Admin,,HRBP,,Disabled,Disabled,,Disabled,Disabled,Disabled,Disabled,Disabled,Disabled,Disabled,Disabled,Disabled,Disabled,Disabled,,,,,All,,NA,,NA,NA
Dependent,dependent_details,29,"Benefit Applicable",dependent_benefit_applicable,32,No,,,,Disabled,ALL,,,Disabled,Disabled,N.A,Disabled,,Disabled,,Disabled,,,Admin|Self,Admin,Admin,Admin,,HRBP,,Disabled,Disabled,,Disabled,Disabled,Disabled,Disabled,Disabled,Disabled,Disabled,Disabled,Disabled,Disabled,Disabled,,,,,All,,NA,,NA,NA
Dependent,dependent_details,29,"Date of Acquiring Citizenship",dependent_aquiring_citizenship_date,33,No,,,,Disabled,ALL,,,Disabled,Disabled,N.A,Disabled,,Disabled,,Disabled,,,Admin|Self,Admin,Admin,Admin,,HRBP,,Disabled,Disabled,,Disabled,Disabled,Disabled,Disabled,Disabled,Disabled,Disabled,Disabled,Disabled,Disabled,Disabled,,,,,All,,NA,,NA,NA
Dependent,dependent_details,29,"Tax Office of Spouse",dependent_tax_office_spouse,34,No,,,,Disabled,ALL,,,Disabled,Disabled,N.A,Disabled,,Disabled,,Disabled,,,Admin|Self,Admin,Admin,Admin,,HRBP,,Disabled,Disabled,,Disabled,Disabled,Disabled,Disabled,Disabled,Disabled,Disabled,Disabled,Disabled,Disabled,Disabled,,,,,All,,NA,,NA,NA
Dependent,dependent_details,29,Medicare,dependent_medicare,35,No,,,,Disabled,ALL,,,Disabled,Disabled,N.A,Disabled,,Disabled,,Disabled,,,Admin|Self,Admin,Admin,Admin,,HRBP,,Disabled,Disabled,,Disabled,Disabled,Disabled,Disabled,Disabled,Disabled,Disabled,Disabled,Disabled,Disabled,Disabled,,,,,All,,NA,,NA,NA
Dependent,dependent_details,29,"Veteran Status",dependent_military_service,36,No,,,,Disabled,ALL,,,Disabled,Disabled,N.A,Disabled,,Disabled,,Disabled,,,Admin|Self,Admin,Admin,Admin,,HRBP,,Disabled,Disabled,,Disabled,Disabled,Disabled,Disabled,Disabled,Disabled,Disabled,Disabled,Disabled,Disabled,Disabled,,,,,All,,NA,,NA,NA
Dependent,dependent_details,29,"Is Student",dependent_is_student,37,No,,,,Disabled,ALL,,,Disabled,Disabled,N.A,Disabled,,Disabled,,Disabled,,,Admin|Self,Admin,Admin,Admin,,HRBP,,Disabled,Disabled,,Disabled,Disabled,Disabled,Disabled,Disabled,Disabled,Disabled,Disabled,Disabled,Disabled,Disabled,,,,,All,,NA,,NA,NA
Dependent,dependent_details,29,"Job Title",dependent_job_title,38,No,,,,Disabled,ALL,,,Disabled,Disabled,N.A,Disabled,,Disabled,,Disabled,,,Admin|Self,Admin,Admin,Admin,,HRBP,,Disabled,Disabled,,Disabled,Disabled,Disabled,Disabled,Disabled,Disabled,Disabled,Disabled,Disabled,Disabled,Disabled,,,,,All,,NA,,NA,NA
Dependent,dependent_details,29,Smoker,dependent_smoker,39,No,,,,Disabled,ALL,,,Disabled,Disabled,N.A,Disabled,,Disabled,,Disabled,,,Admin|Self,Admin,Admin,Admin,,HRBP,,Disabled,Disabled,,Disabled,Disabled,Disabled,Disabled,Disabled,Disabled,Disabled,Disabled,Disabled,Disabled,Disabled,,,,,All,,NA,,NA,NA
Dependent,dependent_details,29,"Financial Dependence",dependent_financial_dependence,40,No,,,,Disabled,ALL,,,Disabled,Disabled,N.A,Disabled,,Disabled,,Disabled,,,Admin|Self,Admin,Admin,Admin,,HRBP,,Disabled,Disabled,,Disabled,Disabled,Disabled,Disabled,Disabled,Disabled,Disabled,Disabled,Disabled,Disabled,Disabled,,,,,All,,NA,,NA,NA
Dependent,dependent_details,29,"Physician Name",dependent_physician_name,41,No,,,,Disabled,ALL,,,Disabled,Disabled,N.A,Disabled,,Disabled,,Disabled,,,Admin|Self,Admin,Admin,Admin,,HRBP,,Disabled,Disabled,,Disabled,Disabled,Disabled,Disabled,Disabled,Disabled,Disabled,Disabled,Disabled,Disabled,Disabled,,,,,All,,NA,,NA,NA
Dependent,dependent_details,29,"Physician ID Number",dependent_physician_id_number,42,No,,,,Disabled,ALL,,,Disabled,Disabled,N.A,Disabled,,Disabled,,Disabled,,,Admin|Self,Admin,Admin,Admin,,HRBP,,Disabled,Disabled,,Disabled,Disabled,Disabled,Disabled,Disabled,Disabled,Disabled,Disabled,Disabled,Disabled,Disabled,,,,,All,,NA,,NA,NA
Dependent,dependent_details,29,"Medicare Beneficiary Identifier",dependent_medicare_beneficiary_identifier,43,No,,,,Disabled,ALL,,,Disabled,Disabled,N.A,Disabled,,Disabled,,Disabled,,,Admin|Self,Admin,Admin,Admin,,HRBP,,Disabled,Disabled,,Disabled,Disabled,Disabled,Disabled,Disabled,Disabled,Disabled,Disabled,Disabled,Disabled,Disabled,,,,,All,,NA,,NA,NA
Dependent,dependent_details,29,"Insurance Applicable",dependent_insurance_applicable,44,No,,,,Disabled,ALL,,,Disabled,Disabled,N.A,Disabled,,Disabled,,Disabled,,,Admin|Self,Admin,Admin,Admin,,HRBP,,Disabled,Disabled,,Disabled,Disabled,Disabled,Disabled,Disabled,Disabled,Disabled,Disabled,Disabled,Disabled,Disabled,,,,,All,,NA,,NA,NA
Dependent,dependent_details,29,"Employment status",dependent_employement_status,45,No,,,,Disabled,ALL,,,Disabled,Disabled,N.A,Disabled,,Disabled,,Disabled,,,Admin|Self,Admin,Admin,Admin,,HRBP,,Disabled,Disabled,,Disabled,Disabled,Disabled,Disabled,Disabled,Disabled,Disabled,Disabled,Disabled,Disabled,Disabled,,,,,All,,NA,,NA,NA
Dependent,dependent_details,29,"Employer Name",dependent_employer_name,46,No,,,,Disabled,ALL,,,Disabled,Disabled,N.A,Disabled,,Disabled,,Disabled,,,Admin|Self,Admin,Admin,Admin,,HRBP,,Disabled,Disabled,,Disabled,Disabled,Disabled,Disabled,Disabled,Disabled,Disabled,Disabled,Disabled,Disabled,Disabled,,,,,All,,NA,,NA,NA
Dependent,dependent_details,29,"Passport Number",dependent_passport_number,47,No,,,,Disabled,ALL,,,Disabled,Disabled,N.A,Disabled,,Disabled,,Disabled,,,Admin|Self,Admin,Admin,Admin,,HRBP,,Disabled,Disabled,,Disabled,Disabled,Disabled,Disabled,Disabled,Disabled,Disabled,Disabled,Disabled,Disabled,Disabled,,,,,All,,NA,,NA,NA
Dependent,dependent_details,29,"Passport Issue Date",dependent_passport_issue_date,48,No,,,,Disabled,ALL,,,Disabled,Disabled,N.A,Disabled,,Disabled,,Disabled,,,Admin|Self,Admin,Admin,Admin,,HRBP,,Disabled,Disabled,,Disabled,Disabled,Disabled,Disabled,Disabled,Disabled,Disabled,Disabled,Disabled,Disabled,Disabled,,,,,All,,NA,,NA,NA
Dependent,dependent_details,29,"Passport Expiry Date",dependent_passport_expiry_date,49,No,,,,Disabled,ALL,,,Disabled,Disabled,N.A,Disabled,,Disabled,,Disabled,,,Admin|Self,Admin,Admin,Admin,,HRBP,,Disabled,Disabled,,Disabled,Disabled,Disabled,Disabled,Disabled,Disabled,Disabled,Disabled,Disabled,Disabled,Disabled,,,,,All,,NA,,NA,NA
Dependent,dependent_details,29,"Passport Issue Country",dependent_passport_issue_country,50,No,,,,Disabled,ALL,,,Disabled,Disabled,N.A,Disabled,,Disabled,,Disabled,,,Admin|Self,Admin,Admin,Admin,,HRBP,,Disabled,Disabled,,Disabled,Disabled,Disabled,Disabled,Disabled,Disabled,Disabled,Disabled,Disabled,Disabled,Disabled,,,,,All,,NA,,NA,NA
Dependent,dependent_details,29,"Visa Number",dependent_visa_number,51,No,,,,Disabled,ALL,,,Disabled,Disabled,N.A,Disabled,,Disabled,,Disabled,,,Admin|Self,Admin,Admin,Admin,,HRBP,,Disabled,Disabled,,Disabled,Disabled,Disabled,Disabled,Disabled,Disabled,Disabled,Disabled,Disabled,Disabled,Disabled,,,,,All,,NA,,NA,NA
Dependent,dependent_details,29,"Visa Issue Date",dependent_visa_issue_date,52,No,,,,Disabled,ALL,,,Disabled,Disabled,N.A,Disabled,,Disabled,,Disabled,,,Admin|Self,Admin,Admin,Admin,,HRBP,,Disabled,Disabled,,Disabled,Disabled,Disabled,Disabled,Disabled,Disabled,Disabled,Disabled,Disabled,Disabled,Disabled,,,,,All,,NA,,NA,NA
Dependent,dependent_details,29,"Visa Expiry Date",dependent_visa_expiry_date,53,No,,,,Disabled,ALL,,,Disabled,Disabled,N.A,Disabled,,Disabled,,Disabled,,,Admin|Self,Admin,Admin,Admin,,HRBP,,Disabled,Disabled,,Disabled,Disabled,Disabled,Disabled,Disabled,Disabled,Disabled,Disabled,Disabled,Disabled,Disabled,,,,,All,,NA,,NA,NA
Dependent,dependent_details,29,"Border Entry No",dependent_border_entry_number,54,No,,,,Disabled,ALL,,,Disabled,Disabled,N.A,Disabled,,Disabled,,Disabled,,,Admin|Self,Admin,Admin,Admin,,HRBP,,Disabled,Disabled,,Disabled,Disabled,Disabled,Disabled,Disabled,Disabled,Disabled,Disabled,Disabled,Disabled,Disabled,,,,,All,,NA,,NA,NA
Dependent,dependent_details,29,"Port of Entry",dependent_port_of_entry,55,No,,,,Disabled,ALL,,,Disabled,Disabled,N.A,Disabled,,Disabled,,Disabled,,,Admin|Self,Admin,Admin,Admin,,HRBP,,Disabled,Disabled,,Disabled,Disabled,Disabled,Disabled,Disabled,Disabled,Disabled,Disabled,Disabled,Disabled,Disabled,,,,,All,,NA,,NA,NA
Dependent,dependent_details,29,"Accommodation Entitlement",dependent_accommodation_entitlement,56,No,,,,Disabled,ALL,,,Disabled,Disabled,N.A,Disabled,,Disabled,,Disabled,,,Admin|Self,Admin,Admin,Admin,,HRBP,,Disabled,Disabled,,Disabled,Disabled,Disabled,Disabled,Disabled,Disabled,Disabled,Disabled,Disabled,Disabled,Disabled,,,,,All,,NA,,NA,NA
Dependent,dependent_details,29,"Eligible for Leave Passage Benefit",dependent_eligible_for_leave_passage_benefit,57,No,,,,Disabled,ALL,,,Disabled,Disabled,N.A,Disabled,,Disabled,,Disabled,,,Admin|Self,Admin,Admin,Admin,,HRBP,,Disabled,Disabled,,Disabled,Disabled,Disabled,Disabled,Disabled,Disabled,Disabled,Disabled,Disabled,Disabled,Disabled,,,,,All,,NA,,NA,NA
Dependent,dependent_details,29,"Leave Passage Entitlement Quota",dependent_leave_passage_quota,58,No,,,,Disabled,ALL,,,Disabled,Disabled,N.A,Disabled,,Disabled,,Disabled,,,Admin|Self,Admin,Admin,Admin,,HRBP,,Disabled,Disabled,,Disabled,Disabled,Disabled,Disabled,Disabled,Disabled,Disabled,Disabled,Disabled,Disabled,Disabled,,,,,All,,NA,,NA,NA
Dependent,dependent_details,29,"Legal Cohabitation",dependent_legal_cohabitation,59,No,,,,Disabled,ALL,,,Disabled,Disabled,N.A,Disabled,,Disabled,,Disabled,,,Admin|Self,Admin,Admin,Admin,,HRBP,,Disabled,Disabled,,Disabled,Disabled,Disabled,Disabled,Disabled,Disabled,Disabled,Disabled,Disabled,Disabled,Disabled,,,,,All,,NA,,NA,NA
Dependent,dependent_details,29,"Conditional Temporary Stay Visa",dependent_temporary_stay_visa,60,No,,,,Disabled,ALL,,,Disabled,Disabled,N.A,Disabled,,Disabled,,Disabled,,,Admin|Self,Admin,Admin,Admin,,HRBP,,Disabled,Disabled,,Disabled,Disabled,Disabled,Disabled,Disabled,Disabled,Disabled,Disabled,Disabled,Disabled,Disabled,,,,,All,,NA,,NA,NA
Dependent,dependent_details,29,"Assistance Payment - IJSS",dependent_assistance_payment,61,No,,,,Disabled,ALL,,,Disabled,Disabled,N.A,Disabled,,Disabled,,Disabled,,,Admin|Self,Admin,Admin,Admin,,HRBP,,Disabled,Disabled,,Disabled,Disabled,Disabled,Disabled,Disabled,Disabled,Disabled,Disabled,Disabled,Disabled,Disabled,,,,,All,,NA,,NA,NA
Dependent,dependent_details,29,"Start Year of Childcare Leave",dependent_start_year_childcare_leave,62,No,,,,Disabled,ALL,,,Disabled,Disabled,N.A,Disabled,,Disabled,,Disabled,,,Admin|Self,Admin,Admin,Admin,,HRBP,,Disabled,Disabled,,Disabled,Disabled,Disabled,Disabled,Disabled,Disabled,Disabled,Disabled,Disabled,Disabled,Disabled,,,,,All,,NA,,NA,NA
Dependent,dependent_details,29,"Schooling Type",dependent_schooling_type,63,No,,,,Disabled,ALL,,,Disabled,Disabled,N.A,Disabled,,Disabled,,Disabled,,,Admin,Admin,Admin,Admin,,HRBP,,Disabled,Disabled,,Disabled,Disabled,Disabled,Disabled,Disabled,Disabled,Disabled,Disabled,Disabled,Disabled,Disabled,,,,,All,,NA,,NA,NA
Dependent,dependent_details,29,"Disability ID",dependent_disability_ID_card,64,No,,,,Disabled,ALL,,,Disabled,Disabled,N.A,Disabled,,Disabled,,Disabled,,,Admin|Self,Admin,Admin,Admin,,HRBP,,Disabled,Disabled,,Disabled,Disabled,Disabled,Disabled,Disabled,Disabled,Disabled,Disabled,Disabled,Disabled,Disabled,,,,,All,,NA,,NA,NA
Dependent,dependent_details,29,"Add under Medical insurance",a64a2962ef0640,65,Yes,"Single Select",Yes|No,,Disabled,ALL,,,Disabled,Disabled,Disabled,Disabled,,Disabled,,Disabled,,,"Admin|Self|HRBP|Ragini|Deepta Mathur Employee Data View|Chaithra Palladka & Rina Patel|Shreshta Alawandi Employee Data and Confirmation||Jennifer Employee Data View & Onboarding","Admin|Self|HRBP|Ragini|Deepta Mathur Employee Data View|Chaithra Palladka & Rina Patel|Shreshta Alawandi Employee Data and Confirmation||Jennifer Employee Data View & Onboarding","Admin|Self|HRBP|Ragini|Deepta Mathur Employee Data View|Chaithra Palladka & Rina Patel|Shreshta Alawandi Employee Data and Confirmation||Jennifer Employee Data View & Onboarding",Admin|Self|HRBP,,HRBP,,Disabled,Disabled,,Disabled,Disabled,Disabled,Disabled,Disabled,Disabled,Disabled,Disabled,Disabled,Disabled,Disabled,All,,,,,,Disabled,,NA,NA
Dependent,dependent_details,29,Percentage,a64d3ef66bd891,66,Yes,Text,,Numbers,Disabled,ALL,,,Disabled,Disabled,Disabled,Disabled,,Disabled,,Disabled,,,"Admin|Self|HRBP|Ragini|Deepta Mathur Employee Data View|Chaithra Palladka & Rina Patel|Shreshta Alawandi Employee Data and Confirmation||Jennifer Employee Data View & Onboarding","Admin|Self|HRBP|Ragini|Deepta Mathur Employee Data View|Chaithra Palladka & Rina Patel|Shreshta Alawandi Employee Data and Confirmation||Jennifer Employee Data View & Onboarding","Admin|Self|HRBP|Ragini|Deepta Mathur Employee Data View|Chaithra Palladka & Rina Patel|Shreshta Alawandi Employee Data and Confirmation||Jennifer Employee Data View & Onboarding",Admin,,HRBP,,Disabled,Disabled,,Disabled,Disabled,Disabled,Disabled,Disabled,Disabled,Disabled,Disabled,Disabled,Disabled,Disabled,All,,,,,,Disabled,,NA,NA
Nominations,nomination_details,30,"Nomination One",nomination_one,1,No,,,,Disabled,ALL,,,Disabled,Disabled,N.A,Disabled,,Disabled,,Enabled,"India-Accidental Insurance",,"Admin|Self|HRBP|Ragini|Deepta Mathur Employee Data View|Chaithra Palladka & Rina Patel|Shreshta Alawandi Employee Data and Confirmation||Jennifer Employee Data View & Onboarding","Admin|Self|HRBP|Ragini|Deepta Mathur Employee Data View|Chaithra Palladka & Rina Patel|Shreshta Alawandi Employee Data and Confirmation||Jennifer Employee Data View & Onboarding","Admin|Self|HRBP|Ragini|Deepta Mathur Employee Data View|Chaithra Palladka & Rina Patel|Shreshta Alawandi Employee Data and Confirmation||Jennifer Employee Data View & Onboarding",Admin,,HRBP,,Disabled,Disabled,,Disabled,Disabled,Disabled,Disabled,Disabled,Disabled,Disabled,Disabled,Disabled,Disabled,Disabled,All,,,,All,,NA,,NA,NA
Nominations,nomination_details,30,"Nomination Two",nomination_two,2,No,,,,Enabled,ALL,,,Disabled,Disabled,N.A,Disabled,,Disabled,,Enabled,"India-Gratuity Nomination",,"Admin|Self|HRBP|Ragini|Deepta Mathur Employee Data View|Chaithra Palladka & Rina Patel|Shreshta Alawandi Employee Data and Confirmation||Jennifer Employee Data View & Onboarding","Admin|Self|HRBP|Ragini|Deepta Mathur Employee Data View|Chaithra Palladka & Rina Patel|Shreshta Alawandi Employee Data and Confirmation||Jennifer Employee Data View & Onboarding","Admin|Self|HRBP|Ragini|Deepta Mathur Employee Data View|Chaithra Palladka & Rina Patel|Shreshta Alawandi Employee Data and Confirmation||Jennifer Employee Data View & Onboarding",Admin,,HRBP,,Disabled,Disabled,,Disabled,Disabled,Disabled,Disabled,Disabled,Disabled,Disabled,Disabled,Disabled,Disabled,Disabled,All,,,,All,,NA,,NA,NA
Nominations,nomination_details,30,"Nomination Three",nomination_three,3,No,,,,Disabled,ALL,,,Disabled,Disabled,N.A,Disabled,,Disabled,,Enabled,"India-Life Insurance",,"Admin|Self|HRBP|Ragini|Deepta Mathur Employee Data View|Chaithra Palladka & Rina Patel|Shreshta Alawandi Employee Data and Confirmation||Jennifer Employee Data View & Onboarding","Admin|Self|HRBP|Ragini|Deepta Mathur Employee Data View|Chaithra Palladka & Rina Patel|Shreshta Alawandi Employee Data and Confirmation||Jennifer Employee Data View & Onboarding","Admin|Self|HRBP|Ragini|Deepta Mathur Employee Data View|Chaithra Palladka & Rina Patel|Shreshta Alawandi Employee Data and Confirmation||Jennifer Employee Data View & Onboarding",Admin,,HRBP,,Disabled,Disabled,,Disabled,Disabled,Disabled,Disabled,Disabled,Disabled,Disabled,Disabled,Disabled,Disabled,Disabled,All,,,,All,,NA,,NA,NA
Nominations,nomination_details,30,"Nomination Four",nomination_four,4,No,,,,Disabled,ALL,,,Disabled,Disabled,N.A,Disabled,,Disabled,,Enabled,"India-Accidental Insurance",,"Admin|Self|HRBP|Ragini|Deepta Mathur Employee Data View|Chaithra Palladka & Rina Patel|Shreshta Alawandi Employee Data and Confirmation||Jennifer Employee Data View & Onboarding","Admin|Self|HRBP|Ragini|Deepta Mathur Employee Data View|Chaithra Palladka & Rina Patel|Shreshta Alawandi Employee Data and Confirmation||Jennifer Employee Data View & Onboarding","Admin|Self|HRBP|Ragini|Deepta Mathur Employee Data View|Chaithra Palladka & Rina Patel|Shreshta Alawandi Employee Data and Confirmation||Jennifer Employee Data View & Onboarding",Admin,,HRBP,,Disabled,Disabled,,Disabled,Disabled,Disabled,Disabled,Disabled,Disabled,Disabled,Disabled,Disabled,Disabled,Disabled,All,,,,All,,NA,,NA,NA
Nominations,nomination_details,30,"Nomination Five",nomination_five,5,No,,,,Enabled,ALL,,,Disabled,Disabled,N.A,Disabled,,Disabled,,Enabled,"India-Accidental Insurance",,"Admin|Self|HRBP|Ragini|Deepta Mathur Employee Data View|Chaithra Palladka & Rina Patel|Shreshta Alawandi Employee Data and Confirmation||Jennifer Employee Data View & Onboarding","Admin|Self|HRBP|Ragini|Deepta Mathur Employee Data View|Chaithra Palladka & Rina Patel|Shreshta Alawandi Employee Data and Confirmation||Jennifer Employee Data View & Onboarding","Admin|Self|HRBP|Ragini|Deepta Mathur Employee Data View|Chaithra Palladka & Rina Patel|Shreshta Alawandi Employee Data and Confirmation||Jennifer Employee Data View & Onboarding",Admin,,HRBP,,Disabled,Disabled,,Disabled,Disabled,Disabled,Disabled,Disabled,Disabled,Disabled,Disabled,Disabled,Disabled,Disabled,All,,,,All,,NA,,NA,NA
Nominations,nomination_details,30,"Nomination Six",nomination_six,6,No,,,,Disabled,ALL,,,Disabled,Disabled,N.A,Disabled,,Disabled,,Disabled,,,"Admin|Self|HRBP|Ragini|Deepta Mathur Employee Data View|Chaithra Palladka & Rina Patel|Shreshta Alawandi Employee Data and Confirmation||Jennifer Employee Data View & Onboarding","Admin|Self|HRBP|Ragini|Deepta Mathur Employee Data View|Chaithra Palladka & Rina Patel|Shreshta Alawandi Employee Data and Confirmation||Jennifer Employee Data View & Onboarding","Admin|Self|HRBP|Ragini|Deepta Mathur Employee Data View|Chaithra Palladka & Rina Patel|Shreshta Alawandi Employee Data and Confirmation||Jennifer Employee Data View & Onboarding",Admin,,HRBP,,Disabled,Disabled,,Disabled,Disabled,Disabled,Disabled,Disabled,Disabled,Disabled,Disabled,Disabled,Disabled,Disabled,,,,,All,,NA,,NA,NA
Nominations,nomination_details,30,"Nomination Seven",nomination_seven,7,No,,,,Disabled,ALL,,,Disabled,Disabled,N.A,Disabled,,Disabled,,Disabled,,,"Admin|Self|HRBP|Ragini|Deepta Mathur Employee Data View|Chaithra Palladka & Rina Patel|Shreshta Alawandi Employee Data and Confirmation||Jennifer Employee Data View & Onboarding","Admin|Self|HRBP|Ragini|Deepta Mathur Employee Data View|Chaithra Palladka & Rina Patel|Shreshta Alawandi Employee Data and Confirmation||Jennifer Employee Data View & Onboarding","Admin|Self|HRBP|Ragini|Deepta Mathur Employee Data View|Chaithra Palladka & Rina Patel|Shreshta Alawandi Employee Data and Confirmation||Jennifer Employee Data View & Onboarding",Admin,,HRBP,,Disabled,Disabled,,Disabled,Disabled,Disabled,Disabled,Disabled,Disabled,Disabled,Disabled,Disabled,Disabled,Disabled,,,,,All,,NA,,NA,NA
Nominations,nomination_details,30,"Nomination Eight",nomination_eight,8,No,,,,Disabled,ALL,,,Disabled,Disabled,N.A,Disabled,,Disabled,,Disabled,,,"Admin|Self|HRBP|Ragini|Deepta Mathur Employee Data View|Chaithra Palladka & Rina Patel|Shreshta Alawandi Employee Data and Confirmation||Jennifer Employee Data View & Onboarding","Admin|Self|HRBP|Ragini|Deepta Mathur Employee Data View|Chaithra Palladka & Rina Patel|Shreshta Alawandi Employee Data and Confirmation||Jennifer Employee Data View & Onboarding","Admin|Self|HRBP|Ragini|Deepta Mathur Employee Data View|Chaithra Palladka & Rina Patel|Shreshta Alawandi Employee Data and Confirmation||Jennifer Employee Data View & Onboarding",Admin,,HRBP,,Disabled,Disabled,,Disabled,Disabled,Disabled,Disabled,Disabled,Disabled,Disabled,Disabled,Disabled,Disabled,Disabled,,,,,All,,NA,,NA,NA
Nominations,nomination_details,30,"Nomination Nine",nomination_nine,9,No,,,,Disabled,ALL,,,Disabled,Disabled,N.A,Disabled,,Disabled,,Disabled,,,"Admin|Self|HRBP|Ragini|Deepta Mathur Employee Data View|Chaithra Palladka & Rina Patel|Shreshta Alawandi Employee Data and Confirmation||Jennifer Employee Data View & Onboarding","Admin|Self|HRBP|Ragini|Deepta Mathur Employee Data View|Chaithra Palladka & Rina Patel|Shreshta Alawandi Employee Data and Confirmation||Jennifer Employee Data View & Onboarding","Admin|Self|HRBP|Ragini|Deepta Mathur Employee Data View|Chaithra Palladka & Rina Patel|Shreshta Alawandi Employee Data and Confirmation||Jennifer Employee Data View & Onboarding",Admin,,HRBP,,Disabled,Disabled,,Disabled,Disabled,Disabled,Disabled,Disabled,Disabled,Disabled,Disabled,Disabled,Disabled,Disabled,,,,,All,,NA,,NA,NA
Nominations,nomination_details,30,"Nomination Ten",nomination_ten,10,No,,,,Disabled,ALL,,,Disabled,Disabled,N.A,Disabled,,Disabled,,Disabled,,,"Admin|Self|HRBP|Ragini|Deepta Mathur Employee Data View|Chaithra Palladka & Rina Patel|Shreshta Alawandi Employee Data and Confirmation||Jennifer Employee Data View & Onboarding","Admin|Self|HRBP|Ragini|Deepta Mathur Employee Data View|Chaithra Palladka & Rina Patel|Shreshta Alawandi Employee Data and Confirmation||Jennifer Employee Data View & Onboarding","Admin|Self|HRBP|Ragini|Deepta Mathur Employee Data View|Chaithra Palladka & Rina Patel|Shreshta Alawandi Employee Data and Confirmation||Jennifer Employee Data View & Onboarding",Admin,,HRBP,,Disabled,Disabled,,Disabled,Disabled,Disabled,Disabled,Disabled,Disabled,Disabled,Disabled,Disabled,Disabled,Disabled,,,,,All,,NA,,NA,NA
"Health Insurance Dependents",array_section_six,31,"Name of the Nominee",a64a282ddb8b8a,1,Yes,Text,,,Enabled,ALL,,,Disabled,Disabled,Disabled,Disabled,,Disabled,,Enabled,"India-Name of Dependent",,"Admin|Self|HRBP|Ragini|Deepta Mathur Employee Data View|Chaithra Palladka & Rina Patel|Shreshta Alawandi Employee Data and Confirmation||Jennifer Employee Data View & Onboarding","Admin|Self|HRBP|Ragini|Deepta Mathur Employee Data View|Chaithra Palladka & Rina Patel|Shreshta Alawandi Employee Data and Confirmation||Jennifer Employee Data View & Onboarding","Admin|Self|HRBP|Ragini|Deepta Mathur Employee Data View|Chaithra Palladka & Rina Patel|Shreshta Alawandi Employee Data and Confirmation||Jennifer Employee Data View & Onboarding",Admin,,"HRBP|Health Insurance Approval",,Disabled,Disabled,,Disabled,Disabled,Disabled,Disabled,Disabled,Disabled,Disabled,Disabled,Disabled,Disabled,Disabled,All,All,All,All,All,All,Disabled,,NA,NA
"Health Insurance Dependents",array_section_six,31,Relationship,a64a56cd3a4fbf,2,Yes,"Single Select","Spouse|Son|Daughter|Mother|Father|Mother in law|Father in law",,Enabled,ALL,,,Disabled,Disabled,Disabled,Disabled,,Disabled,,Disabled,,,"Admin|Self|HRBP|Ragini|Deepta Mathur Employee Data View|Chaithra Palladka & Rina Patel|Shreshta Alawandi Employee Data and Confirmation||Jennifer Employee Data View & Onboarding","Admin|Self|HRBP|Ragini|Deepta Mathur Employee Data View|Chaithra Palladka & Rina Patel|Shreshta Alawandi Employee Data and Confirmation||Jennifer Employee Data View & Onboarding","Admin|Self|HRBP|Ragini|Deepta Mathur Employee Data View|Chaithra Palladka & Rina Patel|Shreshta Alawandi Employee Data and Confirmation||Jennifer Employee Data View & Onboarding",Admin,,"HRBP|Health Insurance Approval",,Disabled,Disabled,,Disabled,Disabled,Disabled,Disabled,Disabled,Disabled,Disabled,Disabled,Disabled,Disabled,Disabled,All,All,All,All,All,All,Disabled,,NA,NA
"Health Insurance Dependents",array_section_six,31,"Date of Birth",a64ab8cecba098,3,Yes,Date,,,Enabled,ALL,,,Disabled,Disabled,Disabled,Disabled,,Disabled,,Disabled,,,"Admin|Self|HRBP|Ragini|Deepta Mathur Employee Data View|Chaithra Palladka & Rina Patel|Shreshta Alawandi Employee Data and Confirmation|Jennifer Employee Data View & Onboarding","Admin|Self|HRBP|Accounts - Payroll|Ragini|Deepta Mathur Employee Data View|Chaithra Palladka & Rina Patel|Shreshta Alawandi Employee Data and Confirmation|Jennifer Employee Data View & Onboarding|Payroll - Admin","Admin|Self|HRBP|Ragini|Deepta Mathur Employee Data View|Chaithra Palladka & Rina Patel|Shreshta Alawandi Employee Data and Confirmation|Jennifer Employee Data View & Onboarding",Admin,,"HRBP|Health Insurance Approval",,Disabled,Disabled,,Disabled,Disabled,Disabled,Disabled,Disabled,Disabled,Disabled,Disabled,Disabled,Disabled,Disabled,All,All,All,All,All,All,Disabled,,NA,Disabled
"Health Insurance Dependents",array_section_six,31,Gender,a64d5850a29797,4,Yes,"Single Select",Male|Female,,Enabled,ALL,,,Disabled,Disabled,Disabled,Disabled,,Disabled,,Disabled,,,"Admin|Self|HRBP|Ragini|Deepta Mathur Employee Data View|Chaithra Palladka & Rina Patel|Shreshta Alawandi Employee Data and Confirmation||Jennifer Employee Data View & Onboarding","Admin|Self|HRBP|Ragini|Deepta Mathur Employee Data View|Chaithra Palladka & Rina Patel|Shreshta Alawandi Employee Data and Confirmation||Jennifer Employee Data View & Onboarding","Admin|Self|HRBP|Ragini|Deepta Mathur Employee Data View|Chaithra Palladka & Rina Patel|Shreshta Alawandi Employee Data and Confirmation||Jennifer Employee Data View & Onboarding",Admin,,"HRBP|Health Insurance Approval",,Disabled,Disabled,,Disabled,Disabled,Disabled,Disabled,Disabled,Disabled,Disabled,Disabled,Disabled,Disabled,Disabled,All,All,All,All,All,All,Disabled,,NA,NA
"Any Comments",array_section_seven,32,"Candidate's Comments",a64d1d92eb629c,1,Yes,"Text Area",,,Enabled,ALL,,,Disabled,Disabled,N.A,Disabled,,Disabled,,Disabled,,,,,,,,,,Disabled,Disabled,,Enabled,Disabled,Enabled,Enabled,Disabled,Enabled,Disabled,Enabled,Disabled,Enabled,Disabled,All,Candidate,All,"Hiring Group|Scheduling Team|Screening Team|Shortlisting Team|Recruiter|Candidate|||",All,All,Disabled,,NA,NA
"Any Comments",array_section_seven,32,"Recruiter's Comments",a64d1d9dce5256,2,Yes,"Text Area",,,Enabled,ALL,,,Disabled,Disabled,N.A,Disabled,,Disabled,,Disabled,,,,,,,,,,Disabled,Disabled,,Disabled,Disabled,Enabled,Enabled,Disabled,Enabled,Disabled,Enabled,Disabled,Enabled,Disabled,"Hiring Group|Scheduling Team|Screening Team|Shortlisting Team|Recruiter","Scheduling Team|Screening Team|Shortlisting Team|Recruiter","Scheduling Team|Screening Team|Shortlisting Team|Recruiter||","Scheduling Team|Screening Team|Shortlisting Team|Recruiter|||",,,Disabled,,NA,NA
"Any Comments",array_section_seven,32,"Candidate Self Rating",a64e859eb07665,3,Yes,Text,,,Enabled,ALL,,,Disabled,Disabled,N.A,Disabled,,Disabled,,Disabled,,,,,,,,,,Disabled,Disabled,,Disabled,Disabled,Enabled,Enabled,Disabled,Enabled,Disabled,Enabled,Disabled,Enabled,Disabled,"Interviewers|Hiring Group|Scheduling Team|Screening Team|Shortlisting Team|Recruiter","Scheduling Team|Screening Team|Shortlisting Team|Recruiter","Interviewers|Hiring Group|Scheduling Team|Screening Team|Shortlisting Team|Recruiter||","Scheduling Team|Screening Team|Shortlisting Team|Recruiter|||",,,Disabled,,NA,NA
"Any Comments",array_section_seven,32,"Recruiter's Comments (for the interviewer)",a64db83daa6019,4,Yes,"Text Area",,,Enabled,ALL,,,Disabled,Disabled,N.A,Disabled,,Disabled,,Disabled,,,,,,,,,,Disabled,Disabled,,Disabled,Disabled,Enabled,Enabled,Disabled,Enabled,Disabled,Enabled,Disabled,Enabled,Disabled,"Interviewers|Hiring Group|Scheduling Team|Screening Team|Shortlisting Team|Recruiter","Interviewers|Hiring Group|Scheduling Team|Screening Team|Shortlisting Team|Recruiter","Interviewers|Hiring Group|Scheduling Team|Screening Team|Shortlisting Team|Recruiter||","Interviewers|Hiring Group|Scheduling Team|Screening Team|Shortlisting Team|Recruiter|||",,,Disabled,,NA,NA
"Any Comments",array_section_seven,32,"Reason for IJP",a652fd08db51ca,5,Yes,"Text Area",,,Enabled,ALL,,,Disabled,Disabled,N.A,Disabled,,Disabled,,Disabled,,,,,,,,,,Disabled,Disabled,,Disabled,Disabled,Enabled,Disabled,Disabled,Enabled,Enabled,Disabled,Disabled,Disabled,Disabled,All,Candidate,,,,,Disabled,,NA,NA
"Job Application Details",array_section_eight,33,"Job Applied at PrimeSoft through",a64d5839140148,1,Yes,"Single Select","Email|HR|Referral|Job Consultant|Careers Page/Website|Others",,Enabled,ALL,,,Disabled,Disabled,Disabled,Disabled,,Disabled,,Disabled,,,"Admin|Deepta Mathur Employee Data View|Yogesh Employee Data View|Chaithra Palladka & Rina Patel|Shreshta Alawandi Employee Data and Confirmation|Jennifer Employee Data View & Onboarding",Admin,Admin,Admin,,,,Disabled,Disabled,,Enabled,Disabled,Enabled,Disabled,Disabled,Disabled,Disabled,Disabled,Disabled,Enabled,Enabled,All,All,All,All,All,All,Disabled,,NA,NA
"Job Application Details",array_section_eight,33,"Name of Contact Person",a64d583b75b5c9,2,Yes,Text,,,Enabled,ALL,,,Disabled,Disabled,Disabled,Disabled,,Disabled,,Disabled,,,"Admin|Deepta Mathur Employee Data View|Yogesh Employee Data View|Chaithra Palladka & Rina Patel|Shreshta Alawandi Employee Data and Confirmation|Jennifer Employee Data View & Onboarding",Admin,Admin,Admin,,,,Disabled,Disabled,,Enabled,Disabled,Enabled,Disabled,Disabled,Disabled,Disabled,Disabled,Disabled,Enabled,Disabled,All,All,All,All,All,All,Disabled,,NA,NA
"Job Application Details",array_section_eight,33,"Email ID of Contact Person",a64d583f4b4bee,3,Yes,Text,,,Enabled,ALL,,,Disabled,Disabled,Disabled,Disabled,,Disabled,,Disabled,,,"Admin|Deepta Mathur Employee Data View|Yogesh Employee Data View|Chaithra Palladka & Rina Patel|Shreshta Alawandi Employee Data and Confirmation|Jennifer Employee Data View & Onboarding",Admin,Admin,Admin,,,,Disabled,Disabled,,Enabled,Disabled,Enabled,Disabled,Disabled,Disabled,Disabled,Disabled,Disabled,Enabled,Disabled,All,All,All,All,All,All,Disabled,,NA,NA
"Job Application Details",array_section_eight,33,"Preferred Work Location",a64d584305c8a9,4,Yes,"Single Select",Hyderabad|Bengaluru|Mumbai,,Enabled,ALL,,,Disabled,Disabled,Disabled,Disabled,,Disabled,,Disabled,,,"Admin|Deepta Mathur Employee Data View|Yogesh Employee Data View|Chaithra Palladka & Rina Patel|Shreshta Alawandi Employee Data and Confirmation|Jennifer Employee Data View & Onboarding",Admin,Admin,Admin,,,,Disabled,Disabled,,Enabled,Disabled,Enabled,Enabled,Enabled,Enabled,Disabled,Enabled,Disabled,Enabled,Disabled,All,All,All,All,All,All,Disabled,,NA,NA
"Job Application Details",array_section_eight,33,"Have you previously applied for Job or got interviewed with PrimeSoft",a64d584788c8cd,5,Yes,"Single Select",Yes|No,,Enabled,ALL,,,Disabled,Disabled,Disabled,Disabled,,Disabled,,Disabled,,,"Admin|Deepta Mathur Employee Data View|Yogesh Employee Data View|Chaithra Palladka & Rina Patel|Shreshta Alawandi Employee Data and Confirmation|Jennifer Employee Data View & Onboarding",Admin,Admin,Admin,,,,Disabled,Disabled,,Enabled,Disabled,Enabled,Disabled,Disabled,Disabled,Disabled,Disabled,Disabled,Enabled,Disabled,All,All,All,All,All,All,Disabled,,NA,NA
"Job Application Details",array_section_eight,33,"If yes mention dates and postion applied for",a64d584a8f391e,6,Yes,"Text Area",,,Enabled,ALL,,,Disabled,Disabled,Disabled,Disabled,,Disabled,,Disabled,,,"Admin|Deepta Mathur Employee Data View|Yogesh Employee Data View|Chaithra Palladka & Rina Patel|Shreshta Alawandi Employee Data and Confirmation|Jennifer Employee Data View & Onboarding",Admin,Admin,Admin,,,,Disabled,Disabled,,Enabled,Disabled,Enabled,Disabled,Disabled,Disabled,Disabled,Disabled,Disabled,Enabled,Disabled,All,All,All,All,All,All,Disabled,,NA,NA
"Job Application Details",array_section_eight,33,"I hereby declare that information furnished above is true and correct in every respect and in case any information is found incorrect even partially the candidature shall be liable to be rejected",a64d585c68da4e,7,Yes,Checkbox,Yes,,Disabled,ALL,,,Disabled,Disabled,Disabled,Disabled,,Disabled,,Disabled,,,"Admin|Deepta Mathur Employee Data View|Yogesh Employee Data View|Chaithra Palladka & Rina Patel|Shreshta Alawandi Employee Data and Confirmation|Jennifer Employee Data View & Onboarding",Admin,Admin,Admin,,,,Disabled,Disabled,,Disabled,Disabled,Disabled,Disabled,Disabled,Disabled,Disabled,Disabled,Disabled,Disabled,Disabled,All,All,All,All,All,All,Disabled,,NA,NA
"Job Application Details",array_section_eight,33,"Current Project",a6530c10597def,8,Yes,Text,,,Enabled,ALL,,,Disabled,Disabled,Disabled,Disabled,,Disabled,,Disabled,,,"Admin|Deepta Mathur Employee Data View|Yogesh Employee Data View|Chaithra Palladka & Rina Patel|Shreshta Alawandi Employee Data and Confirmation|Jennifer Employee Data View & Onboarding",,,,,,,Disabled,Disabled,,Disabled,Disabled,Enabled,Disabled,Disabled,Enabled,Disabled,Disabled,Disabled,Disabled,Disabled,All,"Scheduling Team|Screening Team|Shortlisting Team|Recruiter|Candidate",,,,,Disabled,,NA,NA
"Job Application Details",array_section_eight,33,"Notice Period(in Days)",a6530c84c649db,9,Yes,Text,,,Enabled,ALL,,,Disabled,Disabled,Disabled,Disabled,,Disabled,,Disabled,,,"Admin|Deepta Mathur Employee Data View|Yogesh Employee Data View|Chaithra Palladka & Rina Patel|Shreshta Alawandi Employee Data and Confirmation|Jennifer Employee Data View & Onboarding",,,,,,,Disabled,Disabled,,Enabled,Enabled,Enabled,Enabled,Enabled,Enabled,Enabled,Enabled,Enabled,Enabled,Disabled,All,"Scheduling Team|Screening Team|Shortlisting Team|Recruiter|Candidate","Hiring Group|Scheduling Team|Screening Team|Shortlisting Team|Recruiter|Candidate||","Hiring Group|Scheduling Team|Screening Team|Shortlisting Team|Recruiter|Candidate|||",,,Disabled,,NA,NA
Array10,array_section_nine,34
"Performance Notes",array_section_ten,35,"Employee Notes",a652d01e474ab9,1,Yes,"Text Area",,,Enabled,ALL,,,Disabled,Disabled,Disabled,Disabled,,Disabled,,Disabled,,,Self,Self,Self,Self,,,,Disabled,Disabled,,Disabled,Disabled,Disabled,Disabled,Disabled,Disabled,Disabled,Disabled,Disabled,Disabled,Disabled,All,,,,,,Disabled,,NA,NA
"Performance Notes",array_section_ten,35,"Manager's Notes",a652d020c68155,2,Yes,"Text Area",,,Enabled,ALL,,,Disabled,Disabled,Disabled,Disabled,,Disabled,,Disabled,,,Manager,Manager,Manager,,,,,Disabled,Disabled,,Disabled,Disabled,Disabled,Disabled,Disabled,Disabled,Disabled,Disabled,Disabled,Disabled,Disabled,All,,,,,,Disabled,,NA,NA
"Performance Notes",array_section_ten,35,"HR's Notes",a652d023955906,3,Yes,"Text Area",,,Enabled,ALL,,,Disabled,Disabled,Disabled,Disabled,,Disabled,,Disabled,,,"Admin|Jennifer PMS Admin","Admin|Jennifer PMS Admin","Admin|Jennifer PMS Admin",Admin,,,,Disabled,Disabled,,Disabled,Disabled,Disabled,Disabled,Disabled,Disabled,Disabled,Disabled,Disabled,Disabled,Disabled,All,,,,,,Disabled,,NA,NA
"Performance Notes",array_section_ten,35,"CEO's Notes",a652d025cbd875,4,Yes,"Text Area",,,Enabled,ALL,,,Disabled,Disabled,Disabled,Disabled,,Disabled,,Disabled,,,CEO,CEO,CEO,CEO,,,,Disabled,Disabled,,Disabled,Disabled,Disabled,Disabled,Disabled,Disabled,Disabled,Disabled,Disabled,Disabled,Disabled,All,,,,,,Disabled,,NA,NA
"Performance Notes",array_section_ten,35,"Performance Notes by Manager & Above",a65dc6cc2ec5d6,5,Yes,Text,,,Enabled,ALL,,,Disabled,Disabled,Disabled,Disabled,,Disabled,,Disabled,,,"Admin|Manager|L2 Manager|L3 and above|Dotted Line Manager|CEO|Vice President|HODs","Admin|HOD|Manager|L2 Manager|L3 and above|Dotted Line Manager|CEO|Vice President","Admin|HOD|Manager|L2 Manager|L3 and above|Dotted Line Manager|CEO|Vice President","Admin|HOD|Manager|L2 Manager|L3 and above|Dotted Line Manager|CEO|Vice President",,,,Disabled,Disabled,,Disabled,Disabled,Disabled,Disabled,Disabled,Disabled,Disabled,Disabled,Disabled,Disabled,Disabled,All,,,,,,Disabled,,NA,NA
"Performance Notes",array_section_ten,35,"HR & CEO Notes",a66f2691d5cc64,6,Yes,Text,,,Enabled,ALL,,,Disabled,Disabled,Disabled,Disabled,,Disabled,,Disabled,,,Admin|CEO|Akshaya,Admin|CEO|Akshaya,Admin|CEO|Akshaya,Admin|CEO|Akshaya,,,,Disabled,Disabled,,Disabled,Disabled,Disabled,Disabled,Disabled,Disabled,Disabled,Disabled,Disabled,Disabled,Disabled,All,,,,,,Disabled,,NA,NA
"Array Section 11",array_section_eleven,36
"Array Section 12",array_section_twelve,37
"Array Section 13",array_section_thirteen,38
"Array Section 14",array_section_fourteen,39
"Array Section 15",array_section_fifteen,40
"Array Section 16",array_section_sixteen,41
"Array Section 17",array_section_seventeen,42
"Array Section 18",array_section_eighteen,43
"Array Section 19",array_section_nineteen,44
"Self Declaration Document",array_section_twenty,45,"Declaration Document Upload",a64a64ac396c73,1,Yes,"Multi File",,,Enabled,ALL,,,Disabled,Disabled,N.A,Disabled,,Disabled,,Disabled,,,Admin|Self,Admin|Self,Admin|Self,Admin,Admin|Self,Admin,,Enabled,Disabled,,Disabled,Disabled,Disabled,Disabled,Disabled,Disabled,Disabled,Disabled,Disabled,Disabled,Disabled,All,,,,,,Disabled,,NA,NA
"I9 Documents",i9_detail,45,"I9 Type",i9_type,1,No,,,,Disabled,ALL,,,Disabled,Disabled,N.A,Disabled,,Disabled,,Disabled,,,Admin|Self,Admin,Admin,Admin,,,,Disabled,Disabled,,Disabled,Disabled,Disabled,Disabled,Disabled,Disabled,Disabled,Disabled,Disabled,Disabled,Disabled,,,,,All,,NA,,NA,NA
"I9 Documents",i9_detail,45,"Supporting Document 1 - Name",supporting_document_1_name,2,No,,,,Disabled,ALL,,,Disabled,Disabled,N.A,Disabled,,Disabled,,Disabled,,,Admin|Self,Admin,Admin,Admin,,,,Disabled,Disabled,,Disabled,Disabled,Disabled,Disabled,Disabled,Disabled,Disabled,Disabled,Disabled,Disabled,Disabled,,,,,All,,NA,,NA,NA
"I9 Documents",i9_detail,45,"Supporting Document 1 - Number",supporting_document_1_number,3,No,,,,Disabled,ALL,,,Disabled,Disabled,N.A,Disabled,,Disabled,,Disabled,,,Admin|Self,Admin,Admin,Admin,,,,Disabled,Disabled,,Disabled,Disabled,Disabled,Disabled,Disabled,Disabled,Disabled,Disabled,Disabled,Disabled,Disabled,,,,,All,,NA,,NA,NA
"I9 Documents",i9_detail,45,"Supporting Document 1 - Attachment",supporting_document_1_attachment,4,No,,,,Disabled,ALL,,,Disabled,Disabled,N.A,Disabled,,Disabled,,Disabled,,,Admin|Self,Admin,Admin,Admin,,,,Disabled,Disabled,,Disabled,Disabled,Disabled,Disabled,Disabled,Disabled,Disabled,Disabled,Disabled,Disabled,Disabled,,,,,All,,NA,,NA,NA
"I9 Documents",i9_detail,45,"Supporting Document 1 - Expiry",supporting_document_1_expiry,5,No,,,,Disabled,ALL,,,Disabled,Disabled,N.A,Disabled,,Disabled,,Disabled,,,Admin|Self,Admin,Admin,Admin,,,,Disabled,Disabled,,Disabled,Disabled,Disabled,Disabled,Disabled,Disabled,Disabled,Disabled,Disabled,Disabled,Disabled,,,,,All,,NA,,NA,NA
"I9 Documents",i9_detail,45,"Supporting Document 1 - State",supporting_document_1_state,6,No,,,,Disabled,ALL,,,Disabled,Disabled,N.A,Disabled,,Disabled,,Disabled,,,Admin|Self,Admin,Admin,Admin,,,,Disabled,Disabled,,Disabled,Disabled,Disabled,Disabled,Disabled,Disabled,Disabled,Disabled,Disabled,Disabled,Disabled,,,,,All,,NA,,NA,NA
"I9 Documents",i9_detail,45,"Supporting Document 2 - Name",supporting_document_2_name,7,No,,,,Disabled,ALL,,,Disabled,Disabled,N.A,Disabled,,Disabled,,Disabled,,,Admin|Self,Admin,Admin,Admin,,,,Disabled,Disabled,,Disabled,Disabled,Disabled,Disabled,Disabled,Disabled,Disabled,Disabled,Disabled,Disabled,Disabled,,,,,All,,NA,,NA,NA
"I9 Documents",i9_detail,45,"Supporting Document 2 - Number",supporting_document_2_number,8,No,,,,Disabled,ALL,,,Disabled,Disabled,N.A,Disabled,,Disabled,,Disabled,,,Admin|Self,Admin,Admin,Admin,,,,Disabled,Disabled,,Disabled,Disabled,Disabled,Disabled,Disabled,Disabled,Disabled,Disabled,Disabled,Disabled,Disabled,,,,,All,,NA,,NA,NA
"I9 Documents",i9_detail,45,"Supporting Document 2 - Attachment",supporting_document_2_attachment,9,No,,,,Disabled,ALL,,,Disabled,Disabled,N.A,Disabled,,Disabled,,Disabled,,,Admin|Self,Admin,Admin,Admin,,,,Disabled,Disabled,,Disabled,Disabled,Disabled,Disabled,Disabled,Disabled,Disabled,Disabled,Disabled,Disabled,Disabled,,,,,All,,NA,,NA,NA
"I9 Documents",i9_detail,45,"Supporting Document 2 - Expiry",supporting_document_2_expiry,10,No,,,,Disabled,ALL,,,Disabled,Disabled,N.A,Disabled,,Disabled,,Disabled,,,Admin|Self,Admin,Admin,Admin,,,,Disabled,Disabled,,Disabled,Disabled,Disabled,Disabled,Disabled,Disabled,Disabled,Disabled,Disabled,Disabled,Disabled,,,,,All,,NA,,NA,NA
"I9 Documents",i9_detail,45,"Supporting Document 3 - Name",supporting_document_3_name,11,No,,,,Disabled,ALL,,,Disabled,Disabled,N.A,Disabled,,Disabled,,Disabled,,,Admin|Self,Admin,Admin,Admin,,,,Disabled,Disabled,,Disabled,Disabled,Disabled,Disabled,Disabled,Disabled,Disabled,Disabled,Disabled,Disabled,Disabled,,,,,All,,NA,,NA,NA
"I9 Documents",i9_detail,45,"Supporting Document 3 - Number",supporting_document_3_number,12,No,,,,Disabled,ALL,,,Disabled,Disabled,N.A,Disabled,,Disabled,,Disabled,,,Admin|Self,Admin,Admin,Admin,,,,Disabled,Disabled,,Disabled,Disabled,Disabled,Disabled,Disabled,Disabled,Disabled,Disabled,Disabled,Disabled,Disabled,,,,,All,,NA,,NA,NA
"I9 Documents",i9_detail,45,"Supporting Document 3 - Attachment",supporting_document_3_attachment,13,No,,,,Disabled,ALL,,,Disabled,Disabled,N.A,Disabled,,Disabled,,Disabled,,,Admin|Self,Admin,Admin,Admin,,,,Disabled,Disabled,,Disabled,Disabled,Disabled,Disabled,Disabled,Disabled,Disabled,Disabled,Disabled,Disabled,Disabled,,,,,All,,NA,,NA,NA
"I9 Documents",i9_detail,45,"Supporting Document 3 - Expiry",supporting_document_3_expiry,14,No,,,,Disabled,ALL,,,Disabled,Disabled,N.A,Disabled,,Disabled,,Disabled,,,Admin|Self,Admin,Admin,Admin,,,,Disabled,Disabled,,Disabled,Disabled,Disabled,Disabled,Disabled,Disabled,Disabled,Disabled,Disabled,Disabled,Disabled,,,,,All,,NA,,NA,NA
"I9 Documents",i9_detail,45,"I9 Latest Submission Date",i9_latest_submission_date,15,No,,,,Disabled,ALL,,,Disabled,Disabled,N.A,Disabled,,Disabled,,Disabled,,,Admin|Self,Admin,Admin,Admin,,,,Disabled,Disabled,,Disabled,Disabled,Disabled,Disabled,Disabled,Disabled,Disabled,Disabled,Disabled,Disabled,Disabled,,,,,All,,NA,,NA,NA
"I9 Documents",i9_detail,45,"I9 Review Completed On",i9_review_completed_on,16,No,,,,Disabled,ALL,,,Disabled,Disabled,N.A,Disabled,,Disabled,,Disabled,,,Admin|Self,Admin,Admin,Admin,,,,Disabled,Disabled,,Disabled,Disabled,Disabled,Disabled,Disabled,Disabled,Disabled,Disabled,Disabled,Disabled,Disabled,,,,,All,,NA,,NA,NA
"I9 Documents",i9_detail,45,"I9 Review Completed By",i9_review_completed_by,17,No,,,,Disabled,ALL,,,Disabled,Disabled,N.A,Disabled,,Disabled,,Disabled,,,Admin|Self,Admin,Admin,Admin,,,,Disabled,Disabled,,Disabled,Disabled,Disabled,Disabled,Disabled,Disabled,Disabled,Disabled,Disabled,Disabled,Disabled,,,,,All,,NA,,NA,NA
"I9 Documents",i9_detail,45,"Final - Filled I9 Document",final_filled_i9_document,18,No,,,,Disabled,ALL,,,Disabled,Disabled,N.A,Disabled,,Disabled,,Disabled,,,Admin|Self,Admin,Admin,Admin,,,,Disabled,Disabled,,Disabled,Disabled,Disabled,Disabled,Disabled,Disabled,Disabled,Disabled,Disabled,Disabled,Disabled,,,,,All,,NA,,NA,NA
"I9 Documents",i9_detail,45,"E-Verify - Case ID",e_verify_case_id,19,No,,,,Disabled,ALL,,,Disabled,Disabled,N.A,Disabled,,Disabled,,Disabled,,,Admin|Self,Admin,Admin,Admin,,,,Disabled,Disabled,,Disabled,Disabled,Disabled,Disabled,Disabled,Disabled,Disabled,Disabled,Disabled,Disabled,Disabled,,,,,All,,NA,,NA,NA
"I9 Documents",i9_detail,45,"E-Verify - Initiated On",e_verify_initiated_on,20,No,,,,Disabled,ALL,,,Disabled,Disabled,N.A,Disabled,,Disabled,,Disabled,,,Admin|Self,Admin,Admin,Admin,,,,Disabled,Disabled,,Disabled,Disabled,Disabled,Disabled,Disabled,Disabled,Disabled,Disabled,Disabled,Disabled,Disabled,,,,,All,,NA,,NA,NA
"I9 Documents",i9_detail,45,"E-Verify - Completed On",e_verify_completed_on,21,No,,,,Disabled,ALL,,,Disabled,Disabled,N.A,Disabled,,Disabled,,Disabled,,,Admin|Self,Admin,Admin,Admin,,,,Disabled,Disabled,,Disabled,Disabled,Disabled,Disabled,Disabled,Disabled,Disabled,Disabled,Disabled,Disabled,Disabled,,,,,All,,NA,,NA,NA
"I9 Documents",i9_detail,45,"E-Verify - Result",e_verify_result,22,No,,,,Disabled,ALL,,,Disabled,Disabled,N.A,Disabled,,Disabled,,Disabled,,,Admin|Self,Admin,Admin,Admin,,,,Disabled,Disabled,,Disabled,Disabled,Disabled,Disabled,Disabled,Disabled,Disabled,Disabled,Disabled,Disabled,Disabled,,,,,All,,NA,,NA,NA
"Professional License",professional_license,46,"License Name",license_name,1,No,,,,Disabled,ALL,,,Disabled,Disabled,N.A,Disabled,,Disabled,,Disabled,,,Admin|Self,Admin,Admin,Admin,,,,Disabled,Disabled,,Disabled,Disabled,Disabled,Disabled,Disabled,Disabled,Disabled,Disabled,Disabled,Disabled,Disabled,,,,,All,,NA,,NA,NA
"Professional License",professional_license,46,"Type of Professional License",type_of_professional_license,2,No,,,,Disabled,ALL,,,Disabled,Disabled,N.A,Disabled,,Disabled,,Disabled,,,Admin|Self,Admin,Admin,Admin,,,,Disabled,Disabled,,Disabled,Disabled,Disabled,Disabled,Disabled,Disabled,Disabled,Disabled,Disabled,Disabled,Disabled,,,,,All,,NA,,NA,NA
"Professional License",professional_license,46,"License Issuing Authority",professional_issuing_authority,3,No,,,,Disabled,ALL,,,Disabled,Disabled,N.A,Disabled,,Disabled,,Disabled,,,Admin|Self,Admin,Admin,Admin,,,,Disabled,Disabled,,Disabled,Disabled,Disabled,Disabled,Disabled,Disabled,Disabled,Disabled,Disabled,Disabled,Disabled,,,,,All,,NA,,NA,NA
"Professional License",professional_license,46,"Reference Number",professional_reference_number,4,No,,,,Disabled,ALL,,,Disabled,Disabled,N.A,Disabled,,Disabled,,Disabled,,,Admin|Self,Admin,Admin,Admin,,,,Disabled,Disabled,,Disabled,Disabled,Disabled,Disabled,Disabled,Disabled,Disabled,Disabled,Disabled,Disabled,Disabled,,,,,All,,NA,,NA,NA
"Professional License",professional_license,46,"License Valid from",license_valid_from,5,No,,,,Disabled,ALL,,,Disabled,Disabled,N.A,Disabled,,Disabled,,Disabled,,,Admin|Self,Admin,Admin,Admin,,,,Disabled,Disabled,,Disabled,Disabled,Disabled,Disabled,Disabled,Disabled,Disabled,Disabled,Disabled,Disabled,Disabled,,,,,All,,NA,,NA,NA
"Professional License",professional_license,46,"License Valid To",license_valid_to,6,No,,,,Disabled,ALL,,,Disabled,Disabled,N.A,Disabled,,Disabled,,Disabled,,,Admin|Self,Admin,Admin,Admin,,,,Disabled,Disabled,,Disabled,Disabled,Disabled,Disabled,Disabled,Disabled,Disabled,Disabled,Disabled,Disabled,Disabled,,,,,All,,NA,,NA,NA
"Professional License",professional_license,46,"Licence Document",attachment,7,No,,,,Disabled,ALL,,,Disabled,Disabled,N.A,Disabled,,Disabled,,Disabled,,,Admin|Self,Admin,Admin,Admin,,,,Disabled,Disabled,,Disabled,Disabled,Disabled,Disabled,Disabled,Disabled,Disabled,Disabled,Disabled,Disabled,Disabled,,,,,All,,NA,,NA,NA
"National ID",national_identities,48,Country,national_id_country,1,No,,,,Disabled,ALL,,,Disabled,Disabled,N.A,Disabled,,Disabled,,Disabled,,,Admin,Admin,Admin,Admin,,,,Disabled,Disabled,,Disabled,Disabled,Disabled,Disabled,Disabled,Disabled,Disabled,Disabled,Disabled,Disabled,Disabled,,,,,All,,NA,,NA,NA
"National ID",national_identities,48,"ID Type",national_id_type,2,No,,,,Disabled,ALL,,,Disabled,Disabled,N.A,Disabled,,Disabled,,Disabled,,,Admin,Admin,Admin,Admin,,,,Disabled,Disabled,,Disabled,Disabled,Disabled,Disabled,Disabled,Disabled,Disabled,Disabled,Disabled,Disabled,Disabled,,,,,All,,NA,,NA,NA
"National ID",national_identities,48,"ID Value",national_id_value,3,No,,,,Disabled,ALL,,,Disabled,Disabled,N.A,Disabled,,Disabled,,Disabled,,,Admin,Admin,Admin,Admin,,,,Disabled,Disabled,,Disabled,Disabled,Disabled,Disabled,Disabled,Disabled,Disabled,Disabled,Disabled,Disabled,Disabled,,,,,All,,NA,,NA,NA
"National ID",national_identities,48,"Is Primary",national_id_is_primary,4,No,,,,Disabled,ALL,,,Disabled,Disabled,N.A,Disabled,,Disabled,,Disabled,,,Admin,Admin,Admin,Admin,,,,Disabled,Disabled,,Disabled,Disabled,Disabled,Disabled,Disabled,Disabled,Disabled,Disabled,Disabled,Disabled,Disabled,,,,,All,,NA,,NA,NA
"National ID",national_identities,48,"ID Document",national_id_id_document,5,No,,,,Disabled,ALL,,,Disabled,Disabled,N.A,Disabled,,Disabled,,Disabled,,,Admin,Admin,Admin,Admin,Admin,,,Disabled,Disabled,,Disabled,Disabled,Disabled,Disabled,Disabled,Disabled,Disabled,Disabled,Disabled,Disabled,Disabled,,,,,All,,NA,,NA,NA
"National ID",national_identities,48,"Has Temporary ID",national_id_temporary,6,No,,,,Disabled,ALL,,,Disabled,Disabled,N.A,Disabled,,Disabled,,Disabled,,,Admin,Admin,Admin,Admin,,,,Disabled,Disabled,,Disabled,Disabled,Disabled,Disabled,Disabled,Disabled,Disabled,Disabled,Disabled,Disabled,Disabled,,,,,All,,NA,,NA,NA
"National ID",national_identities,48,"Temporary ID",national_id_temporary_id,7,No,,,,Disabled,ALL,,,Disabled,Disabled,N.A,Disabled,,Disabled,,Disabled,,,Admin,Admin,Admin,Admin,,,,Disabled,Disabled,,Disabled,Disabled,Disabled,Disabled,Disabled,Disabled,Disabled,Disabled,Disabled,Disabled,Disabled,,,,,All,,NA,,NA,NA
"National ID",national_identities,48,"Issued From",national_id_issue_from,8,No,,,,Disabled,ALL,,,Disabled,Disabled,N.A,Disabled,,Disabled,,Disabled,,,Admin,Admin,Admin,Admin,,,,Disabled,Disabled,,Disabled,Disabled,Disabled,Disabled,Disabled,Disabled,Disabled,Disabled,Disabled,Disabled,Disabled,,,,,All,,NA,,NA,NA
"National ID",national_identities,48,"Issued Till",national_id_issue_till,9,No,,,,Disabled,ALL,,,Disabled,Disabled,N.A,Disabled,,Disabled,,Disabled,,,Admin,Admin,Admin,Admin,,,,Disabled,Disabled,,Disabled,Disabled,Disabled,Disabled,Disabled,Disabled,Disabled,Disabled,Disabled,Disabled,Disabled,,,,,All,,NA,,NA,NA
