"Name","Code","Row ID","Stage Name","Stage Category","Action","Action Type","Attendance - Use Shift Block","Assignee","Assignee Employee","Use Decision Matrix","Decision Matrix","Reviewers","SLA for Reviewer Task","SLA for Evaluation Task","Visibility","Confidential","Sla Setting","Skip for","Skip Settings","Trigger Point","Trigger Before/After","Trigger - Number of Days(Default will be 0)","Trigger - Enter Condition","Set Delay (Number of Days)","Send to Personal Email","Send to Primary Mobile","Notification With Review/Invite - CC Recipients","Notification With Review/Invite - CC Roles","Policy - Mandatory Sign-off","Select Existing Document","Policy - Include option to decline","Help Desk Title","Help Desk Description","Select Helpdesk Category","Select Helpdesk Sub- Category","Data Collection - Enable Review","Schedule Assessment - Select Mode (Automatic/ Manual)","Schedule Assessment - Evaluation Type","Schedule Assessment - Cut-off Percentage","Schedule Assessment - No.of Days to expire","Select Attendance Attributes ","Schedule Assessment - Select Evaluators","Send Recognition - Recognition Program","Allow assignee to skip the task","Allow assignee to skip the Review Task","Data Collection - Select Reviewers","Data Collection - Reviewer Context","Notification with calendar invite - Event Name","Email when policy signoff is declined - CC Roles Declined","Email when policy signoff is declined - CC Users Declined","Extra Payments/Extra Deductions - Allowed Categories(Regular)","Extra Payments/Extra Deductions - Allowed Categories(Component based)","Extra Payments/Extra Deductions - Logic for value","Extra Payments/Extra Deductions - Logic for clawback date","Engagement Flow -Trigger Survey -  Select Channel(Email/Task)","Trigger Verification - Select Verification Initiator","Alloted Time","Assignee Context","Assignment Basis","Email when task is assigned - Select Email Template","Email when the due date is completed - Select Email Template","Email when workflow stage is canceled/skipped - Select Email Template","Email when policy signoff is declined - Select Email Template","Email when task is submitted for review - Select Email Template","Email when Reviewer sends back the form - Select Email Template","When Assessment is scheduled - Select Email Template","When evaluation result is received - Select Email Template","When Verification is Triggered - Select Email Template","When workflow stage is completed - Select Email Template","Email when task is assigned - Additional Recipients","Email when the due date is completed - Additional Recipients","Email when workflow stage is canceled/skipped - Additional Recipients","Email when policy signoff is declined - Additional Recipients","Email when task is submitted for review - Additional Recipients","Email when Reviewer sends back the form - Additional Recipients","When Assessment is scheduled - Additional Recipients","When evaluation result is received - Additional Recipients","When Verification is Triggered - Additional Recipients","When workflow stage is completed - Additional Recipients","Email when task is assigned - Default Email Recipients","Email when the due date is completed - Default Email Recipients","Email when workflow stage is canceled/skipped - Default Email Recipients","Email condition when policy signoff is declined - Default Email Recipients","Email when task is submitted for review - Default Email Recipients","Email when Reviewer sends back the form - Default Email Recipients","When Assessment is scheduled - Default Email Recipients","When evaluation result is received - Default Email Recipients","When Verification is Triggered - Default Email Recipients","When workflow stage is completed - Default Email Recipients","Email when task is assigned - CC Recipient Roles","Email when task is assigned - CC Recipient Users","Email when workflow stage is canceled/skipped - CC Recipient Roles","Email when workflow stage is canceled/skipped - CC Recipient Users","Email when the due date is completed - CC Recipient Roles","Email when the due date is completed - CC Recipient Users","Email when task is submitted for review - CC Recipient Roles","Email when task is submitted for review - CC Recipient Users","Email when Reviewer sends back the form - CC Recipient Roles","Email when Reviewer sends back the form - CC Recipient Users","When workflow stage is completed - CC Recepient Users","When workflow stage is completed - CC Recepient Roles","Cancel button alias","Skip button alias","Add button alias","Schedule button alias","Send Back button alias","Delegate button alias","View Details button alias","Submit button alias","Decline button alias","Sign off button alias","Initiate button alias","Successful button alias","Unsuccessful button alias","Submit and Send Email button alias","Reschedule button alias","Save As Draft button alias","Update button alias","Submit For Review button alias","Status"
"PIP Workflow","WF_1","R1","PIP Goal Setting","Workflow Task","","Data Collection - Forms","","Manager","","","","","","","Manager|L2 Manager|Employee direct HRBP","","","","","Approval Date","After","","","","","","","","","","","","","","","","","","","","","","","","","","","","","","","","","","","","15","Subject","Source","","","","","","","","","","","","","","","","","","","","","","","","","","","","","","","","","","","","","","","","","","","","","","","","","","","","","","","","","","","","","Active"
"PIP Workflow","WF_1","R2","Employee Acknowledgement","Workflow Task","","Data Collection - Forms","","Self","","","","","","","Self|Manager|L2 Manager|Employee direct HRBP","","","","","Evaluation of Condition","After","","1","","","","","","","","","","","","","","","","","","","","","","","","","","","","","","","","","","15","Subject","Source","","","","","","","","","","","","","","","","","","","","","","","","","","","","","","","","","","","","","","","","","","","","","","","","","","","","","","","","","","","","","Active"
"PIP Workflow","WF_1","R3","Week 1 - Manager Feedback","Workflow Task","Text Field","Data Collection - Forms","","Manager","","","","","","","Manager|L2 Manager|Employee direct HRBP","","","","","Evaluation of Condition","After","","2","","","","","","","","","","","","","","","","","","","","","","","","","","","","","","","","","","15","Subject","Source","","","","","","","","","","","","","","","","","","","","","","","","","","","","","","","","","","","","","","","","","","","","","","","","","","","","","","","","","","","","","Active"
"PIP Workflow","WF_1","R4","Week 2 - Manager Feedback","Workflow Task","Text Field","Data Collection - Forms","","Manager","","","","","","","Self|Manager|L2 Manager|Employee direct HRBP","","","","","Completion","After","","3","7","","","","","","","","","","","","","","","","","","","","","","","","","","","","","","","","","15","Subject","Source","","","","","","","","","","","","","","","","","","","","","","","","","","","","","","","","","","","","","","","","","","","","","","","","","","","","","","","","","","","","","Active"
"PIP Workflow","WF_1","R5","Week 3 - Manager Feedback","Workflow Task","Text Field","Data Collection - Forms","","Manager","","","","","","","Self|Manager|L2 Manager|Employee direct HRBP","","","","","Completion","After","","4","7","","","","","","","","","","","","","","","","","","","","","","","","","","","","","","","","","15","Subject","Source","","","","","","","","","","","","","","","","","","","","","","","","","","","","","","","","","","","","","","","","","","","","","","","","","","","","","","","","","","","","","Active"
"PIP Workflow","WF_1","R6","Week 4 - Manager Feedback","Workflow Task","Text Field","Data Collection - Forms","","Manager","","","","","","","Self|Manager|L2 Manager|Employee direct HRBP","","","","","Completion","After","","5","7","","","","","","","","","","","","","","","","","","","","","","","","","","","","","","","","","15","Subject","Source","","","","","","","","","","","","","","","","","","","","","","","","","","","","","","","","","","","","","","","","","","","","","","","","","","","","","","","","","","","","","Active"
"PIP Workflow","WF_1","R7","Final Manager Feedback","Workflow Task","Text Field","Data Collection - Forms","","Self","","","","","","","Self|Manager|L2 Manager|Employee direct HRBP","","","","","Evaluation of Condition","After","","6","","","","","","","","","","","","","","","","","","","","","","","","","","","","","","","","","","15","Subject","Source","","","","","","","","","","","","","","","","","","","","","","","","","","","","","","","","","","","","","","","","","","","","","","","","","","","","","","","","","","","","","Active"
"PIP Workflow","WF_1","R8","HR Action","Workflow Task","","Data Collection - Forms","","Employee direct HRBP","","","","","","","Manager|L2 Manager|Employee direct HRBP","","","","","Evaluation of Condition","After","","7","","","","","","","","","","","","","","","","","","","","","","","","","","","","","","","","","","15","Subject","Source","","","","","","","","","","","","","","","","","","","","","","","","","","","","","","","","","","","","","","","","","","","","","","","","","","","","","","","","","","","","","Active"
"Asset Assignment","WF_2","","IT Asset Assignment","Workflow Task","IT Asset Allocation form","Data Collection - Forms","","Self","","","","","","","Admin","","","","","Trigger Date","After","","","","","","","","","","","","","","","","","","","","","","","","","","","","","","","","","","","","15","Subject","Source","","","","","","","","","","","","","","","","","","","","","","","","","","","","","","","","","","","","","","","","","","","","","","","","","","","","","","","","","","","","","Inactive"
"Asset Assignment","WF_3","","IT Asset Assignment","Workflow Task","Dropdown","Data Collection - Forms","","Manager","","","","","","","Admin","","","","","Trigger Date","After","","","","","","","","","","","","","","","","","","","","","","","","","","","","","","","","","","","","15","Subject","Source","","","","","","","","","","","","","","","","","","","","","","","","","","","","","","","","","","","","","","","","","","","","","","","","","","","","","","","","","","","","","Inactive"
"Asset Assignment","WF_4","","IT Asset Assignment","Workflow Task","","Data Collection - Forms","","Manager","","","","","","","Admin","","","","","Trigger Date","After","","","","","","","","","","","","","","","","","","","","","","","","","","","","","","","","","","","","15","Subject","Source","","","","","","","","","","","","","","","","","","","","","","","","","","","","","","","","","","","","","","","","","","","","","","","","","","","","","","","","","","","","","Inactive"
"Asset Assignment","WF_5","","IT Asset Assignment","Workflow Task","","Data Collection - Forms","","Manager","","","","","","","Manager|Admin","","","","","Trigger Date","After","","","","","","","","","","","","","","","","","","","","","","","","","","","","","","","","","","","","15","Subject","Source","","","","","","","","","","","","","","","","","","","","","","","","","","","","","","","","","","","","","","","","","","","","","","","","","","","","","","","","","","","","","Inactive"
"Asset Assignment","WF_6","","IT Asset Assignment","Workflow Task","IT Asset Allocation form","Data Collection - Forms","","","","","","","","","Manager|Admin","","","","","Trigger Date","After","","","","","","","","","","","","","","","","","","","","","","","","","","","","","","","","","","","","15","Subject","Source","","","","","","","","","","","","","","","","","","","","","","","","","","","","","","","","","","","","","","","","","","","","","","","","","","","","","","","","","","","","","Inactive"
"Asset Assignment","WF_7","","IT Asset Assignment","Workflow Task","IT Asset Allocation form","Data Collection - Forms","","","","","","","","","Manager|Admin","","","","","Approval Date","After","","","","","","","","","","","","","","","","","","","","","","","","","","","","","","","","","","","","15","Subject","Source","","","","","","","","","","","","","","","","","","","","","","","","","","","","","","","","","","","","","","","","","","","","","","","","","","","","","","","","","","","","","Inactive"
"Asset Assignment","WF_8","","IT Asset Assignment","Workflow Task","","Data Collection - Forms","","","","","","","","","Manager|Admin","","","","","Approval Date","After","","","","","","","","","","","","","","","","","","","","","","","","","","","","","","","","","","","","15","Subject","Source","","","","","","","","","","","","","","","","","","","","","","","","","","","","","","","","","","","","","","","","","","","","","","","","","","","","","","","","","","","","","Inactive"
"Asset Assignment","WF_9","","IT Asset Assignment","Workflow Task","","Data Collection - Forms","","","","","","","","","Manager|Admin","","","","","Approval Date","After","","","","","","","","","","","","","","","","","","","","","","","","","","","","","","","","","","","","15","Subject","Source","","","","","","","","","","","","","","","","","","","","","","","","","","","","","","","","","","","","","","","","","","","","","","","","","","","","","","","","","","","","","Inactive"
"Onboarding Document Collection","WF_10","","Self","Workflow Task","","Data Collection - Forms","","Self","","","","","","","Self|Admin","","","","","Trigger Date","After","","","","","","","","","","","","","","","1","","","","","","","","","","","","","","","","","","","","","15","Subject","Source","","","","","","","","","","","","","","","","","","","","","","","","","","","","","","","","","","","","","","","","","","","","","","","","","","","","","","","","","","","","","Inactive"
"Onboarding","WF_11","","Self","Workflow Task","","Data Collection - Forms","","Self","","","","","","","Self|Admin","","","","","Trigger Date","After","","","","","","","","","","","","","","","1","","","","","","","","","","","","","","","","","","","","","15","Subject","Source","","","","","","CUST_NOTF_11","","","","","","","","","","Self","","","","","","","","","","","","","","","","","","","","","","","","","","","","","","","","","","","","","","","","","","","","","Inactive"
"Onboarding","WF_11","","IT Team","Workflow Task","","Data Collection - Forms","","","","","","","","","Self|Admin","","","","","Trigger Date","After","","","","","","","","","","","","","","","","","","","","","","","","","","","","","","","","","","","","15","Subject","Source","","","","","","","","","","","","","","","","","","","","","","","","","","","","","","","","","","","","","","","","","","","","","","","","","","","","","","","","","","","","","Inactive"
"Compensation Workflow","WF_12","","HR Team","Workflow Task","Dropdown","Data Collection - Forms","","","","","","","","","","","","","","Approval Date","After","","","","","","","","","","","","","","","","","","","","","","","","","","","","","","","","","","","","15","Subject","Source","","","","","","","","","","","","","","","","","","","","","","","","","","","","","","","","","","","","","","","","","","","","","","","","","","","","","","","","","","","","","Inactive"
"Compensation Workflow","WF_12","","Intimation to employee","Workflow Task","CUST_NOTF_9","Document Generation","","Self","","","","","","","","","","","","Evaluation of Condition","After","","1","","1","","","","","","","","","","","","","","","","","","","","","","","","","","","","","","","","15","Subject","Source","","","","","","","","","","","","","","","","","","","","","","","","","","","","","","","","","","","","","","","","","","","","","","","","","","","","","","","","","","","","","Inactive"
"DUMMY","WF_13","","Change","Workflow Task","DUMMY 1","Data Collection - Forms","","Self","","","","","","","","","","","","Trigger Date","After","","","","","","","","","","","","","","","","","","","","","","","","","","","","","","","","","","","","15","Subject","Source","","","","","","","","","","","","","","","","","","","","","","","","","","","","","","","","","","","","","","","","","","","","","","","","","","","","","","","","","","","","","Inactive"
"Contract Ending","WF_14","","Intimation","Workflow Task","Dropdown","Data Collection - Forms","","Employee direct HRBP","","","","","","","Admin|HR Team","","","","","Trigger Date","After","","","","","","","","","","","","","","","","","","","","","","","","","","","","","","","","","","","","15","Subject","Source","","","","","","","","","","","","","","","","","","","","","","","","","","","","","","","","","","","","","","","","","","","","","","","","","","","","","","","","","","","","","Inactive"
"Declaration","WF_15","R1","Declaration","Workflow Task","Declaration","Data Collection - Forms","","Self","","","","","","","","","","","","Trigger Date","After","","","","","","","","","","","","","","","","","","","","","","","","","","","","","","","","","","","","15","Subject","Source","","","","","","","","","","","","","","","","","","","","","","","","","","","","","","","","","","","","","","","","","","","","","","","","","","","","","","","","","","","","","Active"
"NDA","WF_16","","NDA","Workflow Task","CUST_NOTF_10","Document Generation","","Self","","","","","","","","","","","","Trigger Date","After","","","","","","","","","","","","","","","","","","","","","","","","","","","","","","","","","","","","15","Subject","Source","","","","","","","","","","","","","","","","","","","","","","","","","","","","","","","","","","","","","","","","","","","","","","","","","","","","","","","","","","","","","Inactive"
"NDA","WF_17","","NDA","Workflow Task","CUST_NOTF_10","Document Generation","","Self","","","","","","","","","","","","Trigger Date","After","","","","","","","","","","","","","","","","","","","","","","","","","","","","","","","","","","","","15","Subject","Source","","","","","","","","","","","","","","","","","","","","","","","","","","","","","","","","","","","","","","","","","","","","","","","","","","","","","","","","","","","","","Inactive"
"NDA","WF_17","","NDA","Workflow Task","NDA","Data Collection - Forms","","Self","","","","","","","","","","","","Trigger Date","After","","","","","","","","","","","","","","","","","","","","","","","","","","","","","","","","","","","","15","Subject","Source","","","","","","","","","","","","","","","","","","","","","","","","","","","","","","","","","","","","","","","","","","","","","","","","","","","","","","","","","","","","","Inactive"
"Onboarding","WF_18","","Self","Workflow Task","","Data Collection - Forms","","Self","","","","","","","Self|Admin","","","","","Trigger Date","After","","","","","","","","","","","","","","","1","","","","","","","","","","","","","","","","","","","","","15","Subject","Source","","","","","","CUST_NOTF_11","","","","","","","","","","Self","","","","","","","","","","","","","","","","","","","","","","","","","","","","","","","","","","","","","","","","","","","","","Inactive"
"Onboarding","WF_18","","IT Team","Workflow Task","","Data Collection - Forms","","","","","","","","","Self|Admin","","","","","Trigger Date","After","","","","","","","","","","","","","","","","","","","","","","","","","","","","","","","","","","","","15","Subject","Source","","","","","","","","","","","","","","","","","","","","","","","","","","","","","","","","","","","","","","","","","","","","","","","","","","","","","","","","","","","","","Inactive"
"NDA","WF_19","R1","NDA","Workflow Task","CUST_NOTF_10","Document Generation","","Self","","","","","","","","","","","","Trigger Date","After","","","","","","","","","","","","","","","","","","","","","","","","","","","","","","","","","","","","15","Subject","Source","","","","","","","","","","","","","","","","","","","","","","","","","","","","","","","","","","","","","","","","","","","","","","","","","","","","","","","","","","","","","Active"
"NDA","WF_19","R2","NDA","Workflow Task","NDA1695966778713","Data Collection - Forms","","Self","","","","","","","","","","","","Trigger Date","After","","","","","","","","","","","","","","","","","","","","","","","","","","","","","","","","","","","","15","Subject","Source","","","","","","","","","","","","","","","","","","","","","","","","","","","","","","","","","","","","","","","","","","","","","","","","","","","","","","","","","","","","","Active"
"Absconding","WF_20","","Email Notification","Workflow Task","CUST_NOTF_13","Notification","","","","","","","","","","","","","","Trigger Date","After","","","","","","","","","","","","","","","","","","","","","","","","","","","","","","","","","","","","15","Subject","Source","","","","","","","","","","","","","","","","","","","","","","","","","","","","","","","","","","","","","","","","","","","","","","","","","","","","","","","","","","","","","Inactive"
"Onboarding","WF_21","","Self","Workflow Task","","Data Collection - Forms","","Self","","","","","","","Self|Admin","","","","","Trigger Date","After","","","","","","","","","","","","","","","1","","","","","","","","","","","","","","","","","","","","","15","Subject","Source","","","","","","CUST_NOTF_11","","","","","","","","","","Self","","","","","","","","","","","","","","","","","","","","","","","","","","","","","","","","","","","","","","","","","","","","","Inactive"
"Onboarding","WF_21","","IT Team","Workflow Task","IT Asset","Data Collection - Forms","","","","","","","","","Self|Admin","","","","","Trigger Date","After","","","","","","","","","","","","","","","","","","","","","","","","","","","","","","","","","","","","15","Subject","Source","","","","","","","","","","","","","","","","","","","","","","","","","","","","","","","","","","","","","","","","","","","","","","","","","","","","","","","","","","","","","Inactive"
"Absconding","WF_22","R1","Email Notification","Workflow Task","CUST_NOTF_13","Notification","","Self","","","","","","","","","","","","Trigger Date","After","","","","1","","","Employee direct HRBP|HR Team","","","","","","","","","","","","","","","","","","","","","","","","","","","","","15","Subject","Source","","","","","","","","","","","","","","","","","","","","","","","","","","","","","","","","","","","","","","","","","","","","","","","","","","","","","","","","","","","","","Active"
"Asset Assignment","WF_23","","IT Asset Assignment","Workflow Task","","Data Collection - Forms","","","","","","","","","Manager|Admin","","","","","Approval Date","After","","","","","","","","","","","","","","","","","","","","","","","","","","","","","","","","","","","","15","Subject","Source","","","","","","","","","","","","","","","","","","","","","","","","","","","","","","","","","","","","","","","","","","","","","","","","","","","","","","","","","","","","","Inactive"
"Asset Assignment","WF_23","","Employee acknowlegement","Workflow Task","Multi Select Dropdown","Data Collection - Forms","","Self","","","","","","","Manager|Admin","","","","","Evaluation of Condition","After","","1","","","","","","","","","","","","","","","","","","","","","","","","","","","","","","","","","","15","Subject","Source","","","","","","","","","","","","","","","","","","","","","","","","","","","","","","","","","","","","","","","","","","","","","","","","","","","","","","","","","","","","","Inactive"
"Asset Assignment","WF_24","","IT Asset Assignment","Workflow Task","","Data Collection - Forms","","","","","","","","","Manager|Admin","","","","","Approval Date","After","","","","","","","","","","","","","","","","","","","","","","","","","","","","","","","","","","","","15","Subject","Source","","","","","","","","","","","","","","","","","","","","","","","","","","","","","","","","","","","","","","","","","","","","","","","","","","","","","","","","","","","","","Inactive"
"Asset Assignment","WF_24","","Employee acknowlegement","Workflow Task","IT Asset1696861164127","Data Collection - Forms","","Self","","","","","","","Manager|Admin","","","","","Evaluation of Condition","After","","1","","","","","","","","","","","","","","","","","","","","","","","","","","","","","","","","","","15","Subject","Source","","","","","","","","","","","","","","","","","","","","","","","","","","","","","","","","","","","","","","","","","","","","","","","","","","","","","","","","","","","","","Inactive"
"Designation Change","WF_25","","Email","Workflow Task","CUST_NOTF_14","Document Generation","","Self","","","","","","","","","","","","Effective Date","After","","","","","","","Employee direct HRBP","","","","","","","","","","","","","","","","","","","","","","","","","","","","","15","Subject","Source","","","","","","","","","","","","","","","","","","","","","","","","","","","","","","","","","","","","","","","","","","","","","","","","","","","","","","","","","","","","","Inactive"
"Business Card","WF_26","","Admin","Workflow Task","Dropdown","Data Collection - Forms","","","","","","","","","","","","","","Approval Date","After","","","","","","","","","","","","","","","","","","","","","","","","","","","","","","","","","","","","15","Subject","Source","","","","","","","","","","","","","","","","","","","","","","","","","","","","","","","","","","","","","","","","","","","","","","","","","","","","","","","","","","","","","Inactive"
"Contract Extension","WF_27","","HR Team","Workflow Task","CUST_CE","Data Collection - Forms","","","","","","","","","","","","","","Trigger Date","After","","","","","","","","","","","","","","","","","","","","","","","","","","","","","","","","","","","","15","Subject","Source","","","","","","","","","","","","","","","","","","","","","","","","","","","","","","","","","","","","","","","","","","","","","","","","","","","","","","","","","","","","","Inactive"
"Contract Extension","WF_27","","Intimation","Workflow Task","CUST_NOTF_17","Notification","","Manager|Employee direct HRBP","","","","","","","","","","","","Evaluation of Condition","After","","1","","","","","","","","","","","","","","","","","","","","","","","","","","","","","","","","","","15","Subject","Source","","","","","","","","","","","","","","","","","","","","","","","","","","","","","","","","","","","","","","","","","","","","","","","","","","","","","","","","","","","","","Inactive"
"Designation Change","WF_28","","Email","Workflow Task","CUST_NOTF_14","Document Generation","","Self","","","","","","","","","","","","Effective Date","After","","","","","","","Employee direct HRBP","","","","","","","","","","","","","","","","","","","","","","","","","","","","","15","Subject","Source","","","","","","","","","","","","","","","","","","","","","","","","","","","","","","","","","","","","","","","","","","","","","","","","","","","","","","","","","","","","","Inactive"
"Business Card","WF_29","R1","Admin","Workflow Task","Dropdown","Data Collection - Forms","","Administration","","","","","","","","","","","","Approval Date","After","","","","","","","","","","","","","","","","","","","","","","","","","","","","","","","","","","","","15","Subject","Source","","","","","","","","","","","","","","","","","","","","","","","","","","","","","","","","","","","","","","","","","","","","","","","","","","","","","","","","","","","","","Active"
"Business Card","WF_29","R2","Employee","Workflow Task","Dropdown","Data Collection - Forms","","Self","","","","","","","","","","","","Evaluation of Condition","After","","1","","","","","","","","","","","","","","","","","","","","","","","","","","","","","","","","","","15","Subject","Source","","","","","","","","","","","","","","","","","","","","","","","","","","","","","","","","","","","","","","","","","","","","","","","","","","","","","","","","","","","","","Active"
"New Certification","WF_30","","Email","Workflow Task","CUST_NOTF_18","Notification","","","","","","","","","","","","","","Approval Date","After","","","","","","","","","","","","","","","","","","","","","","","","","","","","","","","","","","","","15","Subject","Source","","","","","","","","","","","","","","","","","","","","","","","","","","","","","","","","","","","","","","","","","","","","","","","","","","","","","","","","","","","","","Inactive"
"Certifcation Completion ","WF_31","","Email","Workflow Task","CUST_NOTF_19","Notification","","","","","","","","","","","","","","Approval Date","After","","","","","","","","","","","","","","","","","","","","","","","","","","","","","","","","","","","","15","Subject","Source","","","","","","","","","","","","","","","","","","","","","","","","","","","","","","","","","","","","","","","","","","","","","","","","","","","","","","","","","","","","","Inactive"
"Onboarding ","WF_32","R1","Self","Workflow Task","OB_MD16917185249921696333755739169633582729417028450469521705661236338","Data Collection - Forms","","Self","","","","HR Team","","","Self|Admin|HR Team","","","","","Trigger Date","After","","","","","","","","","","","","","","","1","","","","","","","","","","","","","","","","","","","","","15","Subject","Source","","","","","","CUST_NOTF_11","","","","","","","","","","Self","","","","","","","","","","","","","","","","","","","","","","","","","","","","","","","","","","","","","","","","","","","","","Active"
"Onboarding ","WF_32","R2","IT Team","Workflow Task","IT Asset","Data Collection - Forms","","IT Admin","","","","","","","Self|Admin|HR Team","","","","","Trigger Date","After","","","","","","","","","","","","","","","","","","","","","","","","","","","","","","","","","","","","15","Subject","Source","","","","","","","","","","","","","","","","","","","","","","","","","","","","","","","","","","","","","","","","","","","","","","","","","","","","","","","","","","","","","Active"
"Designation Change","WF_33","","Email","Workflow Task","CUST_NOTF_14","Document Generation","","Self","","","","","","","","","","","","Effective Date","After","","","","","","","Employee direct HRBP","","","","","","","","","","","","","","","","","","","","","","","","","","","","","15","Subject","Source","","","","","","","","","","","","","","","","","","","","","","","","","","","","","","","","","","","","","","","","","","","","","","","","","","","","","","","","","","","","","Inactive"
"Designation Change","WF_33","","Intimation","Workflow Task","CUST_NOTF_20","Notification","","Manager|Employee direct HRBP","","","","","","","","","","","","Approval Date","After","","","","","","","","","","","","","","","","","","","","","","","","","","","","","","","","","","","","15","Subject","Source","","","","","","","","","","","","","","","","","","","","","","","","","","","","","","","","","","","","","","","","","","","","","","","","","","","","","","","","","","","","","Inactive"
"Manager Change ","WF_34","","Intimation to Employee","Workflow Task","CUST_NOTF_22","Notification","","Self","","","","","","","","","","","","Approval Date","After","","","","","","","","","","","","","","","","","","","","","","","","","","","","","","","","","","","","15","Subject","Source","","","","","","","","","","","","","","","","","","","","","","","","","","","","","","","","","","","","","","","","","","","","","","","","","","","","","","","","","","","","","Inactive"
"Manager Change ","WF_34","","Intimation to other stakeholders","Workflow Task","CUST_NOTF_21","Notification","","Manager","","","","","","","","","","","","Approval Date","After","","","","","","","","","","","","","","","","","","","","","","","","","","","","","","","","","","","","15","Subject","Target","","","","","","","","","","","","","","","","","","","","","","","","","","","","","","","","","","","","","","","","","","","","","","","","","","","","","","","","","","","","","Inactive"
"Location Change","WF_35","","Intimation to Employee","Workflow Task","CUST_NOTF_23","Notification","","Self","","","","","","","","","","","","Effective Date","Before","","","","","","","","","","","","","","","","","","","","","","","","","","","","","","","","","","","","15","Subject","Source","","","","","","","","","","","","","","","","","","","","","","","","","","","","","","","","","","","","","","","","","","","","","","","","","","","","","","","","","","","","","Inactive"
"Location Change","WF_35","","Intimation to Employee","Workflow Task","CUST_NOTF_15","Notification","","Manager|Employee direct HRBP","","","","","","","","","","","","Effective Date","Before","","","","","","","","","","","","","","","","","","","","","","","","","","","","","","","","","","","","15","Subject","Source","","","","","","","","","","","","","","","","","","","","","","","","","","","","","","","","","","","","","","","","","","","","","","","","","","","","","","","","","","","","","Inactive"
"Designation Change","WF_36","","Email","Workflow Task","CUST_NOTF_14","Document Generation","","Self","","","","","","","","","","","","Effective Date","After","","","","","","","Employee direct HRBP","","","","","","","","","","","","","","","","","","","","","","","","","","","","","15","Subject","Source","","","","","","","","","","","","","","","","","","","","","","","","","","","","","","","","","","","","","","","","","","","","","","","","","","","","","","","","","","","","","Inactive"
"Designation Change","WF_36","","Intimation","Workflow Task","CUST_NOTF_20","Notification","","Manager|Employee direct HRBP","","","","","","","","","","","","Approval Date","After","","","","","","","","","","","","","","","","","","","","","","","","","","","","","","","","","","","","15","Subject","Source","","","","","","","","","","","","","","","","","","","","","","","","","","","","","","","","","","","","","","","","","","","","","","","","","","","","","","","","","","","","","Inactive"
"Location Change","WF_37","","Intimation to Employee","Workflow Task","CUST_NOTF_23","Notification","","Self","","","","","","","","","","","","Approval Date","After","","","","","","","","","","","","","","","","","","","","","","","","","","","","","","","","","","","","15","Subject","Source","","","","","","","","","","","","","","","","","","","","","","","","","","","","","","","","","","","","","","","","","","","","","","","","","","","","","","","","","","","","","Inactive"
"Location Change","WF_37","","Intimation to Employee","Workflow Task","CUST_NOTF_15","Notification","","Manager|Employee direct HRBP","","","","","","","","","","","","Approval Date","After","","","","","","","","","","","","","","","","","","","","","","","","","","","","","","","","","","","","15","Subject","Source","","","","","","","","","","","","","","","","","","","","","","","","","","","","","","","","","","","","","","","","","","","","","","","","","","","","","","","","","","","","","Inactive"
"Project Allocated","WF_38","","Email","Workflow Task","CUST_NOTF_24","Notification","","Manager|HOD|Employee direct HRBP","","","","","","","","","","","","Approval Date","After","","","","","","","","","","","","","","","","","","","","","","","","","","","","","","","","","","","","15","Subject","Source","","","","","","","","","","","","","","","","","","","","","","","","","","","","","","","","","","","","","","","","","","","","","","","","","","","","","","","","","","","","","Inactive"
"Project Allocated","WF_38","","Email","Workflow Task","CUST_NOTF_25","Notification","","Self","","","","","","","","","","","","Approval Date","After","","","","","","","","","","","","","","","","","","","","","","","","","","","","","","","","","","","","15","Subject","Source","","","","","","","","","","","","","","","","","","","","","","","","","","","","","","","","","","","","","","","","","","","","","","","","","","","","","","","","","","","","","Inactive"
"Location Change","WF_39","","Intimation to Employee","Workflow Task","CUST_NOTF_23","Notification","","Self","","","","","","","","","","","","Approval Date","After","","","","","","","","","","","","","","","","","","","","","","","","","","","","","","","","","","","","15","Subject","Source","","","","","","","","","","","","","","","","","","","","","","","","","","","","","","","","","","","","","","","","","","","","","","","","","","","","","","","","","","","","","Inactive"
"Location Change","WF_39","","Intimation to Employee","Workflow Task","CUST_NOTF_15","Notification","","Manager|Employee direct HRBP","","","","","","","","","","","","Approval Date","After","","","","","","","","","","","","","","","","","","","","","","","","","","","","","","","","","","","","15","Subject","Source","","","","","","","","","","","","","","","","","","","","","","","","","","","","","","","","","","","","","","","","","","","","","","","","","","","","","","","","","","","","","Inactive"
"Manager Change ","WF_40","","Intimation to Employee","Workflow Task","CUST_NOTF_21","Notification","","Self","","","","","","","","","","","","Approval Date","After","","","","","","","","","","","","","","","","","","","","","","","","","","","","","","","","","","","","15","Subject","Source","","","","","","","","","","","","","","","","","","","","","","","","","","","","","","","","","","","","","","","","","","","","","","","","","","","","","","","","","","","","","Inactive"
"Manager Change ","WF_40","","Intimation to other stakeholders","Workflow Task","CUST_NOTF_26","Notification","","Manager|Employee direct HRBP","","","","","","","","","","","","Approval Date","After","","","","","","","","","","","","","","","","","","","","","","","","","","","","","","","","","","","","15","Subject","Source","","","","","","","","","","","","","","","","","","","","","","","","","","","","","","","","","","","","","","","","","","","","","","","","","","","","","","","","","","","","","Inactive"
"Manager Change ","WF_41","","Intimation to other stakeholders","Workflow Task","CUST_NOTF_26","Notification","","Manager|Employee direct HRBP","","","","","","","","","","","","Approval Date","After","","","","","","","","","","","","","","","","","","","","","","","","","","","","","","","","","","","","15","Subject","Source","","","","","","","","","","","","","","","","","","","","","","","","","","","","","","","","","","","","","","","","","","","","","","","","","","","","","","","","","","","","","Inactive"
"Manager Change ","WF_41","","Intimation","Workflow Task","CUST_NOTF_26","Notification","","Manager|Employee direct HRBP","","","","","","","","","","","","Approval Date","After","","","","","","","","","","","","","","","","","","","","","","","","","","","","","","","","","","","","15","Subject","Target","","","","","","","","","","","","","","","","","","","","","","","","","","","","","","","","","","","","","","","","","","","","","","","","","","","","","","","","","","","","","Inactive"
"Manager Change ","WF_41","","Intimation","Workflow Task","CUST_NOTF_21","Notification","","Self","","","","","","","","","","","","Approval Date","After","","","","","","","","","","","","","","","","","","","","","","","","","","","","","","","","","","","","15","Subject","Source","","","","","","","","","","","","","","","","","","","","","","","","","","","","","","","","","","","","","","","","","","","","","","","","","","","","","","","","","","","","","Inactive"
"Certifcation Completion ","WF_42","R1","Email","Workflow Task","CUST_NOTF_19","Notification","","Employee direct HRBP|Accounts - Payroll|Employee Data View","","","","","","","","","","","","Approval Date","After","","","","","","","","","","","","","","","","","","","","","","","","","","","","","","","","","","","","15","Subject","Source","","","","","","","","","","","","","","","","","","","","","","","","","","","","","","","","","","","","","","","","","","","","","","","","","","","","","","","","","","","","","Active"
"Contract Extension","WF_43","","HR Team","Workflow Task","CUST_CE","Data Collection - Forms","","","","","","","","","","","","","","Trigger Date","After","","","","","","","","","","","","","","","","","","","","","","","","","","","","","","","","","","","","15","Subject","Source","","","","","","","","","","","","","","","","","","","","","","","","","","","","","","","","","","","","","","","","","","","","","","","","","","","","","","","","","","","","","Inactive"
"Contract Extension","WF_43","","Intimation","Workflow Task","CUST_NOTF_17","Notification","","Manager|Employee direct HRBP","","","","","","","","","","","","Evaluation of Condition","After","","1","","","","","","","","","","","","","","","","","","","","","","","","","","","","","","","","","","15","Subject","Source","","","","","","","","","","","","","","","","","","","","","","","","","","","","","","","","","","","","","","","","","","","","","","","","","","","","","","","","","","","","","Inactive"
"Contract Extension","WF_43","","Intimation","Workflow Task","CUST_NOTF_27","Document Generation","","Self","","","","","","","","","","","","Evaluation of Condition","After","","1","","","","","","","","","","","","","","","","","","","","","","","","","","","","","","","","","","15","Subject","Source","","","","","","","","","","","","","","","","","","","","","","","","","","","","","","","","","","","","","","","","","","","","","","","","","","","","","","","","","","","","","Inactive"
"New Certification","WF_44","","Email","Workflow Task","CUST_NOTF_18","Notification","","","","","","","","","","","","","","Approval Date","After","","","","","","","","","","","","","","","","","","","","","","","","","","","","","","","","","","","","15","Subject","Source","","","","","","","","","","","","","","","","","","","","","","","","","","","","","","","","","","","","","","","","","","","","","","","","","","","","","","","","","","","","","Inactive"
"New Certification","WF_44","","Email","Workflow Task","No Template","Notification","","Self","","","","","","","","","","","","Approval Date","After","","","","","","","","","","","","","","","","","","","","","","","","","","","","","","","","","","","","15","Subject","Source","","","","","","","","","","","","","","","","","","","","","","","","","","","","","","","","","","","","","","","","","","","","","","","","","","","","","","","","","","","","","Inactive"
"New Certification","WF_45","","Email","Workflow Task","CUST_NOTF_18","Notification","","","","","","","","","","","","","","Approval Date","After","","","","","","","","","","","","","","","","","","","","","","","","","","","","","","","","","","","","15","Subject","Source","","","","","","","","","","","","","","","","","","","","","","","","","","","","","","","","","","","","","","","","","","","","","","","","","","","","","","","","","","","","","Inactive"
"New Certification","WF_45","","Email","Workflow Task","CUST_NOTF_28","Notification","","Self","","","","","","","","","","","","Approval Date","After","","","","","","","","","","","","","","","","","","","","","","","","","","","","","","","","","","","","15","Subject","Source","","","","","","","","","","","","","","","","","","","","","","","","","","","","","","","","","","","","","","","","","","","","","","","","","","","","","","","","","","","","","Inactive"
"Asset Assignment","WF_6","R1","IT Asset Assignment","Workflow Task","Asset","Data Collection - Forms","","IT Admin","","","","","","","Manager|Admin|IT Admin","","","","","Approval Date","After","","","","","","","","","","","","","","","","","","","","","","","","","","","","","","","","","","","","15","Subject","Source","","","","","","","","","","","","","","","","","","","","","","","","","","","","","","","","","","","","","","","","","","","","","","","","","","","","","","","","","","","","","Active"
"Asset Assignment","WF_6","R2","Employee acknowlegement","Workflow Task","IT Asset1696861164127","Data Collection - Forms","","Self","","","","","","","Manager|Admin|IT Admin","","","","","Evaluation of Condition","After","","1","","","","","","","","","","","","","","","","","","","","","","","","","","","","","","","","","","15","Subject","Source","","","","","","","","","","","","","","","","","","","","","","","","","","","","","","","","","","","","","","","","","","","","","","","","","","","","","","","","","","","","","Active"
"Compensation Workflow","WF_7","R1","HR Discussion","Workflow Task","HR Discussion Compensation Workflow","Data Collection - Forms","","HR Team","","","","","","","","","","","","Approval Date","After","","","","","","","","","","","","","","","","","","","","","","","","","","","","","","","","","","","","15","Subject","Source","","","","","","","","","","","","","","","","","","","","","","","","","","","","","","","","","","","","","","","","","","","","","","","","","","","","","","","","","","","","","Inactive"
"Contract Extension","WF_8","R1","HR Team","Workflow Task","CUST_CE","Data Collection - Forms","","HR Team","","","","","","","","","","","","Trigger Date","After","","","","","","","","","","","","","","","","","","","","","","","","","","","","","","","","","","","","15","Subject","Source","","","","","","","","","","","","","","","","","","","","","","","","","","","","","","","","","","","","","","","","","","","","","","","","","","","","","","","","","","","","","Active"
"Contract Extension","WF_8","R2","Intimation","Workflow Task","CUST_NOTF_17","Notification","","Manager|Employee direct HRBP|HR Team","","","","","","","","","","","","Evaluation of Condition","After","","1","","","","","","","","","","","","","","","","","","","","","","","","","","","","","","","","","","15","Subject","Source","","","","","","","","","","","","","","","","","","","","","","","","","","","","","","","","","","","","","","","","","","","","","","","","","","","","","","","","","","","","","Active"
"Contract Extension","WF_8","R3","Intimation","Workflow Task","CUST_NOTF_27","Document Generation","","Self","","","","","","","","","","","","Evaluation of Condition","After","","1","","","","","","","","","","","","","","","","","","","","","","","","","","","","","","","","","","15","Subject","Source","","","","","","","","","","","","","","","","","","","","","","","","","","","","","","","","","","","","","","","","","","","","","","","","","","","","","","","","","","","","","Active"
"Designation Change","WF_9","R1","Email","Workflow Task","CUST_NOTF_14","Document Generation","","Self","","","","","","","","","","","","Effective Date","After","","","","","","","Employee direct HRBP","","","","","","","","","","","","","","","","","","","","","","","","","","","","","15","Subject","Source","","","","","","","","","","","","","","","","","","","","","","","","","","","","","","","","","","","","","","","","","","","","","","","","","","","","","","","","","","","","","Active"
"Designation Change","WF_9","R2","Intimation","Workflow Task","CUST_NOTF_20","Notification","","Manager|Employee direct HRBP|CEO|Accounts - Payroll|Vice President","","","","","","","","","","","","Approval Date","After","","","","","","","","","","","","","","","","","","","","","","","","","","","","","","","","","","","","15","Subject","Source","","","","","","","","","","","","","","","","","","","","","","","","","","","","","","","","","","","","","","","","","","","","","","","","","","","","","","","","","","","","","Active"
"DUMMY","WF_10","","Change","Workflow Task","DUMMY 1","Data Collection - Forms","","Self","","","","","","","","","","","","Trigger Date","After","","","","","","","","","","","","","","","","","","","","","","","","","","","","","","","","","","","","15","Subject","Source","","","","","","","","","","","","","","","","","","","","","","","","","","","","","","","","","","","","","","","","","","","","","","","","","","","","","","","","","","","","","Inactive"
"Location Change","WF_11","R1","Intimation to Employee","Workflow Task","CUST_NOTF_23","Notification","","Self","","","","","","","","","","","","Approval Date","After","","","","","","","","","","","","","","","","","","","","","","","","","","","","","","","","","","","","15","Subject","Source","","","","","","","","","","","","","","","","","","","","","","","","","","","","","","","","","","","","","","","","","","","","","","","","","","","","","","","","","","","","","Active"
"Location Change","WF_11","R2","Intimation to Employee","Workflow Task","CUST_NOTF_15","Notification","","Manager|Employee direct HRBP|IT Admin|Accounts - Payroll|Administration","","","","","","","","","","","","Approval Date","After","","","","","","","","","","","","","","","","","","","","","","","","","","","","","","","","","","","","15","Subject","Source","","","","","","","","","","","","","","","","","","","","","","","","","","","","","","","","","","","","","","","","","","","","","","","","","","","","","","","","","","","","","Active"
"Manager Change ","WF_12","R1","Intimation to other stakeholders","Workflow Task","CUST_NOTF_26","Notification","","Manager|Employee direct HRBP","","","","","","","","","","","","Approval Date","After","","","","","","","","","","","","","","","","","","","","","","","","","","","","","","","","","","","","15","Subject","Source","","","","","","","","","","","","","","","","","","","","","","","","","","","","","","","","","","","","","","","","","","","","","","","","","","","","","","","","","","","","","Active"
"Manager Change ","WF_12","R2","Intimation","Workflow Task","CUST_NOTF_26","Notification","","Manager","","","","","","","","","","","","Approval Date","After","","","","","","","","","","","","","","","","","","","","","","","","","","","","","","","","","","","","15","Subject","Target","","","","","","","","","","","","","","","","","","","","","","","","","","","","","","","","","","","","","","","","","","","","","","","","","","","","","","","","","","","","","Active"
"Manager Change ","WF_12","R3","Intimation","Workflow Task","CUST_NOTF_21","Notification","","Self","","","","","","","","","","","","Approval Date","After","","","","","","","","","","","","","","","","","","","","","","","","","","","","","","","","","","","","15","Subject","Source","","","","","","","","","","","","","","","","","","","","","","","","","","","","","","","","","","","","","","","","","","","","","","","","","","","","","","","","","","","","","Active"
"New Certification","WF_13","R1","Email","Workflow Task","CUST_NOTF_18","Notification","","Accounts - Payroll","","","","","","","","","","","","Approval Date","After","","","","","","","","","","","","","","","","","","","","","","","","","","","","","","","","","","","","15","Subject","Source","","","","","","","","","","","","","","","","","","","","","","","","","","","","","","","","","","","","","","","","","","","","","","","","","","","","","","","","","","","","","Active"
"New Certification","WF_13","R2","Email","Workflow Task","CUST_NOTF_28","Notification","","Self","","","","","","","","","","","","Approval Date","After","","","","","","","","","","","","","","","","","","","","","","","","","","","","","","","","","","","","15","Subject","Source","","","","","","","","","","","","","","","","","","","","","","","","","","","","","","","","","","","","","","","","","","","","","","","","","","","","","","","","","","","","","Active"
"Onboarding Workflow","WF_14","R1","Self","Workflow Task","OB_MD1691718524992169633375573916963358272941702845046952","Data Collection - Forms","","Self","","","","HR Team","","","Self|Admin|HR Team","","","","","Trigger Date","After","","","","","","","","","","","","","","","1","","","","","","","","","","","","","","","","","","","","","15","Subject","Source","","","","","","CUST_NOTF_11","","","","","","","","","","Self","","","","","","","","","","","","","","","","","","","","","","","","","","","","","","","","","","","","","","","","","","","","","Active"
"Onboarding Workflow","WF_14","R2","IT Team","Workflow Task","IT Asset","Data Collection - Forms","","IT Admin","","","","","","","Self|Admin|HR Team","","","","","Trigger Date","After","","","","","","","","","","","","","","","","","","","","","","","","","","","","","","","","","","","","15","Subject","Source","","","","","","","","","","","","","","","","","","","","","","","","","","","","","","","","","","","","","","","","","","","","","","","","","","","","","","","","","","","","","Active"
"Project Allocated","WF_15","R1","Email","Workflow Task","CUST_NOTF_24","Notification","","Manager|HOD|Employee direct HRBP","","","","","","","","","","","","Approval Date","After","","","","","","","","","","","","","","","","","","","","","","","","","","","","","","","","","","","","15","Subject","Source","","","","","","","","","","","","","","","","","","","","","","","","","","","","","","","","","","","","","","","","","","","","","","","","","","","","","","","","","","","","","Active"
"Project Allocated","WF_15","R2","Email","Workflow Task","CUST_NOTF_25","Notification","","Self","","","","","","","","","","","","Approval Date","After","","","","","","","","","","","","","","","","","","","","","","","","","","","","","","","","","","","","15","Subject","Source","","","","","","","","","","","","","","","","","","","","","","","","","","","","","","","","","","","","","","","","","","","","","","","","","","","","","","","","","","","","","Active"
"Life Insurance Nomination Form","WF_2","R1","Life Insurance Nomination Form","Workflow Task","CF_LIONF","Data Collection - Forms","","Self","","","","","","","","","","","","Trigger Date","After","","","","","","","","","","","","","","","","","","","","","","","","","","","","","","","","","","","","15","Subject","Source","","","","","","","","","","","","","","","","","","","","","","","","","","","","","","","","","","","","","","","","","","","","","","","","","","","","","","","","","","","","","Active"
"Transfer Letter","WF_3","","Transfer Letter","Workflow Task","CUST_NOTF_35","Document Generation","","Self","","","","","","","","","","","","Trigger Date","After","","","","","","","","","","","","","","","","","","","","","","","","","","","","","","","","","","","","15","Subject","Source","","","","","","","","","","","","","","","","","","","","","","","","","","","","","","","","","","","","","","","","","","","","","","","","","","","","","","","","","","","","","Inactive"
"Transfer Letter","WF_4","","Transfer Letter","Workflow Task","CUST_NOTF_35","Document Generation","","Self","","","","","","","","","","","","Trigger Date","After","","","","","","","Recruitment Permission","","","","","","","","","","","","","","","","","","","","","","","","","","","","","15","Subject","Source","","","","","","","","","","","","","","","","","","","","","","","","","","","","","","","","","","","","","","","","","","","","","","","","","","","","","","","","","","","","","Inactive"
"Transfer Letter","WF_4","","Signed Transfer Letter","Workflow Task","PSI_TL","Data Collection - Forms","","Self","","","","Recruitment Permission","","","","","","","","Trigger Date","After","","","","","","","","","","","","","","","1","","","","","","","","","","","","","","","","","","","","","15","Subject","Source","","","","","","","","","","","","","","","","","","","","","","","","","","","","","","","","","","","","","","","","","","","","","","","","","","","","","","","","","","","","","Inactive"
"Transfer Letter","WF_5","","Transfer Letter","Workflow Task","CUST_NOTF_35","Document Generation","","Self","","","","","","","","","","","","Trigger Date","After","","","","","","","","","","","","","","","","","","","","","","","","","","","","","","","","","","","","15","Subject","Source","","","","","","","","","","","","","","","","","","","","","","","","","","","","","","","","","","","","","","","","","","","","","","","","","","","","","","","","","","","","","Inactive"
"Transfer Letter","WF_5","","Signed Transfer Letter","Workflow Task","PSI_TL","Data Collection - Forms","","Self","","","","","","","","","","","","Trigger Date","After","","","","","","","","","","","","","","","","","","","","","","","","","","","","","","","","","","","","15","Subject","Source","","","","","","","","","","","","","","","","","","","","","","","","","","","","","","","","","","","","","","","","","","","","","","","","","","","","","","","","","","","","","Inactive"
"Transfer Letter","WF_6","R1","Transfer Letter","Workflow Task","CUST_NOTF_35","Document Generation","","Self","","","","","","","","","","","","Trigger Date","After","","","","","","","PMS Admin","","","","","","","","","","","","","","","","","","","","","","","","","","","","","15","Subject","Source","","","","","","","","","","","","","","","","","","","","","","","","","","","","","","","","","","","","","","","","","","","","","","","","","","","","","","","","","","","","","Active"
"Transfer Letter","WF_6","R2","Signed Transfer Letter","Workflow Task","PSI_TL","Data Collection - Forms","","Self","","","","PMS Admin","","","","","","","","Trigger Date","After","","","","","","","","","","","","","","","1","","","","","","","","","","","","","","","","","","","","","15","Subject","Source","","","","","","","","","","","","","","","","","","","","","","","","","","","","","","","","","","","","","","","","","","","","","","","","","","","","","","","","","","","","","Active"
"Onboarding Workflow - Consultant","WF_16","R1","Self","Workflow Task","OB_MD169171852499216963337557391696335827294170284504695217056612363381713865431364","Data Collection - Forms","","Self","","","","HR Team","","","Self|Admin|HR Team","","","","","Trigger Date","After","","","","","","","","","","","","","","","1","","","","","","","","","","","","","","","","","","","","","15","Subject","Source","","","","","","CUST_NOTF_11","","","","","","","","","","Self","","","","","","","","","","","","","","","","","","","","","","","","","","","","","","","","","","","","","","","","","","","","","Active"
"Onboarding Workflow - Consultant","WF_16","R2","IT Team","Workflow Task","IT Asset","Data Collection - Forms","","IT Admin","","","","","","","Self|Admin|HR Team","","","","","Trigger Date","After","","","","","","","","","","","","","","","","","","","","","","","","","","","","","","","","","","","","15","Subject","Source","","","","","","","","","","","","","","","","","","","","","","","","","","","","","","","","","","","","","","","","","","","","","","","","","","","","","","","","","","","","","Active"
"Welcome Mail ","WF_17","R1","Notification","Workflow Task","CUST_NOTF_39","Notification","","Self","","","","","","","Self|Employee direct HRBP|Admin","","","","","Trigger Date","After","","","","","","","Employee direct HRBP|Admin","","","","","","","","","","","","","","","","","","","","","","","","","","","","","15","Subject","Source","","","","","","","","","","","","","","","","","","","","","","","","","","","","","","","","","","","","","","","","","","","Cancel","Skip","Add","Schedule","Send Back","Delegate","View Details","Submit","Decline","Sign-off","Initiate","Successful","Unsuccessful","Submit and Send Email","Reschedule","Save as Draft","Update","Submit for Review","Active"
"Compensation Workflow","WF_18","R1","HR Discussion","Workflow Task","HR Discussion Compensation Workflow","Data Collection - Forms","","HR Team","","","","","","","Self","","","","","Approval Date","After","","","","","","","","","","","","","","","","","","","","","","","","","","","","","","","","","","","","15","Subject","Source","","","","","","","","","","","","","","","","","","","","","","","","","","","","","","","","","","","","","","","","","","","Cancel","Skip","Add","Schedule","Send Back","Delegate","View Details","Submit","Decline","Sign-off","Initiate","Successful","Unsuccessful","Submit and Send Email","Reschedule","Save as Draft","Update","Submit for Review","Active"
"Separation Workflow Updated","WF_20","R1","Accounts Clearance","Workflow Task","FM-63_6","Data Collection - Forms","","Accounts - Payroll","","","","","","","","","","","","Effective Date","After","","","","","","","","","","","","","","","","","","","","","","","","","","","","","","","","","","","","15","Subject","Source","","","","","","","","","","","","","","","","","","","","","","","","","","","","","","","","","","","","","","","","","","","Cancel","Skip","Add","Schedule","Send Back","Delegate","View Details","Submit","Decline","Sign-off","Initiate","Successful","Unsuccessful","Submit and Send Email","Reschedule","Save as Draft","Update","Submit for Review","Inactive"
"Separation Workflow Updated","WF_20","R2","HR Clearance Form ","Workflow Task","FM-63_4","Data Collection - Forms","","HR Team","","","","","","","","","","","","Effective Date","After","","","","","","","","","","","","","","","","","","","","","","","","","","","","","","","","","","","","15","Subject","Source","","","","","","","","","","","","","","","","","","","","","","","","","","","","","","","","","","","","","","","","","","","Cancel","Skip","Add","Schedule","Send Back","Delegate","View Details","Submit","Decline","Sign-off","Initiate","Successful","Unsuccessful","Submit and Send Email","Reschedule","Save as draft","Update","Submit for Review","Inactive"
"Separation Workflow Updated","WF_20","R3","Reporting Manager Clearance Form ","Workflow Task","FM-63_8","Data Collection - Forms","","Manager","","","","","","","","","","","","Effective Date","After","","","","","","","","","","","","","","","","","","","","","","","","","","","","","","","","","","","","15","Subject","Source","","","","","","","","","","","","","","","","","","","","","","","","","","","","","","","","","","","","","","","","","","","Cancel","Skip","Add","Schedule","Send Back","Delegate","View Details","Submit","Decline","Sign-off","Initiate","Successful","Unsuccessful","Submit and Send Email","Reschedule","Save as draft","Update","Submit for Review","Inactive"
"Separation Workflow Updated","WF_20","R4","Admin Clearance Form ","Workflow Task","FM-63_3","Data Collection - Forms","","Administration","","","","","","","","","","","","Effective Date","After","","","","","","","","","","","","","","","","","","","","","","","","","","","","","","","","","","","","15","Subject","Source","","","","","","","","","","","","","","","","","","","","","","","","","","","","","","","","","","","","","","","","","","","Cancel","Skip","Add","Schedule","Send Back","Delegate","View Details","Submit","Decline","Sign-off","Initiate","Successful","Unsuccessful","Submit and Send Email","Reschedule","Save as draft","Update","Submit for Review","Inactive"
"Separation Workflow Updated","WF_20","R5","Finance Clearance Form ","Workflow Task","Dropdown","Data Collection - Forms","","Accounts - Payroll","","","","","","","","","","","","Evaluation of Condition","After","","1,2,3,4","","","","","","","","","","","","","","","","","","","","","","","","","","","","","","","","","","15","Subject","Source","","","","","","","","","","","","","","","","","","","","","","","","","","","","","","","","","","","","","","","","","","","Cancel","Skip","Add","Schedule","Send Back","Delegate","View Details","Submit","Decline","Sign-off","Initiate","Successful","Unsuccessful","Submit and Send Email","Reschedule","Save as draft","Update","Submit for Review","Inactive"
"Separation Workflow Updated","WF_20","R6","HR Letter","Workflow Task","","Data Collection - Forms","","","","","","","","","","","","","","Evaluation of Condition","After","","1,2,3,4","","","","","","","","","","","","","","","","","","","","","","","","","","","","","","","","","","15","Subject","Source","","","","","","","","","","","","","","","","","","","","","","","","","","","","","","","","","","","","","","","","","","","Cancel","Skip","Add","Schedule","Send Back","Delegate","View Details","Submit","Decline","Sign-off","Initiate","Successful","Unsuccessful","Submit and Send Email","Reschedule","Save as draft","Update","Submit for Review","Inactive"
"Separation Workflow Updated","WF_20","R7","Experience Letter","Workflow Task","CUST_NOTF_3","Document Generation","","Self","","","","","","","","","","","","Evaluation of Condition","After","","6","","1","","","","","","","","","","","","","","","","","","","","","","","","","","","","","","","","15","Subject","Source","","","","","","","","","","","","","","","","","","","","","","","","","","","","","","","","","","","","","","","","","","","Cancel","Skip","Add","Schedule","Send Back","Delegate","View Details","Submit","Decline","Sign-off","Initiate","Successful","Unsuccessful","Submit and Send Email","Reschedule","Save as draft","Update","Submit for Review","Inactive"
"Separation Workflow Updated","WF_20","R8","Exit Interview Form ","Workflow Task","FM-63_12","Data Collection - Forms","","Self","","","","","","","","","","","","Effective Date","After","","","","","","","","","","","","","","","","","","","","","","","","","","","","","","","","","","","","15","Subject","Source","","","","","","","","","","","","","","","","","","","","","","","","","","","","","","","","","","","","","","","","","","","Cancel","Skip","Add","Schedule","Send Back","Delegate","View Details","Submit","Decline","Sign-off","Initiate","Successful","Unsuccessful","Submit and Send Email","Reschedule","Save as draft","Update","Submit for Review","Inactive"
"Separation Workflow Updated","WF_20","R9","NDA Acknowledgement","Workflow Task","FM-63_7","Data Collection - Forms","","HR Team","","","","","","","","","","","","Effective Date","After","","","","","","","","","","","","","","","","","","","","","","","","","","","","","","","","","","","","15","Subject","Source","","","","","","","","","","","","","","","","","","","","","","","","","","","","","","","","","","","","","","","","","","","Cancel","Skip","Add","Schedule","Send Back","Delegate","View Details","Submit","Decline","Sign-off","Initiate","Successful","Unsuccessful","Submit and Send Email","Reschedule","Save as draft","Update","Submit for Review","Inactive"
"Separation Workflow Updated","WF_20","R10","IT Clearance Form ","Workflow Task","","Data Collection - Forms","","IT Admin","","","","","","","","","","","","Effective Date","After","","","","","","","","","","","","","","","","","","","","","","","","","","","","","","","","","","","","15","Subject","Source","","","","","","","","","","","","","","","","","","","","","","","","","","","","","","","","","","","","","","","","","","","Cancel","Skip","Add","Schedule","Send Back","Delegate","View Details","Submit","Decline","Sign-off","Initiate","Successful","Unsuccessful","Submit and Send Email","Reschedule","Save as draft","Update","Submit for Review","Inactive"
"Separation Workflow Updated","WF_20","R11","Insurance Deletion","Workflow Task","Dropdown","Data Collection - Forms","","Insurance Deletion|Health Insurance Approval","","","","","","","","","","","","Effective Date","After","","","","","","","","","","","","","","","","","","","","","","","","","","","","","","","","","","","","15","Subject","Source","","","","","","","","","","","","","","","","","","","","","","","","","","","","","","","","","","","","","","","","","","","Cancel","Skip","Add","Schedule","Send Back","Delegate","View Details","Submit","Decline","Sign-off","Initiate","Successful","Unsuccessful","Submit and Send Email","Reschedule","Save as draft","Update","Submit for Review","Inactive"
"Separation Workflow Updated","WF_20","R12","Email Notification for completion of Workflow task","Workflow Task","CUST_NOTF_6","Notification","","Manager|Employee direct HRBP|IT Admin|HR Team","","","","","","","","","","","","Effective Date","Before","","2","","","","","","","","","","","","","","","","","","","","","","","","","","","","","","","","","","15","Subject","Source","","","","","","","","","","","","","","","","","","","","","","","","","","","","","","","","","","","","","","","","","","","Cancel","Skip","Add","Schedule","Send Back","Delegate","View Details","Submit","Decline","Sign-off","Initiate","Successful","Unsuccessful","Submit and Send Email","Reschedule","Save as draft","Update","Submit for Review","Inactive"
"Separation Workflow Updated","WF_20","R13","Worflow completion Task","Workflow Task","CUST_NOTF_7","Notification","","IT Admin","","","","","","","","","","","","Evaluation of Condition","After","","10","","","","","","","","","","","","","","","","","","","","","","","","","","","","","","","","","","15","Subject","Source","","","","","","","","","","","","","","","","","","","","","","","","","","","","","","","","","","","","","","","","","","","Cancel","Skip","Add","Schedule","Send Back","Delegate","View Details","Submit","Decline","Sign-off","Initiate","Successful","Unsuccessful","Submit and Send Email","Reschedule","Save as draft","Update","Submit for Review","Inactive"
"Separation Workflow Updated","WF_20","R14","Worflow completion Task","Workflow Task","CUST_NOTF_7","Notification","","HR Team","","","","","","","","","","","","Evaluation of Condition","After","","6","","","","","","","","","","","","","","","","","","","","","","","","","","","","","","","","","","15","Subject","Source","","","","","","","","","","","","","","","","","","","","","","","","","","","","","","","","","","","","","","","","","","","Cancel","Skip","Add","Schedule","Send Back","Delegate","View Details","Submit","Decline","Sign-off","Initiate","Successful","Unsuccessful","Submit and Send Email","Reschedule","Save as draft","Update","Submit for Review","Inactive"
"Separation Workflow Updated","WF_20","R15","Worflow completion Task","Workflow Task","CUST_NOTF_7","Notification","","Accounts - Payroll","","","","","","","","","","","","Evaluation of Condition","After","","1","","","","","","","","","","","","","","","","","","","","","","","","","","","","","","","","","","15","Subject","Source","","","","","","","","","","","","","","","","","","","","","","","","","","","","","","","","","","","","","","","","","","","Cancel","Skip","Add","Schedule","Send Back","Delegate","View Details","Submit","Decline","Sign-off","Initiate","Successful","Unsuccessful","Submit and Send Email","Reschedule","Save as draft","Update","Submit for Review","Inactive"
"Separation Workflow Updated","WF_20","R16","Relieving Letter","Workflow Task","CUST_NOTF_12","Document Generation","","Self","","","","","","","","","","","","Evaluation of Condition","After","","6","","1","","","","","","","","","","","","","","","","","","","","","","","","","","","","","","","","15","Subject","Source","","","","","","","","","","","","","","","","","","","","","","","","","","","","","","","","","","","","","","","","","","","Cancel","Skip","Add","Schedule","Send Back","Delegate","View Details","Submit","Decline","Sign-off","Initiate","Successful","Unsuccessful","Submit and Send Email","Reschedule","Save as draft","Update","Submit for Review","Inactive"
"Separation Workflow Updated","WF_20","R17","Reminder for last working day","Workflow Task","CUST_NOTF_34","Notification","","Manager|IT Admin|HR Team","","","","","","","","","","","","Effective Date","Before","","2","","","","","","","","","","","","","","","","","","","","","","","","","","","","","","","","","","15","Subject","Source","","","","","","","","","","","","","","","","","","","","","","","","","","","","","","","","","","","","","","","","","","","Cancel","Skip","Add","Schedule","Send Back","Delegate","View Details","Submit","Decline","Sign-off","Initiate","Successful","Unsuccessful","Submit and Send Email","Reschedule","Save as draft","Update","Submit for Review","Inactive"
"Separation Workflow Updated","WF_21","R1","Accounts Clearance","Workflow Task","FM-63_6","Data Collection - Forms","","Accounts - Payroll","","","","","","","","","","","","Effective Date","After","","","","","","","","","","","","","","","","","","","","","","","","","","","","","","","","","","","","15","Subject","Source","","","","","","","","","","","","","","","","","","","","","","","","","","","","","","","","","","","","","","","","","","","Cancel","Skip","Add","Schedule","Send Back","Delegate","View Details","Submit","Decline","Sign-off","Initiate","Successful","Unsuccessful","Submit and Send Email","Reschedule","Save as Draft","Update","Submit for Review","Active"
"Separation Workflow Updated","WF_21","R2","HR Clearance Form ","Workflow Task","FM-63_4","Data Collection - Forms","","HR Team","","","","","","","","","","","","Effective Date","After","","","","","","","","","","","","","","","","","","","","","","","","","","","","","","","","","","","","15","Subject","Source","","","","","","","","","","","","","","","","","","","","","","","","","","","","","","","","","","","","","","","","","","","Cancel","Skip","Add","Schedule","Send Back","Delegate","View Details","Submit","Decline","Sign-off","Initiate","Successful","Unsuccessful","Submit and Send Email","Reschedule","Save as draft","Update","Submit for Review","Active"
"Separation Workflow Updated","WF_21","R3","Reporting Manager Clearance Form ","Workflow Task","FM-63_8","Data Collection - Forms","","Manager","","","","","","","","","","","","Effective Date","After","","","","","","","","","","","","","","","","","","","","","","","","","","","","","","","","","","","","15","Subject","Source","","","","","","","","","","","","","","","","","","","","","","","","","","","","","","","","","","","","","","","","","","","Cancel","Skip","Add","Schedule","Send Back","Delegate","View Details","Submit","Decline","Sign-off","Initiate","Successful","Unsuccessful","Submit and Send Email","Reschedule","Save as draft","Update","Submit for Review","Active"
"Separation Workflow Updated","WF_21","R4","Admin Clearance Form ","Workflow Task","FM-63_3","Data Collection - Forms","","Administration","","","","","","","","","","","","Effective Date","After","","","","","","","","","","","","","","","","","","","","","","","","","","","","","","","","","","","","15","Subject","Source","","","","","","","","","","","","","","","","","","","","","","","","","","","","","","","","","","","","","","","","","","","Cancel","Skip","Add","Schedule","Send Back","Delegate","View Details","Submit","Decline","Sign-off","Initiate","Successful","Unsuccessful","Submit and Send Email","Reschedule","Save as draft","Update","Submit for Review","Active"
"Separation Workflow Updated","WF_21","R5","Finance Clearance Form ","Workflow Task","Dropdown","Data Collection - Forms","","Accounts - Payroll","","","","","","","","","","","","Evaluation of Condition","After","","1,2,3,4","","","","","","","","","","","","","","","","","","","","","","","","","","","","","","","","","","15","Subject","Source","","","","","","","","","","","","","","","","","","","","","","","","","","","","","","","","","","","","","","","","","","","Cancel","Skip","Add","Schedule","Send Back","Delegate","View Details","Submit","Decline","Sign-off","Initiate","Successful","Unsuccessful","Submit and Send Email","Reschedule","Save as draft","Update","Submit for Review","Active"
"Separation Workflow Updated","WF_21","R6","HR Letter","Workflow Task","Experience Letter Form","Data Collection - Forms","","HR Team","","","","","","","","","","","","Evaluation of Condition","After","","1,2,3,4","","","","","","","","","","","","","","","","","","","","","","","","","","","","","","","","","","15","Subject","Source","","","","","","","","","","","","","","","","","","","","","","","","","","","","","","","","","","","","","","","","","","","Cancel","Skip","Add","Schedule","Send Back","Delegate","View Details","Submit","Decline","Sign-off","Initiate","Successful","Unsuccessful","Submit and Send Email","Reschedule","Save as draft","Update","Submit for Review","Active"
"Separation Workflow Updated","WF_21","R7","Experience Letter","Workflow Task","CUST_NOTF_3","Document Generation","","Self","","","","","","","","","","","","Evaluation of Condition","After","","6","","1","","","","","","","","","","","","","","","","","","","","","","","","","","","","","","","","15","Subject","Source","","","","","","","","","","","","","","","","","","","","","","","","","","","","","","","","","","","","","","","","","","","Cancel","Skip","Add","Schedule","Send Back","Delegate","View Details","Submit","Decline","Sign-off","Initiate","Successful","Unsuccessful","Submit and Send Email","Reschedule","Save as draft","Update","Submit for Review","Active"
"Separation Workflow Updated","WF_21","R8","Exit Interview Form ","Workflow Task","FM-63_12","Data Collection - Forms","","Self","","","","","","","","","","","","Effective Date","After","","","","","","","","","","","","","","","","","","","","","","","","","","","","","","","","","","","","15","Subject","Source","","","","","","","","","","","","","","","","","","","","","","","","","","","","","","","","","","","","","","","","","","","Cancel","Skip","Add","Schedule","Send Back","Delegate","View Details","Submit","Decline","Sign-off","Initiate","Successful","Unsuccessful","Submit and Send Email","Reschedule","Save as draft","Update","Submit for Review","Active"
"Separation Workflow Updated","WF_21","R9","NDA Acknowledgement","Workflow Task","FM-63_7","Data Collection - Forms","","HR Team","","","","","","","","","","","","Effective Date","After","","","","","","","","","","","","","","","","","","","","","","","","","","","","","","","","","","","","15","Subject","Source","","","","","","","","","","","","","","","","","","","","","","","","","","","","","","","","","","","","","","","","","","","Cancel","Skip","Add","Schedule","Send Back","Delegate","View Details","Submit","Decline","Sign-off","Initiate","Successful","Unsuccessful","Submit and Send Email","Reschedule","Save as draft","Update","Submit for Review","Active"
"Separation Workflow Updated","WF_21","R10","IT Clearance Form ","Workflow Task","FM-63_2","Data Collection - Forms","","IT Admin","","","","","","","","","","","","Effective Date","After","","","","","","","","","","","","","","","","","","","","","","","","","","","","","","","","","","","","15","Subject","Source","","","","","","","","","","","","","","","","","","","","","","","","","","","","","","","","","","","","","","","","","","","Cancel","Skip","Add","Schedule","Send Back","Delegate","View Details","Submit","Decline","Sign-off","Initiate","Successful","Unsuccessful","Submit and Send Email","Reschedule","Save as draft","Update","Submit for Review","Active"
"Separation Workflow Updated","WF_21","R11","Insurance Deletion","Workflow Task","Dropdown","Data Collection - Forms","","Insurance Deletion|Health Insurance Approval","","","","","","","","","","","","Effective Date","After","","","","","","","","","","","","","","","","","","","","","","","","","","","","","","","","","","","","15","Subject","Source","","","","","","","","","","","","","","","","","","","","","","","","","","","","","","","","","","","","","","","","","","","Cancel","Skip","Add","Schedule","Send Back","Delegate","View Details","Submit","Decline","Sign-off","Initiate","Successful","Unsuccessful","Submit and Send Email","Reschedule","Save as draft","Update","Submit for Review","Active"
"Separation Workflow Updated","WF_21","R12","Email Notification for completion of Workflow task","Workflow Task","CUST_NOTF_6","Notification","","Manager|Employee direct HRBP|IT Admin|HR Team","","","","","","","","","","","","Effective Date","Before","","2","","","","","","","","","","","","","","","","","","","","","","","","","","","","","","","","","","15","Subject","Source","","","","","","","","","","","","","","","","","","","","","","","","","","","","","","","","","","","","","","","","","","","Cancel","Skip","Add","Schedule","Send Back","Delegate","View Details","Submit","Decline","Sign-off","Initiate","Successful","Unsuccessful","Submit and Send Email","Reschedule","Save as draft","Update","Submit for Review","Active"
"Separation Workflow Updated","WF_21","R13","IT Worflow completion Task","Workflow Task","CUST_NOTF_7","Notification","","IT Admin","","","","","","","","","","","","Evaluation of Condition","After","","10","","","","","","","","","","","","","","","","","","","","","","","","","","","","","","","","","","15","Subject","Source","","","","","","","","","","","","","","","","","","","","","","","","","","","","","","","","","","","","","","","","","","","Cancel","Skip","Add","Schedule","Send Back","Delegate","View Details","Submit","Decline","Sign-off","Initiate","Successful","Unsuccessful","Submit and Send Email","Reschedule","Save as draft","Update","Submit for Review","Active"
"Separation Workflow Updated","WF_21","R14","HR Worflow completion Task","Workflow Task","CUST_NOTF_7","Notification","","HR Team","","","","","","","","","","","","Evaluation of Condition","After","","6","","","","","","","","","","","","","","","","","","","","","","","","","","","","","","","","","","15","Subject","Source","","","","","","","","","","","","","","","","","","","","","","","","","","","","","","","","","","","","","","","","","","","Cancel","Skip","Add","Schedule","Send Back","Delegate","View Details","Submit","Decline","Sign-off","Initiate","Successful","Unsuccessful","Submit and Send Email","Reschedule","Save as draft","Update","Submit for Review","Active"
"Separation Workflow Updated","WF_21","R15"," Accounts Worflow completion Task","Workflow Task","CUST_NOTF_7","Notification","","Accounts - Payroll","","","","","","","","","","","","Evaluation of Condition","After","","1","","","","","","","","","","","","","","","","","","","","","","","","","","","","","","","","","","15","Subject","Source","","","","","","","","","","","","","","","","","","","","","","","","","","","","","","","","","","","","","","","","","","","Cancel","Skip","Add","Schedule","Send Back","Delegate","View Details","Submit","Decline","Sign-off","Initiate","Successful","Unsuccessful","Submit and Send Email","Reschedule","Save as draft","Update","Submit for Review","Active"
"Separation Workflow Updated","WF_21","R16","Relieving Letter","Workflow Task","CUST_NOTF_12","Document Generation","","Self","","","","","","","","","","","","Evaluation of Condition","After","","6","","1","","","","","","","","","","","","","","","","","","","","","","","","","","","","","","","","15","Subject","Source","","","","","","","","","","","","","","","","","","","","","","","","","","","","","","","","","","","","","","","","","","","Cancel","Skip","Add","Schedule","Send Back","Delegate","View Details","Submit","Decline","Sign-off","Initiate","Successful","Unsuccessful","Submit and Send Email","Reschedule","Save as draft","Update","Submit for Review","Active"
"Separation Workflow Updated","WF_21","R17","Reminder for last working day","Workflow Task","CUST_NOTF_34","Notification","","Manager|IT Admin|HR Team","","","","","","","","","","","","Effective Date","Before","","2","","","","","","","","","","","","","","","","","","","","","","","","","","","","","","","","","","15","Subject","Source","","","","","","","","","","","","","","","","","","","","","","","","","","","","","","","","","","","","","","","","","","","Cancel","Skip","Add","Schedule","Send Back","Delegate","View Details","Submit","Decline","Sign-off","Initiate","Successful","Unsuccessful","Submit and Send Email","Reschedule","Save as draft","Update","Submit for Review","Active"
"Separation Workflow Contract Employees-2025","WF_23","R1","Accounts Clearance","Workflow Task","FM-63_6","Data Collection - Forms","","Accounts - Payroll","","","","","","","","","","","","Effective Date","After","","","","","","","","","","","","","","","","","","","","","","","","","","","","","","","","","","","","15","Subject","Source","","","","","","","","","","","","","","","","","","","","","","","","","","","","","","","","","","","","","","","","","","","Cancel","Skip","Add","Schedule","Send Back","Delegate","View Details","Submit","Decline","Sign-off","Initiate","Successful","Unsuccessful","Submit and Send Email","Reschedule","Save as Draft","Update","Submit for Review","Active"
"Separation Workflow Contract Employees-2025","WF_23","R2","HR Clearance Form ","Workflow Task","FM-63_4","Data Collection - Forms","","HR Team","","","","","","","","","","","","Effective Date","After","","","","","","","","","","","","","","","","","","","","","","","","","","","","","","","","","","","","15","Subject","Source","","","","","","","","","","","","","","","","","","","","","","","","","","","","","","","","","","","","","","","","","","","Cancel","Skip","Add","Schedule","Send Back","Delegate","View Details","Submit","Decline","Sign-off","Initiate","Successful","Unsuccessful","Submit and Send Email","Reschedule","Save as draft","Update","Submit for Review","Active"
"Separation Workflow Contract Employees-2025","WF_23","R3","Reporting Manager Clearance Form ","Workflow Task","FM-63_8","Data Collection - Forms","","Manager","","","","","","","","","","","","Effective Date","After","","","","","","","","","","","","","","","","","","","","","","","","","","","","","","","","","","","","15","Subject","Source","","","","","","","","","","","","","","","","","","","","","","","","","","","","","","","","","","","","","","","","","","","Cancel","Skip","Add","Schedule","Send Back","Delegate","View Details","Submit","Decline","Sign-off","Initiate","Successful","Unsuccessful","Submit and Send Email","Reschedule","Save as draft","Update","Submit for Review","Active"
"Separation Workflow Contract Employees-2025","WF_23","R4","Admin Clearance Form ","Workflow Task","FM-63_3","Data Collection - Forms","","Administration","","","","","","","","","","","","Effective Date","After","","","","","","","","","","","","","","","","","","","","","","","","","","","","","","","","","","","","15","Subject","Source","","","","","","","","","","","","","","","","","","","","","","","","","","","","","","","","","","","","","","","","","","","Cancel","Skip","Add","Schedule","Send Back","Delegate","View Details","Submit","Decline","Sign-off","Initiate","Successful","Unsuccessful","Submit and Send Email","Reschedule","Save as draft","Update","Submit for Review","Active"
"Separation Workflow Contract Employees-2025","WF_23","R5","Finance Clearance Form ","Workflow Task","Dropdown","Data Collection - Forms","","Accounts - Payroll","","","","","","","","","","","","Evaluation of Condition","After","","1,2,3,4","","","","","","","","","","","","","","","","","","","","","","","","","","","","","","","","","","15","Subject","Source","","","","","","","","","","","","","","","","","","","","","","","","","","","","","","","","","","","","","","","","","","","Cancel","Skip","Add","Schedule","Send Back","Delegate","View Details","Submit","Decline","Sign-off","Initiate","Successful","Unsuccessful","Submit and Send Email","Reschedule","Save as draft","Update","Submit for Review","Active"
"Separation Workflow Contract Employees-2025","WF_23","R6","HR Letter","Workflow Task","Experience Letter Form","Data Collection - Forms","","HR Team","","","","","","","","","","","","Evaluation of Condition","After","","1,2,3,4","","","","","","","","","","","","","","","","","","","","","","","","","","","","","","","","","","15","Subject","Source","","","","","","","","","","","","","","","","","","","","","","","","","","","","","","","","","","","","","","","","","","","Cancel","Skip","Add","Schedule","Send Back","Delegate","View Details","Submit","Decline","Sign-off","Initiate","Successful","Unsuccessful","Submit and Send Email","Reschedule","Save as draft","Update","Submit for Review","Active"
"Separation Workflow Contract Employees-2025","WF_23","R7","Experience Letter","Workflow Task","CUST_NOTF_38","Document Generation","","Self","","","","","","","","","","","","Evaluation of Condition","After","","6","","1","","","","","","","","","","","","","","","","","","","","","","","","","","","","","","","","15","Subject","Source","","","","","","","","","","","","","","","","","","","","","","","","","","","","","","","","","","","","","","","","","","","Cancel","Skip","Add","Schedule","Send Back","Delegate","View Details","Submit","Decline","Sign-off","Initiate","Successful","Unsuccessful","Submit and Send Email","Reschedule","Save as draft","Update","Submit for Review","Active"
"Separation Workflow Contract Employees-2025","WF_23","R8","Exit Interview Form ","Workflow Task","FM-63_12","Data Collection - Forms","","Self","","","","","","","","","","","","Effective Date","After","","","","","","","","","","","","","","","","","","","","","","","","","","","","","","","","","","","","15","Subject","Source","","","","","","","","","","","","","","","","","","","","","","","","","","","","","","","","","","","","","","","","","","","Cancel","Skip","Add","Schedule","Send Back","Delegate","View Details","Submit","Decline","Sign-off","Initiate","Successful","Unsuccessful","Submit and Send Email","Reschedule","Save as draft","Update","Submit for Review","Active"
"Separation Workflow Contract Employees-2025","WF_23","R9","NDA Acknowledgement","Workflow Task","FM-63_7","Data Collection - Forms","","HR Team","","","","","","","","","","","","Effective Date","After","","","","","","","","","","","","","","","","","","","","","","","","","","","","","","","","","","","","15","Subject","Source","","","","","","","","","","","","","","","","","","","","","","","","","","","","","","","","","","","","","","","","","","","Cancel","Skip","Add","Schedule","Send Back","Delegate","View Details","Submit","Decline","Sign-off","Initiate","Successful","Unsuccessful","Submit and Send Email","Reschedule","Save as draft","Update","Submit for Review","Active"
"Separation Workflow Contract Employees-2025","WF_23","R10","IT Clearance Form ","Workflow Task","FM-63_2","Data Collection - Forms","","IT Admin","","","","","","","","","","","","Effective Date","After","","","","","","","","","","","","","","","","","","","","","","","","","","","","","","","","","","","","15","Subject","Source","","","","","","","","","","","","","","","","","","","","","","","","","","","","","","","","","","","","","","","","","","","Cancel","Skip","Add","Schedule","Send Back","Delegate","View Details","Submit","Decline","Sign-off","Initiate","Successful","Unsuccessful","Submit and Send Email","Reschedule","Save as draft","Update","Submit for Review","Active"
"Separation Workflow Contract Employees-2025","WF_23","R11","Insurance Deletion","Workflow Task","Dropdown","Data Collection - Forms","","Insurance Deletion|Health Insurance Approval","","","","","","","","","","","","Effective Date","After","","","","","","","","","","","","","","","","","","","","","","","","","","","","","","","","","","","","15","Subject","Source","","","","","","","","","","","","","","","","","","","","","","","","","","","","","","","","","","","","","","","","","","","Cancel","Skip","Add","Schedule","Send Back","Delegate","View Details","Submit","Decline","Sign-off","Initiate","Successful","Unsuccessful","Submit and Send Email","Reschedule","Save as draft","Update","Submit for Review","Active"
"Separation Workflow Contract Employees-2025","WF_23","R12","Email Notification for completion of Workflow task","Workflow Task","CUST_NOTF_6","Notification","","Manager|Employee direct HRBP|IT Admin|HR Team","","","","","","","","","","","","Effective Date","Before","","2","","","","","","","","","","","","","","","","","","","","","","","","","","","","","","","","","","15","Subject","Source","","","","","","","","","","","","","","","","","","","","","","","","","","","","","","","","","","","","","","","","","","","Cancel","Skip","Add","Schedule","Send Back","Delegate","View Details","Submit","Decline","Sign-off","Initiate","Successful","Unsuccessful","Submit and Send Email","Reschedule","Save as draft","Update","Submit for Review","Active"
"Separation Workflow Contract Employees-2025","WF_23","R13","IT Worflow completion Task","Workflow Task","CUST_NOTF_7","Notification","","IT Admin","","","","","","","","","","","","Evaluation of Condition","After","","10","","","","","","","","","","","","","","","","","","","","","","","","","","","","","","","","","","15","Subject","Source","","","","","","","","","","","","","","","","","","","","","","","","","","","","","","","","","","","","","","","","","","","Cancel","Skip","Add","Schedule","Send Back","Delegate","View Details","Submit","Decline","Sign-off","Initiate","Successful","Unsuccessful","Submit and Send Email","Reschedule","Save as draft","Update","Submit for Review","Active"
"Separation Workflow Contract Employees-2025","WF_23","R14","HR Worflow completion Task","Workflow Task","CUST_NOTF_7","Notification","","HR Team","","","","","","","","","","","","Evaluation of Condition","After","","6","","","","","","","","","","","","","","","","","","","","","","","","","","","","","","","","","","15","Subject","Source","","","","","","","","","","","","","","","","","","","","","","","","","","","","","","","","","","","","","","","","","","","Cancel","Skip","Add","Schedule","Send Back","Delegate","View Details","Submit","Decline","Sign-off","Initiate","Successful","Unsuccessful","Submit and Send Email","Reschedule","Save as draft","Update","Submit for Review","Active"
"Separation Workflow Contract Employees-2025","WF_23","R15"," Accounts Worflow completion Task","Workflow Task","CUST_NOTF_7","Notification","","Accounts - Payroll","","","","","","","","","","","","Evaluation of Condition","After","","1","","","","","","","","","","","","","","","","","","","","","","","","","","","","","","","","","","15","Subject","Source","","","","","","","","","","","","","","","","","","","","","","","","","","","","","","","","","","","","","","","","","","","Cancel","Skip","Add","Schedule","Send Back","Delegate","View Details","Submit","Decline","Sign-off","Initiate","Successful","Unsuccessful","Submit and Send Email","Reschedule","Save as draft","Update","Submit for Review","Active"
"Separation Workflow Contract Employees-2025","WF_23","R16","Relieving Letter","Workflow Task","CUST_NOTF_12","Document Generation","","Self","","","","","","","","","","","","Evaluation of Condition","After","","6","","1","","","","","","","","","","","","","","","","","","","","","","","","","","","","","","","","15","Subject","Source","","","","","","","","","","","","","","","","","","","","","","","","","","","","","","","","","","","","","","","","","","","Cancel","Skip","Add","Schedule","Send Back","Delegate","View Details","Submit","Decline","Sign-off","Initiate","Successful","Unsuccessful","Submit and Send Email","Reschedule","Save as draft","Update","Submit for Review","Active"
"Separation Workflow Contract Employees-2025","WF_23","R17","Reminder for last working day","Workflow Task","CUST_NOTF_34","Notification","","Manager|IT Admin|HR Team","","","","","","","","","","","","Effective Date","Before","","2","","","","","","","","","","","","","","","","","","","","","","","","","","","","","","","","","","15","Subject","Source","","","","","","","","","","","","","","","","","","","","","","","","","","","","","","","","","","","","","","","","","","","Cancel","Skip","Add","Schedule","Send Back","Delegate","View Details","Submit","Decline","Sign-off","Initiate","Successful","Unsuccessful","Submit and Send Email","Reschedule","Save as draft","Update","Submit for Review","Active"
"Separation Workflow Consultants 2025","WF_24","R1","Accounts Clearance","Workflow Task","FM-63_6","Data Collection - Forms","","Accounts - Payroll","","","","","","","","","","","","Effective Date","After","","","","","","","","","","","","","","","","","","","","","","","","","","","","","","","","","","","","15","Subject","Source","","","","","","","","","","","","","","","","","","","","","","","","","","","","","","","","","","","","","","","","","","","Cancel","Skip","Add","Schedule","Send Back","Delegate","View Details","Submit","Decline","Sign-off","Initiate","Successful","Unsuccessful","Submit and Send Email","Reschedule","Save as Draft","Update","Submit for Review","Active"
"Separation Workflow Consultants 2025","WF_24","R2","HR Clearance Form ","Workflow Task","FM-63_4","Data Collection - Forms","","HR Team","","","","","","","","","","","","Effective Date","After","","","","","","","","","","","","","","","","","","","","","","","","","","","","","","","","","","","","15","Subject","Source","","","","","","","","","","","","","","","","","","","","","","","","","","","","","","","","","","","","","","","","","","","Cancel","Skip","Add","Schedule","Send Back","Delegate","View Details","Submit","Decline","Sign-off","Initiate","Successful","Unsuccessful","Submit and Send Email","Reschedule","Save as draft","Update","Submit for Review","Active"
"Separation Workflow Consultants 2025","WF_24","R3","Reporting Manager Clearance Form ","Workflow Task","FM-63_8","Data Collection - Forms","","Manager","","","","","","","","","","","","Effective Date","After","","","","","","","","","","","","","","","","","","","","","","","","","","","","","","","","","","","","15","Subject","Source","","","","","","","","","","","","","","","","","","","","","","","","","","","","","","","","","","","","","","","","","","","Cancel","Skip","Add","Schedule","Send Back","Delegate","View Details","Submit","Decline","Sign-off","Initiate","Successful","Unsuccessful","Submit and Send Email","Reschedule","Save as draft","Update","Submit for Review","Active"
"Separation Workflow Consultants 2025","WF_24","R4","Admin Clearance Form ","Workflow Task","FM-63_3","Data Collection - Forms","","Administration","","","","","","","","","","","","Effective Date","After","","","","","","","","","","","","","","","","","","","","","","","","","","","","","","","","","","","","15","Subject","Source","","","","","","","","","","","","","","","","","","","","","","","","","","","","","","","","","","","","","","","","","","","Cancel","Skip","Add","Schedule","Send Back","Delegate","View Details","Submit","Decline","Sign-off","Initiate","Successful","Unsuccessful","Submit and Send Email","Reschedule","Save as draft","Update","Submit for Review","Active"
"Separation Workflow Consultants 2025","WF_24","R5","Finance Clearance Form ","Workflow Task","Dropdown","Data Collection - Forms","","Accounts - Payroll","","","","","","","","","","","","Evaluation of Condition","After","","1,2,3,4","","","","","","","","","","","","","","","","","","","","","","","","","","","","","","","","","","15","Subject","Source","","","","","","","","","","","","","","","","","","","","","","","","","","","","","","","","","","","","","","","","","","","Cancel","Skip","Add","Schedule","Send Back","Delegate","View Details","Submit","Decline","Sign-off","Initiate","Successful","Unsuccessful","Submit and Send Email","Reschedule","Save as draft","Update","Submit for Review","Active"
"Separation Workflow Consultants 2025","WF_24","R6","HR Letter","Workflow Task","Experience Letter Form","Data Collection - Forms","","HR Team","","","","","","","","","","","","Evaluation of Condition","After","","1,2,3,4","","","","","","","","","","","","","","","","","","","","","","","","","","","","","","","","","","15","Subject","Source","","","","","","","","","","","","","","","","","","","","","","","","","","","","","","","","","","","","","","","","","","","Cancel","Skip","Add","Schedule","Send Back","Delegate","View Details","Submit","Decline","Sign-off","Initiate","Successful","Unsuccessful","Submit and Send Email","Reschedule","Save as draft","Update","Submit for Review","Active"
"Separation Workflow Consultants 2025","WF_24","R7","Experience Letter","Workflow Task","CUST_NOTF_37","Document Generation","","Self","","","","","","","","","","","","Evaluation of Condition","After","","6","","1","","","","","","","","","","","","","","","","","","","","","","","","","","","","","","","","15","Subject","Source","","","","","","","","","","","","","","","","","","","","","","","","","","","","","","","","","","","","","","","","","","","Cancel","Skip","Add","Schedule","Send Back","Delegate","View Details","Submit","Decline","Sign-off","Initiate","Successful","Unsuccessful","Submit and Send Email","Reschedule","Save as draft","Update","Submit for Review","Active"
"Separation Workflow Consultants 2025","WF_24","R8","Exit Interview Form ","Workflow Task","FM-63_12","Data Collection - Forms","","Self","","","","","","","","","","","","Effective Date","After","","","","","","","","","","","","","","","","","","","","","","","","","","","","","","","","","","","","15","Subject","Source","","","","","","","","","","","","","","","","","","","","","","","","","","","","","","","","","","","","","","","","","","","Cancel","Skip","Add","Schedule","Send Back","Delegate","View Details","Submit","Decline","Sign-off","Initiate","Successful","Unsuccessful","Submit and Send Email","Reschedule","Save as draft","Update","Submit for Review","Active"
"Separation Workflow Consultants 2025","WF_24","R9","NDA Acknowledgement","Workflow Task","FM-63_7","Data Collection - Forms","","HR Team","","","","","","","","","","","","Effective Date","After","","","","","","","","","","","","","","","","","","","","","","","","","","","","","","","","","","","","15","Subject","Source","","","","","","","","","","","","","","","","","","","","","","","","","","","","","","","","","","","","","","","","","","","Cancel","Skip","Add","Schedule","Send Back","Delegate","View Details","Submit","Decline","Sign-off","Initiate","Successful","Unsuccessful","Submit and Send Email","Reschedule","Save as draft","Update","Submit for Review","Active"
"Separation Workflow Consultants 2025","WF_24","R10","IT Clearance Form ","Workflow Task","FM-63_2","Data Collection - Forms","","IT Admin","","","","","","","","","","","","Effective Date","After","","","","","","","","","","","","","","","","","","","","","","","","","","","","","","","","","","","","15","Subject","Source","","","","","","","","","","","","","","","","","","","","","","","","","","","","","","","","","","","","","","","","","","","Cancel","Skip","Add","Schedule","Send Back","Delegate","View Details","Submit","Decline","Sign-off","Initiate","Successful","Unsuccessful","Submit and Send Email","Reschedule","Save as draft","Update","Submit for Review","Active"
"Separation Workflow Consultants 2025","WF_24","R11","Insurance Deletion","Workflow Task","Dropdown","Data Collection - Forms","","Insurance Deletion|Health Insurance Approval","","","","","","","","","","","","Effective Date","After","","","","","","","","","","","","","","","","","","","","","","","","","","","","","","","","","","","","15","Subject","Source","","","","","","","","","","","","","","","","","","","","","","","","","","","","","","","","","","","","","","","","","","","Cancel","Skip","Add","Schedule","Send Back","Delegate","View Details","Submit","Decline","Sign-off","Initiate","Successful","Unsuccessful","Submit and Send Email","Reschedule","Save as draft","Update","Submit for Review","Active"
"Separation Workflow Consultants 2025","WF_24","R12","Email Notification for completion of Workflow task","Workflow Task","CUST_NOTF_6","Notification","","Manager|Employee direct HRBP|IT Admin|HR Team","","","","","","","","","","","","Effective Date","Before","","2","","","","","","","","","","","","","","","","","","","","","","","","","","","","","","","","","","15","Subject","Source","","","","","","","","","","","","","","","","","","","","","","","","","","","","","","","","","","","","","","","","","","","Cancel","Skip","Add","Schedule","Send Back","Delegate","View Details","Submit","Decline","Sign-off","Initiate","Successful","Unsuccessful","Submit and Send Email","Reschedule","Save as draft","Update","Submit for Review","Active"
"Separation Workflow Consultants 2025","WF_24","R13","IT Worflow completion Task","Workflow Task","CUST_NOTF_7","Notification","","IT Admin","","","","","","","","","","","","Evaluation of Condition","After","","10","","","","","","","","","","","","","","","","","","","","","","","","","","","","","","","","","","15","Subject","Source","","","","","","","","","","","","","","","","","","","","","","","","","","","","","","","","","","","","","","","","","","","Cancel","Skip","Add","Schedule","Send Back","Delegate","View Details","Submit","Decline","Sign-off","Initiate","Successful","Unsuccessful","Submit and Send Email","Reschedule","Save as draft","Update","Submit for Review","Active"
"Separation Workflow Consultants 2025","WF_24","R14","HR Worflow completion Task","Workflow Task","CUST_NOTF_7","Notification","","HR Team","","","","","","","","","","","","Evaluation of Condition","After","","6","","","","","","","","","","","","","","","","","","","","","","","","","","","","","","","","","","15","Subject","Source","","","","","","","","","","","","","","","","","","","","","","","","","","","","","","","","","","","","","","","","","","","Cancel","Skip","Add","Schedule","Send Back","Delegate","View Details","Submit","Decline","Sign-off","Initiate","Successful","Unsuccessful","Submit and Send Email","Reschedule","Save as draft","Update","Submit for Review","Active"
"Separation Workflow Consultants 2025","WF_24","R15"," Accounts Worflow completion Task","Workflow Task","CUST_NOTF_7","Notification","","Accounts - Payroll","","","","","","","","","","","","Evaluation of Condition","After","","1","","","","","","","","","","","","","","","","","","","","","","","","","","","","","","","","","","15","Subject","Source","","","","","","","","","","","","","","","","","","","","","","","","","","","","","","","","","","","","","","","","","","","Cancel","Skip","Add","Schedule","Send Back","Delegate","View Details","Submit","Decline","Sign-off","Initiate","Successful","Unsuccessful","Submit and Send Email","Reschedule","Save as draft","Update","Submit for Review","Active"
"Separation Workflow Consultants 2025","WF_24","R16","Relieving Letter","Workflow Task","CUST_NOTF_12","Document Generation","","Self","","","","","","","","","","","","Evaluation of Condition","After","","6","","1","","","","","","","","","","","","","","","","","","","","","","","","","","","","","","","","15","Subject","Source","","","","","","","","","","","","","","","","","","","","","","","","","","","","","","","","","","","","","","","","","","","Cancel","Skip","Add","Schedule","Send Back","Delegate","View Details","Submit","Decline","Sign-off","Initiate","Successful","Unsuccessful","Submit and Send Email","Reschedule","Save as draft","Update","Submit for Review","Active"
"Separation Workflow Consultants 2025","WF_24","R17","Reminder for last working day","Workflow Task","CUST_NOTF_34","Notification","","Manager|IT Admin|HR Team","","","","","","","","","","","","Effective Date","Before","","2","","","","","","","","","","","","","","","","","","","","","","","","","","","","","","","","","","15","Subject","Source","","","","","","","","","","","","","","","","","","","","","","","","","","","","","","","","","","","","","","","","","","","Cancel","Skip","Add","Schedule","Send Back","Delegate","View Details","Submit","Decline","Sign-off","Initiate","Successful","Unsuccessful","Submit and Send Email","Reschedule","Save as draft","Update","Submit for Review","Active"
"ONB Onboarding Workflow","WF_25","R1","New Employee Joining trigger","Workflow Task","CUST_NOTF_99","Notification","","Administration","","","","","","","","","SLA_WF_1","","","Date of Joining","Before","2","2","","","","","","","","","","","","","","","","","","","","","","","","","","","","","","","","","","15","Subject","Source","","","","","","","","","","","","","","","","","","","","","","","","","","","","","","","","","","","","","","","","","","","","","","","","","","","","","","","","","","","","","Active"
"ONB Onboarding Workflow","WF_25","R2","New Employee Joining trigger","Workflow Task","CUST_NOTF_99","Notification","","IT Admin","","","","","","","","","SLA_WF_1","","","Date of Joining","Before","2","2","","","","","","","","","","","","","","","","","","","","","","","","","","","","","","","","","","15","Subject","Source","","","","","","","","","","","","","","","","","","","","","","","","","","","","","","","","","","","","","","","","","","","","","","","","","","","","","","","","","","","","","Active"
"ONB Onboarding Workflow","WF_25","R3","Employee Onboarding Initiation","Workflow Task","CUST_NOTF_99","Notification","","Employee direct HRBP","","","","","","","","","SLA_WF_1","","","Date of Joining","Before","2","2","","","","","","","","","","","","","","","","","","","","","","","","","","","","","","","","","","15","Subject","Source","","","","","","","","","","","","","","","","","","","","","","","","","","","","","","","","","","","","","","","","","","","","","","","","","","","","","","","","","","","","","Active"
"ONB Onboarding Workflow","WF_25","R4","Employee Onboarding Initiation","Workflow Task","CUST_NOTF_100","Notification","","Employee direct HRBP","","","","","","","","","SLA_WF_1","","","Date of Activation","After","","","","","","","","","","","","","","","","","","","","","","","","","","","","","","","","","","","","15","Subject","Source","","","","","","","","","","","","","","","","","","","","","","","","","","","","","","","","","","","","","","","","","","","","","","","","","","","","","","","","","","","","","Active"
"ONB Onboarding Workflow","WF_25","R5","HR Induction","Workflow Task","HR Induction1777965271","Data Collection - Forms","","HR Induction","","","","","","","","","SLA_WF_1","","","Date of Activation","After","","","","","","","","","","","","","","","","","","","","","","","","","","","","","","","","","","","","15","Subject","Source","","","","","","","","","","","","","","","","","","","","","","","","","","","","","","","","","","","","","","","","","","","","","","","","","","","","","","","","","","","","","Active"
"ONB Onboarding Workflow","WF_25","R6","IT Induction","Workflow Task","","Data Collection - Forms","","IT Induction","","","","","","","","","SLA_WF_1","","","Date of Activation","After","","","","","","","","","","","","","","","","","","","","","","","","","","","","","","","","","","","","15","Subject","Source","","","","","","","","","","","","","","","","","","","","","","","","","","","","","","","","","","","","","","","","","","","","","","","","","","","","","","","","","","","","","Active"
"ONB Onboarding Workflow","WF_25","R7","Manager Induction Checklist","Workflow Task","Manager Induction1777965273","Data Collection - Forms","","Manager","","","","","","","","","SLA_WF_1","","","Date of Activation","After","","","","","","","","","","","","","","","","","","","","","","","","","","","","","","","","","","","","15","Subject","Source","","","","","","","","","","","","","","","","","","","","","","","","","","","","","","","","","","","","","","","","","","","","","","","","","","","","","","","","","","","","","Active"
"ONB Onboarding Workflow","WF_25","R8","Employee Activation","Workflow Task","CUST_NOTF_101","Notification","","Self","","","","","","","","","SLA_WF_1","","","Date of Activation","After","","","","","","","Employee direct HRBP","","","","","","","","","","","","","","","","","","","","","","","","","","","","","15","Subject","Source","","","","","","","","","","","","","","","","","","","","","","","","","","","","","","","","","","","","","","","","","","","","","","","","","","","","","","","","","","","","","Active"
"ONB Onboarding Workflow","WF_25","R9","BGV","Workflow Task","External BGV1777965275","Data Collection - Forms","","HR Team","","","","","","","","","SLA_WF_1","","","Date of Activation","After","","","","","","","","","","","","","","","","","","","","","","","","","","","","","","","","","","","","15","Subject","Source","","","","","","","","","","","","","","","","","","","","","","","","","","","","","","","","","","","","","","","","","","","","","","","","","","","","","","","","","","","","","Active"
"ONB Onboarding Workflow","WF_25","R10","Finance Team Notification","Workflow Task","CUST_NOTF_102","Notification","","Accounts - Payroll","","","","","","","","","SLA_WF_1","","","Date of Activation","After","","","","","","","Employee direct HRBP","","","","","","","","","","","","","","","","","","","","","","","","","","","","","15","Subject","Source","","","","","","","","","","","","","","","","","","","","","","","","","","","","","","","","","","","","","","","","","","","","","","","","","","","","","","","","","","","","","Active"
"ONB Onboarding Workflow","WF_25","R11","Admin Task","Workflow Task","Admin Form1777965269","Data Collection - Forms","","Administration","","","","","","","","","SLA_WF_1","","","Date of Activation","Before","","","","","","","","","","","","","","","","","","","","","","","","","","","","","","","","","","","","15","Subject","Source","","","","","","","","","","","","","","","","","","","","","","","","","","","","","","","","","","","","","","","","","","","","","","","","","","","","","","","","","","","","","Active"
"ONB Onboarding Workflow","WF_25","R12","Intimation on Goal Setting","Workflow Task","CUST_NOTF_103","Notification","","Manager","","","","","","","","","SLA_WF_1","","","Date of Activation","After","15","15","","","","","","","","","","","","","","","","","","","","","","","","","","","","","","","","","","15","Subject","Source","","","","","","","","","","","","","","","","","","","","","","","","","","","","","","","","","","","","","","","","","","","","","","","","","","","","","","","","","","","","","Active"
